->       1      12       3       3                                 <-   
SIGNATURE                                                                       
         4         4         4
L_MULTICOMPO
->       1      12       0      -1                                 <-   
SOLIDE                                                                          
->       2      12       3      20                                 <-   
COMMENT                                                                         
         4         4         4         4         4         4         4         4
         4         4         4         4         4         4         4         4
         4         4         4         4
solid Assembly                                                                  
->       2      12       0      -1                                 <-   
GLOBAL                                                                          
->       3      12       3       9                                 <-   
PARKEY                                                                          
         4         4         4         4         4         4         4         4
         4
TCA         DCA         LEGO        
->       3      12       3       3                                 <-   
PARTYP                                                                          
         4         4         4
TEMPVALUVALU
->       3      12       3       6                                 <-   
PARFMT                                                                          
         4         4         4         4         4         4
REAL    REAL    STRING  
->       3      12       1       4                                 <-   
PARCAD                                                                          
         1         1         1         1
->       3      12       1       4                                 <-   
PARPAD                                                                          
         1         2         2         2
->       3      12       1       1                                 <-   
PARMIL                                                                          
         1
->       3      12       3       3                                 <-   
PARBIB                                                                          
         4         4         4
MICROLIB    
->       3      12       2       2                                 <-   
pval00000002                                                                    
  3.34050623E-03  3.34050626E-01
->       3      12       1       3                                 <-   
NVALUE                                                                          
         1         2        13
->       3      12       3      39                                 <-   
pval00000003                                                                    
         4         4         4         4         4         4         4         4
         4         4         4         4         4         4         4         4
         4         4         4         4         4         4         4         4
         4         4         4         4         4         4         4         4
         4         4         4         4         4         4         4
COSU        COIN        COSV        ARRE        ARSV        REPN        REFS    
    PRNL        PRNS        PLPb        BCHN        VSXP        CALE        
->       3      12       2       1                                 <-   
pval00000001                                                                    
  7.13160034E+02
->      -3       0       0       0                                 <-   
->       2      12       1      40                                 <-   
STATE-VECTOR                                                                    
         1        33        26        35         3         0         0         1
         0         1         0      2006         0         0         0         0
         0         0         0         0         0         0         0         0
         0         0         0         0         0         0         0         0
         0         0         0         0         0         0         0         0
->       2      12      10       1                                 <-   
MIXTURES                                                                        
->       3       0       0      -1                                 <-   00000001
->       4      12      10      35                                 <-   
CALCULATIONS                                                                    
->       5       0       0      -1                                 <-   00000001
->       6      12      10       1                                 <-   
ISOTOPESLIST                                                                    
->       7       0       0      -1                                 <-   00000001
->       8      12       3       3                                 <-   
ALIAS                                                                           
         4         4         4
*MAC*RES0001
->       8      12       2       1                                 <-   
AWR                                                                             
  2.91581059E+01
->       8      12       2      33                                 <-   
NWT0                                                                            
  3.52748702E-06  5.13997365E-05  3.01752705E-04  3.70294740E-03  1.69462394E-02
  3.31717730E-02  7.17066079E-02  6.45317808E-02  6.71565309E-02  6.31275624E-02
  5.32979220E-02  4.44836132E-02  3.03479861E-02  2.64868252E-02  1.78037621E-02
  9.28651355E-03  6.93445373E-03  4.10119025E-03  2.34123855E-03  1.05509302E-03
  5.26947901E-04  1.72214292E-04  1.34459406E-04  2.12567702E-05  4.08779078E-06
  1.82911208E-06  2.81016469E-07  4.02183815E-08  4.55997951E-09  6.12350004E-10
  1.30071828E-10  4.44453918E-11  3.09286208E-11
->       8      12       2      33                                 <-   
NTOT0                                                                           
  8.18697095E-01  9.30297434E-01  1.18024909E+00  1.16830325E+00  9.26491916E-01
  8.75076473E-01  9.04592216E-01  1.15129161E+00  1.34804273E+00  1.57894552E+00
  2.06491780E+00  1.73229432E+00  1.93654215E+00  1.86968243E+00  1.96449411E+00
  2.17635369E+00  2.13128018E+00  2.18090391E+00  2.20017433E+00  2.32337546E+00
  2.42832756E+00  2.71888137E+00  2.77976394E+00  3.09761357E+00  3.36275434E+00
  3.65278649E+00  4.19622374E+00  4.88802481E+00  5.73824167E+00  6.90135860E+00
  1.01468143E+01  3.64724236E+01  5.31108208E+01
->       8      12       2      33                                 <-   
NG                                                                              
  2.45849369E-04  1.18851851E-04  1.04866303E-04  1.77093127E-04  1.35546376E-04
  1.92214909E-04  4.10923618E-04  2.65265873E-04  2.08114085E-04  4.66950354E-04
  5.58561354E-04  3.27671354E-04  5.13656531E-04  3.34686978E-04  5.41745394E-04
  6.49919442E-04  4.58771246E-04  4.50700289E-04  1.10596966E-03  8.61925259E-03
  8.02918221E-04  3.14000645E-03  1.25082466E-03  2.52916384E-03  1.70625339E-03
  4.15447727E-03  2.42334115E-03  3.07226926E-03  4.19415254E-03  5.18970191E-03
  8.60760454E-03  3.62645909E-02  5.37304990E-02
->       8      12       2      33                                 <-   
N2N                                                                             
  2.37002492E-01  1.70004461E-02  0.00000000E+00  0.00000000E+00  0.00000000E+00
  0.00000000E+00  0.00000000E+00  0.00000000E+00  0.00000000E+00  0.00000000E+00
  0.00000000E+00  0.00000000E+00  0.00000000E+00  0.00000000E+00  0.00000000E+00
  0.00000000E+00  0.00000000E+00  0.00000000E+00  0.00000000E+00  0.00000000E+00
  0.00000000E+00  0.00000000E+00  0.00000000E+00  0.00000000E+00  0.00000000E+00
  0.00000000E+00  0.00000000E+00  0.00000000E+00  0.00000000E+00  0.00000000E+00
  0.00000000E+00  0.00000000E+00  0.00000000E+00
->       8      12       2      33                                 <-   
N3N                                                                             
  5.87752729E-04  0.00000000E+00  0.00000000E+00  0.00000000E+00  0.00000000E+00
  0.00000000E+00  0.00000000E+00  0.00000000E+00  0.00000000E+00  0.00000000E+00
  0.00000000E+00  0.00000000E+00  0.00000000E+00  0.00000000E+00  0.00000000E+00
  0.00000000E+00  0.00000000E+00  0.00000000E+00  0.00000000E+00  0.00000000E+00
  0.00000000E+00  0.00000000E+00  0.00000000E+00  0.00000000E+00  0.00000000E+00
  0.00000000E+00  0.00000000E+00  0.00000000E+00  0.00000000E+00  0.00000000E+00
  0.00000000E+00  0.00000000E+00  0.00000000E+00
->       8      12       2      33                                 <-   
NA                                                                              
  2.43041688E-03  2.50534643E-03  5.58763742E-03  6.66418765E-03  8.16410501E-03
  4.98110335E-03  1.13178119E-02  1.88410878E-02  2.69263629E-02  3.62838954E-02
  4.47911993E-02  5.53895682E-02  7.01644346E-02  8.91020298E-02  1.14829719E-01
  1.49337932E-01  1.91310197E-01  2.45531961E-01  3.17097813E-01  4.08744305E-01
  5.23319483E-01  6.56131327E-01  8.46655667E-01  1.16682971E+00  1.43548036E+00
  1.71870124E+00  2.26518083E+00  2.95531440E+00  3.80381656E+00  4.96551943E+00
  8.20698929E+00  3.44990540E+01  5.11123390E+01
->       8      12       2      33                                 <-   
NP                                                                              
  4.45904117E-03  3.18229175E-03  1.56242633E-03  7.06534949E-04  2.45644827E-04
  3.67701250E-05  4.55647523E-06  1.04332457E-06  3.18415630E-07  1.03934433E-07
  4.78182116E-08  3.16222071E-08  3.17359188E-08  3.48391396E-08  3.83750240E-08
  4.23900950E-08  4.65502517E-08  5.11643066E-08  5.63769014E-08  6.35009485E-08
  7.97406372E-08  9.96318335E-08  1.28101377E-07  1.75867854E-07  2.15912053E-07
  2.58039819E-07  3.39140627E-07  4.41290098E-07  5.66554490E-07  7.37854407E-07
  1.21462222E-06  5.08685389E-06  7.53568884E-06
->       8      12       2      33                                 <-   
N2A                                                                             
  1.65174135E-12  0.00000000E+00  0.00000000E+00  0.00000000E+00  0.00000000E+00
  0.00000000E+00  0.00000000E+00  0.00000000E+00  0.00000000E+00  0.00000000E+00
  0.00000000E+00  0.00000000E+00  0.00000000E+00  0.00000000E+00  0.00000000E+00
  0.00000000E+00  0.00000000E+00  0.00000000E+00  0.00000000E+00  0.00000000E+00
  0.00000000E+00  0.00000000E+00  0.00000000E+00  0.00000000E+00  0.00000000E+00
  0.00000000E+00  0.00000000E+00  0.00000000E+00  0.00000000E+00  0.00000000E+00
  0.00000000E+00  0.00000000E+00  0.00000000E+00
->       8      12       2      33                                 <-   
NNP                                                                             
  6.17521990E-04  1.02542856E-07  0.00000000E+00  0.00000000E+00  0.00000000E+00
  0.00000000E+00  0.00000000E+00  0.00000000E+00  0.00000000E+00  0.00000000E+00
  0.00000000E+00  0.00000000E+00  0.00000000E+00  0.00000000E+00  0.00000000E+00
  0.00000000E+00  0.00000000E+00  0.00000000E+00  0.00000000E+00  0.00000000E+00
  0.00000000E+00  0.00000000E+00  0.00000000E+00  0.00000000E+00  0.00000000E+00
  0.00000000E+00  0.00000000E+00  0.00000000E+00  0.00000000E+00  0.00000000E+00
  0.00000000E+00  0.00000000E+00  0.00000000E+00
->       8      12       2      33                                 <-   
ND                                                                              
  8.20763235E-04  7.05137791E-04  3.66526547E-05  0.00000000E+00  0.00000000E+00
  0.00000000E+00  0.00000000E+00  0.00000000E+00  0.00000000E+00  0.00000000E+00
  0.00000000E+00  0.00000000E+00  0.00000000E+00  0.00000000E+00  0.00000000E+00
  0.00000000E+00  0.00000000E+00  0.00000000E+00  0.00000000E+00  0.00000000E+00
  0.00000000E+00  0.00000000E+00  0.00000000E+00  0.00000000E+00  0.00000000E+00
  0.00000000E+00  0.00000000E+00  0.00000000E+00  0.00000000E+00  0.00000000E+00
  0.00000000E+00  0.00000000E+00  0.00000000E+00
->       8      12       2      33                                 <-   
NT                                                                              
  5.52141901E-05  1.87226680E-16  0.00000000E+00  0.00000000E+00  0.00000000E+00
  0.00000000E+00  0.00000000E+00  0.00000000E+00  0.00000000E+00  0.00000000E+00
  0.00000000E+00  0.00000000E+00  0.00000000E+00  0.00000000E+00  0.00000000E+00
  0.00000000E+00  0.00000000E+00  0.00000000E+00  0.00000000E+00  0.00000000E+00
  0.00000000E+00  0.00000000E+00  0.00000000E+00  0.00000000E+00  0.00000000E+00
  0.00000000E+00  0.00000000E+00  0.00000000E+00  0.00000000E+00  0.00000000E+00
  0.00000000E+00  0.00000000E+00  0.00000000E+00
->       8      12       2      33                                 <-   
H-FACTOR                                                                        
  1.73537516E-16  9.05770381E-17  9.09948371E-17  1.54946294E-16  1.35940635E-16
  1.85398638E-16  3.44408520E-16  2.72542936E-16  2.66231349E-16  4.57376457E-16
  5.82015608E-16  4.18322706E-16  6.77285215E-16  4.53724421E-16  7.67005592E-16
  9.74031668E-16  6.68888154E-16  6.32727312E-16  1.50787852E-15  1.07666900E-14
  1.06718369E-15  4.64188412E-15  1.80632952E-15  3.12577075E-15  2.37138796E-15
  5.95556954E-15  3.36551410E-15  4.25295073E-15  5.70161509E-15  7.17521356E-15
  1.18962406E-14  5.01141893E-14  7.42527106E-14
->       8      12       2      33                                 <-   
OVERV                                                                           
  2.13685278E-10  2.69829770E-10  3.46190299E-10  4.48741960E-10  5.59158164E-10
  7.15134396E-10  9.18381149E-10  1.16733001E-09  1.49150103E-09  1.92242844E-09
  2.46726639E-09  3.14973092E-09  4.04436218E-09  5.15187004E-09  6.62181154E-09
  8.57731308E-09  1.09386180E-08  1.39812109E-08  1.79860855E-08  2.31101964E-08
  2.95196365E-08  3.69413229E-08  4.75853241E-08  6.54796040E-08  8.05108940E-08
  9.63482734E-08  1.26877367E-07  1.65426613E-07  2.12786304E-07  2.77675355E-07
  4.58821944E-07  1.92163043E-06  2.85520628E-06
->       8      12       2      33                                 <-   
STRD                                                                            
  4.52441543E-01  4.76947844E-01  5.75795352E-01  7.42471159E-01  7.13512242E-01
  7.26456881E-01  7.40004897E-01  9.19544220E-01  1.20225334E+00  1.46101916E+00
  1.89498997E+00  1.67237556E+00  1.80747163E+00  1.79360759E+00  1.88787258E+00
  2.05017924E+00  1.97908008E+00  2.00417066E+00  1.98076510E+00  2.03066683E+00
  2.02101684E+00  2.10572553E+00  2.09535408E+00  2.11927128E+00  2.15808225E+00
  2.21856356E+00  2.19980407E+00  2.36822987E+00  2.14544129E+00  2.32577300E+00
  2.10661292E+00  3.06387329E+00  2.98554993E+00
->       8      12       2      33                                 <-   
SIGS00                                                                          
  1.04370153E+00  9.37134862E-01  1.16955495E+00  1.15975261E+00  9.17260587E-01
  8.69856238E-01  8.92857850E-01  1.13218248E+00  1.32090688E+00  1.54219341E+00
  2.01956701E+00  1.67657745E+00  1.86586332E+00  1.78024554E+00  1.84912312E+00
  2.02636433E+00  1.93951082E+00  1.93492150E+00  1.88197029E+00  1.90601087E+00
  1.90420270E+00  2.05960822E+00  1.93185699E+00  1.92825162E+00  1.92556453E+00
  1.92992795E+00  1.92861640E+00  1.92963278E+00  1.93022251E+00  1.93063748E+00
  1.93119800E+00  1.93703187E+00  1.94464111E+00
->       8      12       1      33                                 <-   
NJJS00                                                                          
         1         2         3         4         5         6         7         8
         9        10        11        12        13        14        15        16
        17        18        19        20        21        22        23        24
        25        26        27        28        29        31        33        33
        33
->       8      12       1      33                                 <-   
IJJS00                                                                          
         1         2         3         4         5         6         7         8
         9        10        11        12        13        14        15        16
        17        18        19        20        21        22        23        24
        25        26        27        28        29        31        33        33
        33
->       8      12       2     565                                 <-   
SCAT00                                                                          
  3.98621500E-01  5.10499954E-01  4.95003760E-02  8.52677345E-01  4.94818576E-02
  6.14174940E-02  1.04054272E+00  5.98961785E-02  8.58560279E-02  1.15246356E-01
  8.44005704E-01  8.72465894E-02  6.17475845E-02  1.18963115E-01  1.48922861E-01
  8.03085804E-01  6.32450208E-02  8.52544606E-03  8.30149874E-02  7.90790915E-02
  1.17735662E-01  8.29070747E-01  6.11316115E-02  7.48736598E-03  8.41464940E-03
  5.25210761E-02  4.72515188E-02  7.52490684E-02  1.04626226E+00  6.36412278E-02
  1.87994423E-03  1.44389423E-03  6.67903665E-03  3.09741162E-02  2.47204695E-02
  4.04348187E-02  1.23458159E+00  8.58284310E-02  7.17618095E-05  1.93832337E-03
  5.24944975E-04  4.19471180E-03  1.62660722E-02  1.16838170E-02  1.93387717E-02
  1.45256150E+00  8.62619504E-02  4.31621484E-05  5.28390919E-05  1.03738543E-03
  2.99728679E-04  2.56223255E-03  6.87813433E-03  5.21794008E-03  8.95791501E-03
  1.92698741E+00  8.96074846E-02  4.47861094E-05  2.54766273E-05  1.02389167E-05
  4.26650309E-04  1.40233111E-04  9.85703431E-04  3.14767216E-03  2.36006733E-03
  4.27099597E-03  1.58791971E+00  9.25716236E-02  1.09447019E-05  1.74276192E-05
  1.10289548E-05  5.62058312E-06  1.72795160E-04  6.31933071E-05  3.71533999E-04
  1.40624330E-03  1.04898040E-03  2.03874079E-03  1.75904548E+00  8.86544585E-02
  4.72223655E-06  8.86263661E-06  5.31388764E-07  6.83446251E-06  2.44859120E-06
  5.22504597E-05  2.79487085E-05  1.42543751E-04  6.00385130E-04  5.01059694E-04
  1.00850814E-03  1.68715155E+00  1.06514208E-01  2.93115500E-06  1.86704006E-06
  2.90642606E-06  1.79336752E-07  3.26618670E-06  1.45237777E-06  2.97232546E-05
  1.25720544E-05  5.49562901E-05  2.51014048E-04  2.42962240E-04  5.03837771E-04
  1.76597023E+00  9.24941376E-02  3.03448585E-04  0.00000000E+00  8.91958052E-07
  1.16091928E-06  7.67000756E-08  1.24842927E-06  7.59201896E-07  6.15342069E-05
  5.46913134E-06  2.05222041E-05  1.02156606E-04  1.16739735E-04  2.62209127E-04
  1.92439187E+00  8.31513405E-02  3.27774091E-04  0.00000000E+00  0.00000000E+00
  3.68363828E-07  4.75054208E-07  3.01148901E-08  5.05626815E-07  3.53074341E-07
  2.95088830E-05  2.35257039E-06  7.68881182E-06  4.27166451E-05  5.85453163E-05
  1.17658914E-04  1.85113215E+00  1.01972923E-01  0.00000000E+00  1.71116902E-04
  0.00000000E+00  0.00000000E+00  1.41236441E-07  1.78804910E-07  1.12397549E-08
  1.88839692E-07  1.77537729E-07  6.80228231E-06  1.17878005E-06  2.89094669E-06
  1.71367537E-05  2.82208657E-05  4.58125614E-05  1.85023534E+00  8.83780718E-02
  0.00000000E+00  0.00000000E+00  6.41908264E-05  0.00000000E+00  0.00000000E+00
  5.27939648E-08  6.67976749E-08  4.17541779E-09  7.01826792E-08  9.26183006E-08
  2.85847295E-06  6.60511944E-07  1.09072437E-06  6.92446656E-06  1.29574346E-05
  1.76902922E-05  1.80038047E+00  8.46860111E-02  0.00000000E+00  0.00000000E+00
  0.00000000E+00  2.42055030E-05  0.00000000E+00  0.00000000E+00  6.74460932E-09
  2.51790766E-08  1.54756197E-09  2.61218869E-08  4.65656953E-08  1.00752732E-06
  3.56399482E-07  4.16916720E-07  2.83240320E-06  5.84028248E-06  6.74981902E-06
  1.82345450E+00  8.15893188E-02  0.00000000E+00  0.00000000E+00  0.00000000E+00
  0.00000000E+00  8.16065494E-06  0.00000000E+00  0.00000000E+00  0.00000000E+00
  1.03058486E-08  5.73331160E-10  9.76372583E-09  2.18757901E-08  1.27560853E-07
  1.80582717E-07  1.63366678E-07  1.21390315E-06  2.68704503E-06  2.58013938E-06
  1.82790458E+00  8.25563371E-02  0.00000000E+00  0.00000000E+00  0.00000000E+00
  0.00000000E+00  0.00000000E+00  3.08577273E-06  0.00000000E+00  0.00000000E+00
  0.00000000E+00  4.09082812E-09  2.12669049E-10  3.67922426E-09  9.59786561E-09
  3.88442700E-08  8.43288390E-08  6.60342323E-08  5.60403578E-07  1.34567529E-06
  9.96746621E-07  1.94414771E+00  7.62972385E-02  0.00000000E+00  0.00000000E+00
  0.00000000E+00  0.00000000E+00  0.00000000E+00  4.97319149E-07  7.12218707E-07
  0.00000000E+00  0.00000000E+00  0.00000000E+00  1.33023637E-09  6.88757940E-11
  1.22339483E-09  3.55281959E-09  1.33979636E-08  3.32402266E-08  2.38513991E-08
  2.37787461E-07  6.94892321E-07  3.37740488E-07  1.89677775E+00  1.15461029E-01
  1.14489296E-06  0.00000000E+00  0.00000000E+00  0.00000000E+00  0.00000000E+00
  0.00000000E+00  1.04560161E-06  1.57717501E-08  0.00000000E+00  0.00000000E+00
  0.00000000E+00  8.48473181E-10  4.36424369E-11  8.02926836E-10  2.53130272E-09
  9.36338651E-09  2.73310583E-08  1.77037940E-08  2.12873857E-07  6.39308610E-07
  2.26000552E-07  1.86178911E+00  3.50794941E-02  0.00000000E+00  0.00000000E+00
  0.00000000E+00  0.00000000E+00  0.00000000E+00  0.00000000E+00  0.00000000E+00
  2.10678536E-07  0.00000000E+00  0.00000000E+00  0.00000000E+00  0.00000000E+00
  1.73693226E-10  8.74432644E-12  1.74033690E-10  6.05252071E-10  2.23640173E-09
  7.72433051E-09  4.34887415E-09  6.46354792E-08  1.59974576E-07  4.91776788E-08
  1.79675996E+00  6.52474388E-02  0.00000000E+00  0.00000000E+00  0.00000000E+00
  0.00000000E+00  0.00000000E+00  0.00000000E+00  0.00000000E+00  0.00000000E+00
  5.89347664E-08  0.00000000E+00  0.00000000E+00  0.00000000E+00  0.00000000E+00
  4.97058610E-11  2.54690409E-12  5.38403835E-11  1.99382191E-10  7.16536830E-10
  2.82168688E-09  1.39083045E-09  2.26336478E-08  4.95841910E-08  1.49642307E-08
  1.88497341E+00  1.28805220E-01  1.21555198E-03  0.00000000E+00  0.00000000E+00
  0.00000000E+00  0.00000000E+00  0.00000000E+00  0.00000000E+00  0.00000000E+00
  0.00000000E+00  4.70806718E-08  0.00000000E+00  0.00000000E+00  0.00000000E+00
  0.00000000E+00  4.16480357E-11  2.08659370E-12  4.86196257E-11  1.90448893E-10
  6.82773671E-10  2.90047453E-09  1.40967960E-09  2.19001546E-08  4.24566871E-08
  1.32686075E-08  1.88110292E+00  4.49539796E-02  0.00000000E+00  0.00000000E+00
  0.00000000E+00  0.00000000E+00  0.00000000E+00  0.00000000E+00  0.00000000E+00
  0.00000000E+00  0.00000000E+00  0.00000000E+00  1.76741537E-08  0.00000000E+00
  0.00000000E+00  0.00000000E+00  0.00000000E+00  1.73433976E-11  8.37425994E-13
  2.24975542E-11  9.48228579E-11  3.11944748E-10  1.45476053E-09  7.37373718E-10
  1.06911386E-08  1.77762711E-08  6.01432903E-09  1.88683844E+00  4.75139096E-02
  0.00000000E+00  0.00000000E+00  0.00000000E+00  0.00000000E+00  0.00000000E+00
  0.00000000E+00  0.00000000E+00  0.00000000E+00  0.00000000E+00  0.00000000E+00
  0.00000000E+00  5.38689893E-09  0.00000000E+00  0.00000000E+00  0.00000000E+00
  0.00000000E+00  6.06724133E-12  2.47559162E-13  7.95975352E-12  3.86095912E-11
  1.22867050E-10  6.37530195E-10  2.76035000E-10  4.09427470E-09  5.92833072E-09
  1.53110946E-09  1.88390982E+00  4.27947827E-02  0.00000000E+00  0.00000000E+00
  0.00000000E+00  0.00000000E+00  0.00000000E+00  0.00000000E+00  0.00000000E+00
  0.00000000E+00  0.00000000E+00  0.00000000E+00  0.00000000E+00  0.00000000E+00
  2.05905315E-09  0.00000000E+00  0.00000000E+00  0.00000000E+00  0.00000000E+00
  2.26531771E-12  9.45874916E-14  3.45879033E-12  1.97520056E-11  1.77598491E-11
  3.24655886E-10  1.63046063E-10  2.06976458E-09  2.58778154E-09  8.82181439E-10
  1.02166897E-02  1.90943396E+00  4.63132635E-02  0.00000000E+00  0.00000000E+00
  0.00000000E+00  0.00000000E+00  0.00000000E+00  0.00000000E+00  0.00000000E+00
  0.00000000E+00  0.00000000E+00  0.00000000E+00  0.00000000E+00  0.00000000E+00
  0.00000000E+00  9.86578597E-10  0.00000000E+00  0.00000000E+00  0.00000000E+00
  0.00000000E+00  0.00000000E+00  5.33564248E-14  2.15684111E-12  1.36392451E-11
  1.41864678E-12  1.53668092E-10  1.29750877E-10  1.21925814E-09  1.50820012E-09
  6.58964106E-10 -3.47300329E-07  8.19898036E-04  1.92003679E+00  2.12032963E-02
  0.00000000E+00  0.00000000E+00  0.00000000E+00  0.00000000E+00  0.00000000E+00
  0.00000000E+00  0.00000000E+00  0.00000000E+00  0.00000000E+00  0.00000000E+00
  0.00000000E+00  0.00000000E+00  0.00000000E+00  0.00000000E+00  3.73751641E-10
  0.00000000E+00  0.00000000E+00  0.00000000E+00  0.00000000E+00  0.00000000E+00
  2.62960769E-14  3.61980601E-13  4.40497031E-12  4.02969569E-13  8.32651864E-11
  1.03854494E-10  9.77557368E-10  7.98854649E-10  5.01487296E-10  1.93460509E-01
  1.76261222E+00  9.43833264E-04  0.00000000E+00  0.00000000E+00  0.00000000E+00
  0.00000000E+00  0.00000000E+00  0.00000000E+00  0.00000000E+00  0.00000000E+00
  0.00000000E+00  0.00000000E+00  0.00000000E+00  0.00000000E+00  0.00000000E+00
  0.00000000E+00  0.00000000E+00  1.77172894E-11  0.00000000E+00  0.00000000E+00
  0.00000000E+00  0.00000000E+00  0.00000000E+00  1.91471882E-15  1.10149128E-15
  2.57239000E-13  6.83397363E-15  3.58956137E-12  1.16145930E-11  1.23948865E-10
  6.49617929E-11  5.67500213E-11  1.75118136E+00  1.73599973E-01  1.56548026E-07
  0.00000000E+00  0.00000000E+00  0.00000000E+00  0.00000000E+00  0.00000000E+00
  0.00000000E+00  0.00000000E+00  0.00000000E+00  0.00000000E+00  0.00000000E+00
  0.00000000E+00  0.00000000E+00  0.00000000E+00  0.00000000E+00  0.00000000E+00
  2.16975309E-12  0.00000000E+00  0.00000000E+00  0.00000000E+00  0.00000000E+00
  0.00000000E+00  2.97047625E-16  1.85134271E-16  2.13369463E-15  3.48462366E-16
  1.80823184E-13  1.41838115E-12  9.10722973E-12  2.18588060E-12  5.80950218E-12
->       8      12       2      33                                 <-   
SIGS01                                                                          
  3.42090994E-01  4.04548258E-01  5.63950002E-01  4.11768079E-01  2.11752400E-01
  1.60633147E-01  1.49022624E-01  1.42793506E-01  1.20976284E-01  9.65827554E-02
  8.49853158E-02  5.28512485E-02  4.41118777E-02  3.00228223E-02  2.48995312E-02
  2.41097305E-02  2.08846554E-02  1.99521352E-02  1.84403025E-02  1.80144142E-02
  1.77896991E-02  1.95828546E-02  1.79588478E-02  1.78301390E-02  1.78615618E-02
  1.78812742E-02  1.79021377E-02  1.79148000E-02  1.79226603E-02  1.79297086E-02
  1.84222646E-02  1.84962861E-02  1.83753222E-02
->       8      12       1      33                                 <-   
NJJS01                                                                          
         1         2         3         4         5         6         7         8
         9        10        11        12        13        14        15        16
        17        18        19        20        21        22        23        24
        25        26        27        28        29        31        33        29
        19
->       8      12       1      33                                 <-   
IJJS01                                                                          
         1         2         3         4         5         6         7         8
         9        10        11        12        13        14        15        16
        17        18        19        20        21        22        23        24
        25        26        27        28        29        31        33        33
        33
->       8      12       2     547                                 <-   
SCAT01                                                                          
  3.19852620E-01  3.98527712E-01  8.45677033E-03  5.68604648E-01  1.38003568E-04
  6.01218920E-03  4.30661976E-01 -7.77803827E-03  3.00772139E-03  3.95305222E-03
  2.26679206E-01 -1.86966881E-02  1.61618448E-03  1.68692472E-03  1.77316600E-03
  1.75126165E-01 -1.50015242E-02 -2.57008243E-04  2.63726397E-04  6.46216853E-04
  1.12754095E-03  1.61093667E-01 -1.46923829E-02  2.63669848E-04  6.16751913E-06
  6.74893323E-04  3.31841351E-04  6.40226237E-04  1.67166248E-01 -1.20724943E-02
  1.44270452E-04 -1.97326342E-04  4.14303868E-05  9.99809272E-05  1.04284227E-04
  1.98509064E-04  1.48497373E-01 -2.43714321E-02  2.28811200E-06  4.42954224E-05
  6.86857129E-06  5.14617168E-05  2.15414460E-04  8.56328697E-05  6.76587588E-05
  1.23165242E-01 -2.75200810E-02 -1.43092473E-06 -1.23692212E-06  1.27600842E-05
  1.52121731E-06 -1.42920644E-05  1.28244894E-04 -3.16762885E-06 -3.39284488E-05
  1.12126738E-01 -2.65828427E-02 -2.37690415E-07 -5.25617345E-08  3.44285922E-07
  1.45871600E-05  6.29567751E-07 -1.48891850E-05  6.98284639E-05  7.26796179E-06
  1.69818013E-05  7.99620003E-02 -2.71414332E-02  6.52108497E-07 -7.69634653E-07
  1.43702621E-07 -5.27015480E-08 -2.66171119E-05 -3.73332682E-07 -5.67161305E-06
  4.11247784E-05  1.20039231E-05  2.34863401E-05  7.36893564E-02 -2.71083675E-02
  5.65383509E-08 -1.78232995E-07 -3.92152799E-08  1.37154629E-07 -2.17654961E-08
  2.75204638E-06 -3.03753097E-07 -1.97793611E-06  9.83946120E-06 -1.13403223E-06
 -4.55336840E-06  6.05278984E-02 -2.95721088E-02 -2.38822486E-06 -1.94168539E-08
 -5.76375854E-08  2.15792967E-10 -7.52998943E-08  1.00656230E-07 -5.69869030E-07
  1.36144678E-08 -1.23360633E-06  4.23174060E-06  2.64691175E-06  1.20459299E-05
  5.14140427E-02 -3.05018350E-02 -5.36095013E-06  0.00000000E+00  2.05371453E-09
 -1.17796946E-08  1.21710597E-09 -2.96977909E-08  5.38820855E-09  1.68994702E-05
 -1.04614912E-07 -5.99623604E-07  2.74095044E-07  1.65775498E-06  4.12326654E-06
  5.58107197E-02 -2.65147090E-02  1.33767060E-07  0.00000000E+00  0.00000000E+00
 -5.76470072E-09 -1.15004610E-08 -1.56133745E-10 -1.86303044E-08  7.07612058E-09
 -8.61564149E-06 -7.50985265E-08 -2.91116464E-07  5.02904641E-07  1.86886027E-07
 -4.68408098E-06  4.87854593E-02 -3.17009799E-02  0.00000000E+00 -1.47624485E-06
  0.00000000E+00  0.00000000E+00 -2.89262991E-09 -5.62689806E-09 -7.47946011E-11
 -9.66512381E-09  7.44462669E-09  4.73146542E-07  9.17572152E-08 -1.43359458E-07
 -3.71653442E-07  1.01771541E-07 -1.70593421E-06  4.72313948E-02 -2.79008169E-02
  0.00000000E+00  0.00000000E+00 -7.94719881E-07  0.00000000E+00  0.00000000E+00
 -1.89817051E-09 -2.71338108E-09 -3.55853159E-11 -4.58414906E-09  6.19842133E-09
 -3.15845114E-07  6.35518376E-08 -6.83723371E-08 -2.25536013E-07 -2.96082845E-07
 -1.48747870E-06  4.45240103E-02 -2.72792652E-02  0.00000000E+00  0.00000000E+00
  0.00000000E+00 -6.53012194E-07  0.00000000E+00  0.00000000E+00 -3.11414561E-09
 -1.05361242E-09 -1.68455475E-11 -2.16392082E-09  1.96287120E-09 -5.23327856E-07
  2.36287008E-08 -3.07275911E-08 -9.36259070E-08 -1.45961550E-07 -6.48774176E-07
  4.47757468E-02 -2.60837097E-02  0.00000000E+00  0.00000000E+00  0.00000000E+00
  0.00000000E+00 -1.75274863E-07  0.00000000E+00  0.00000000E+00  0.00000000E+00
 -3.42994577E-10 -7.93883622E-12 -1.01595909E-09 -5.20682941E-10 -3.71458100E-08
  3.35967054E-09 -1.39997596E-08 -2.52286583E-08  7.78635041E-08 -2.35336415E-07
  4.28648219E-02 -2.67613381E-02  0.00000000E+00  0.00000000E+00  0.00000000E+00
  0.00000000E+00  0.00000000E+00 -8.60783729E-08  0.00000000E+00  0.00000000E+00
  0.00000000E+00 -3.45764722E-10 -3.72079711E-12 -4.73263650E-10 -1.19882915E-09
 -6.47696385E-09 -2.37424902E-09 -6.32651309E-09  7.50623652E-09  1.52285153E-07
 -8.59486775E-08  5.87574877E-02 -2.50739865E-02  0.00000000E+00  0.00000000E+00
  0.00000000E+00  0.00000000E+00  0.00000000E+00  2.40908946E-07 -1.77818109E-07
  0.00000000E+00  0.00000000E+00  0.00000000E+00 -1.38911077E-10 -1.48117228E-12
 -1.84103899E-10 -6.95643987E-10 -2.56372701E-09 -1.32673683E-09 -2.45683429E-09
  1.29509763E-08  1.95546875E-07 -2.74955223E-08  2.98076421E-02 -3.91746350E-02
 -1.13671001E-06  0.00000000E+00  0.00000000E+00  0.00000000E+00  0.00000000E+00
  0.00000000E+00 -2.58314401E-08 -1.36413441E-08  0.00000000E+00  0.00000000E+00
  0.00000000E+00 -1.08396056E-10 -1.10817020E-12 -1.45075785E-10 -5.65279934E-10
 -1.84982496E-09 -8.77441730E-10 -1.84725257E-09  2.27496137E-08  2.09780566E-07
 -1.68379923E-08  4.07913029E-02 -1.18487924E-02  0.00000000E+00  0.00000000E+00
  0.00000000E+00  0.00000000E+00  0.00000000E+00  0.00000000E+00  0.00000000E+00
 -1.31650744E-08  0.00000000E+00  0.00000000E+00  0.00000000E+00  0.00000000E+00
 -2.77352794E-11 -3.25557127E-13 -3.61616431E-11 -1.30835523E-10 -3.87407606E-10
 -2.99343356E-10 -4.55645938E-10  1.29366571E-08  4.09302103E-08 -3.13456083E-09
  6.02830164E-02 -2.19233390E-02  0.00000000E+00  0.00000000E+00  0.00000000E+00
  0.00000000E+00  0.00000000E+00  0.00000000E+00  0.00000000E+00  0.00000000E+00
 -4.48757387E-09  0.00000000E+00  0.00000000E+00  0.00000000E+00  0.00000000E+00
 -1.01741445E-11 -1.08124474E-13 -1.11659787E-11 -3.92300636E-11 -1.22582486E-10
 -2.49270257E-11 -1.17571286E-10  4.50650095E-09  1.10650520E-08 -8.76247130E-10
  3.41704190E-02 -4.24214602E-02 -1.03782304E-03  0.00000000E+00  0.00000000E+00
  0.00000000E+00  0.00000000E+00  0.00000000E+00  0.00000000E+00  0.00000000E+00
  0.00000000E+00 -4.29300329E-09  0.00000000E+00  0.00000000E+00  0.00000000E+00
  0.00000000E+00 -9.67556504E-12 -9.90710945E-14 -9.34760082E-12 -3.18145163E-11
 -8.70266290E-11  8.14602275E-11 -1.10772821E-10  3.83200804E-09  8.86604301E-09
 -6.92384539E-10  3.37919779E-02 -1.62891373E-02  0.00000000E+00  0.00000000E+00
  0.00000000E+00  0.00000000E+00  0.00000000E+00  0.00000000E+00  0.00000000E+00
  0.00000000E+00  0.00000000E+00  0.00000000E+00 -2.05180273E-09  0.00000000E+00
  0.00000000E+00  0.00000000E+00  0.00000000E+00 -4.39202754E-12 -4.40025552E-14
 -3.31242846E-12 -1.02315404E-11 -4.10176580E-11  4.17949807E-11 -4.06389297E-11
  1.49101043E-09  3.36679684E-09 -2.51792864E-10  3.38568650E-02 -1.58898383E-02
  0.00000000E+00  0.00000000E+00  0.00000000E+00  0.00000000E+00  0.00000000E+00
  0.00000000E+00  0.00000000E+00  0.00000000E+00  0.00000000E+00  0.00000000E+00
  0.00000000E+00 -7.39805883E-10  0.00000000E+00  0.00000000E+00  0.00000000E+00
  0.00000000E+00 -1.55569850E-12 -6.84409736E-15 -1.44577774E-12 -8.98234449E-13
 -7.95171828E-12  7.79901005E-11  3.09372536E-13  4.34231706E-10  9.56302704E-10
  1.26889940E-11  3.46407741E-02 -1.59420613E-02  0.00000000E+00  0.00000000E+00
  0.00000000E+00  0.00000000E+00  0.00000000E+00  0.00000000E+00  0.00000000E+00
  0.00000000E+00  0.00000000E+00  0.00000000E+00  0.00000000E+00  0.00000000E+00
 -3.65651176E-10  0.00000000E+00  0.00000000E+00  0.00000000E+00  0.00000000E+00
 -5.55560264E-13  0.00000000E+00 -9.24596445E-13  1.64474380E-12 -2.39972777E-12
  5.92302457E-11  4.58491277E-14  1.50599866E-10  3.62488067E-10  4.36586444E-12
 -1.62492088E-05  2.48086359E-02 -1.67181194E-02  0.00000000E+00  0.00000000E+00
  0.00000000E+00  0.00000000E+00  0.00000000E+00  0.00000000E+00  0.00000000E+00
  0.00000000E+00  0.00000000E+00  0.00000000E+00  0.00000000E+00  0.00000000E+00
  0.00000000E+00 -2.24727875E-10  0.00000000E+00  0.00000000E+00  0.00000000E+00
  0.00000000E+00  0.00000000E+00  0.00000000E+00 -5.10331306E-13  3.30101571E-12
 -1.04483357E-13 -3.62628070E-12 -2.39582083E-15  0.00000000E+00  1.46415532E-10
  1.20013890E-21  2.35416422E-07 -9.89452965E-05  1.86920799E-02 -6.87892968E-03
  0.00000000E+00  0.00000000E+00  0.00000000E+00  0.00000000E+00  0.00000000E+00
  0.00000000E+00  0.00000000E+00  0.00000000E+00  0.00000000E+00  0.00000000E+00
  0.00000000E+00  0.00000000E+00  0.00000000E+00  0.00000000E+00 -9.54290327E-11
  0.00000000E+00  0.00000000E+00  0.00000000E+00  0.00000000E+00  0.00000000E+00
  0.00000000E+00 -7.07112388E-14 -2.06467723E-13 -2.35872553E-14  6.68297102E-12
  2.06196329E-23  0.00000000E+00  1.88333481E-11  1.37094029E-22 -3.18982638E-02
  4.68795449E-02 -2.53436185E-04  0.00000000E+00  0.00000000E+00  0.00000000E+00
  0.00000000E+00  0.00000000E+00  0.00000000E+00  0.00000000E+00  0.00000000E+00
  0.00000000E+00  0.00000000E+00  0.00000000E+00  0.00000000E+00  0.00000000E+00
  0.00000000E+00  0.00000000E+00 -3.26547882E-12  0.00000000E+00  0.00000000E+00
  0.00000000E+00  0.00000000E+00  0.00000000E+00  0.00000000E+00  0.00000000E+00
 -1.01812403E-14  0.00000000E+00  1.14245614E-12  5.02733439E-02 -2.82843225E-02
 -1.35788383E-07  0.00000000E+00  0.00000000E+00  0.00000000E+00  0.00000000E+00
  0.00000000E+00  0.00000000E+00  0.00000000E+00  0.00000000E+00  0.00000000E+00
  0.00000000E+00  0.00000000E+00  0.00000000E+00  0.00000000E+00  0.00000000E+00
  0.00000000E+00 -8.64628058E-14
->       8      12       1       2                                 <-   
SCAT-SAVED                                                                      
         1         1
->       8      12       2       8                                 <-   
LAMBDA-D                                                                        
  1.24666998E-02  2.82917004E-02  4.25244011E-02  1.33041993E-01  2.92467207E-01
  6.66487694E-01  1.63478100E+00  3.55460000E+00
->      -8       0       0       0                                 <-   
->       6      12       3       3                                 <-   
SIGNATURE                                                                       
         4         4         4
L_LIBRARY   
->       6      12       1      40                                 <-   
STATE-VECTOR                                                                    
         1         1        33         2         0         0         1         0
         0         0         0         0        12         1         0         0
         0         1         8         0         0         1         0         0
         0         0         0         0         0         0         0         0
         0         0         0         0         0         0         0         0
->       6      12       1       1                                 <-   
ISOTOPESMIX                                                                     
         1
->       6      12       3       3                                 <-   
ISOTOPESUSED                                                                    
         4         4         4
*MAC*RES    
->       6      12       3       3                                 <-   
ISOTOPERNAME                                                                    
         4         4         4
*MAC*RES    
->       6      12       2       1                                 <-   
ISOTOPESDENS                                                                    
  1.00000000E+00
->       6      12       1       1                                 <-   
ISOTOPESTYPE                                                                    
         1
->       6      12       1       1                                 <-   
ISOTOPESTODO                                                                    
         1
->       6      12       2       1                                 <-   
ISOTOPESVOL                                                                     
  2.34294758E+01
->       6      12       2       1                                 <-   
ISOTOPESTEMP                                                                    
  7.13160034E+02
->       6      12       2       1                                 <-   
MIXTURESVOL                                                                     
  2.34294758E+01
->       6      12       2       1                                 <-   
K-EFFECTIVE                                                                     
  9.99999821E-01
->       6      12       2       1                                 <-   
K-INFINITY                                                                      
  7.37346888E-01
->       6      12       2       1                                 <-   
B2  B1HOM                                                                       
 -8.86446424E-03
->       6      12       3      24                                 <-   
ADDXSNAME-P0                                                                    
         4         4         4         4         4         4         4         4
         4         4         4         4         4         4         4         4
         4         4         4         4         4         4         4         4
NFTOT   NG      N2N     N3N     N4N     NA      NP      N2A     NNP     ND      
NT      TRANC   
->       6      12       2      34                                 <-   
ENERGY                                                                          
  1.96403300E+07  1.00000000E+07  6.06530700E+06  3.67879400E+06  2.23130200E+06
  1.35335300E+06  8.20850000E+05  4.97870688E+05  3.01973812E+05  1.83156406E+05
  1.11090000E+05  6.73794688E+04  4.08677109E+04  2.47875195E+04  1.50343896E+04
  9.11882031E+03  5.53084424E+03  3.35462598E+03  2.03468396E+03  1.23409802E+03
  7.48518311E+02  4.53999298E+02  3.04324799E+02  1.48575897E+02  9.16608810E+01
  6.79040527E+01  4.01689987E+01  2.26032906E+01  1.37095900E+01  8.31528664E+00
  4.00000000E+00  5.40000975E-01  1.00000098E-01  1.10002802E-04
->       6      12       2      33                                 <-   
DELTAU                                                                          
  6.75000012E-01  4.99999970E-01  5.00000179E-01  4.99999672E-01  5.00000060E-01
  5.00000119E-01  5.00000060E-01  5.00000119E-01  4.99999821E-01  4.99999762E-01
  5.00000358E-01  5.00000060E-01  5.00000060E-01  5.00000060E-01  4.99999762E-01
  4.99999970E-01  5.00000179E-01  4.99999762E-01  5.00000119E-01  4.99999970E-01
  5.00000060E-01  4.00000095E-01  7.16999590E-01  4.83000249E-01  2.99999952E-01
  5.25000155E-01  5.75000048E-01  4.99999881E-01  4.99999970E-01  7.31801212E-01
  2.00247860E+00  1.68639970E+00  6.81242085E+00
->      -6       0       0       0                                 <-   
->       5       0       0      -1                                 <-   00000002
->       6      12      10       1                                 <-   
ISOTOPESLIST                                                                    
->       7       0       0      -1                                 <-   00000001
->       8      12       3       3                                 <-   
ALIAS                                                                           
         4         4         4
*MAC*RES0001
->       8      12       2       1                                 <-   
AWR                                                                             
  2.14157867E+00
->       8      12       2      33                                 <-   
NWT0                                                                            
  1.16043389E-04  1.82741974E-03  8.80655926E-03  2.57972851E-02  4.75830883E-02
  7.49797672E-02  1.33404225E-01  1.18071936E-01  1.29852012E-01  1.23676606E-01
  9.91494358E-02  7.56309330E-02  4.68862094E-02  3.36199738E-02  1.90171842E-02
  7.39684608E-03  4.43155365E-03  2.01784377E-03  8.67821218E-04  2.62042449E-04
  8.53248566E-05  1.75914865E-05  8.61725675E-06  6.70556005E-07  7.57386900E-08
  2.32979041E-08  2.98407943E-09  4.74187301E-10  1.05690845E-10  2.29833458E-10
  5.82614179E-10  6.44456918E-11  4.30107790E-11
->       8      12       2      33                                 <-   
NTOT0                                                                           
  1.44054517E-01  1.64362311E-01  1.73361257E-01  1.87648728E-01  1.85407296E-01
  1.87855259E-01  2.22618565E-01  2.94425786E-01  3.06270748E-01  3.12944978E-01
  3.61423403E-01  3.62158358E-01  4.98227865E-01  4.21861112E-01  5.03132641E-01
  7.05570579E-01  6.50908828E-01  6.91584647E-01  7.12984025E-01  8.34064603E-01
  9.33865488E-01  1.20458090E+00  1.27681816E+00  1.59601474E+00  1.86714375E+00
  2.14997530E+00  2.72218680E+00  3.42252517E+00  4.31699514E+00  6.23162794E+00
  8.72209072E+00  3.51785698E+01  5.09968948E+01
->       8      12       2      33                                 <-   
NG                                                                              
  1.97469399E-05  2.05411452E-05  3.50698283E-05  5.99911837E-05  7.26978469E-05
  9.22473264E-05  1.15308692E-04  1.54232941E-04  1.97755304E-04  2.30144302E-04
  3.39421444E-04  3.04874207E-04  4.97885339E-04  3.38290178E-04  5.52643207E-04
  6.48822635E-04  4.60901007E-04  4.40041331E-04  1.11499452E-03  9.66542959E-03
  7.80006056E-04  2.84318929E-03  1.29278144E-03  2.59596738E-03  1.66714261E-03
  3.70860123E-03  2.43365555E-03  3.09553882E-03  4.23499802E-03  6.04939368E-03
  8.66982527E-03  3.64446566E-02  5.30393831E-02
->       8      12       2      33                                 <-   
N2N                                                                             
  4.42078011E-03  1.86551362E-04  0.00000000E+00  0.00000000E+00  0.00000000E+00
  0.00000000E+00  0.00000000E+00  0.00000000E+00  0.00000000E+00  0.00000000E+00
  0.00000000E+00  0.00000000E+00  0.00000000E+00  0.00000000E+00  0.00000000E+00
  0.00000000E+00  0.00000000E+00  0.00000000E+00  0.00000000E+00  0.00000000E+00
  0.00000000E+00  0.00000000E+00  0.00000000E+00  0.00000000E+00  0.00000000E+00
  0.00000000E+00  0.00000000E+00  0.00000000E+00  0.00000000E+00  0.00000000E+00
  0.00000000E+00  0.00000000E+00  0.00000000E+00
->       8      12       2      33                                 <-   
N3N                                                                             
  6.27289546E-06  0.00000000E+00  0.00000000E+00  0.00000000E+00  0.00000000E+00
  0.00000000E+00  0.00000000E+00  0.00000000E+00  0.00000000E+00  0.00000000E+00
  0.00000000E+00  0.00000000E+00  0.00000000E+00  0.00000000E+00  0.00000000E+00
  0.00000000E+00  0.00000000E+00  0.00000000E+00  0.00000000E+00  0.00000000E+00
  0.00000000E+00  0.00000000E+00  0.00000000E+00  0.00000000E+00  0.00000000E+00
  0.00000000E+00  0.00000000E+00  0.00000000E+00  0.00000000E+00  0.00000000E+00
  0.00000000E+00  0.00000000E+00  0.00000000E+00
->       8      12       2      33                                 <-   
NA                                                                              
  2.42528250E-03  2.51224102E-03  5.16000064E-03  6.73099002E-03  8.29258841E-03
  5.01223793E-03  1.09383315E-02  1.88984293E-02  2.69152708E-02  3.62953320E-02
  4.48334366E-02  5.53155541E-02  7.04888552E-02  8.87760669E-02  1.14153773E-01
  1.48786947E-01  1.90362051E-01  2.43922547E-01  3.15153509E-01  4.05658960E-01
  5.18303037E-01  6.51736915E-01  8.30386102E-01  1.15461338E+00  1.42972922E+00
  1.70671356E+00  2.28099537E+00  2.97970176E+00  3.87245870E+00  5.78473997E+00
  8.27224827E+00  3.46965256E+01  5.04930000E+01
->       8      12       2      33                                 <-   
NP                                                                              
  4.44791885E-03  3.16907698E-03  1.63912261E-03  7.71089923E-04  2.60596862E-04
  3.61300845E-05  4.75079196E-06  1.03360424E-06  3.18803615E-07  1.03817676E-07
  4.77161954E-08  3.16846709E-08  3.17915578E-08  3.47908831E-08  3.82893610E-08
  4.23313153E-08  4.64629544E-08  5.10373539E-08  5.62461082E-08  6.31383301E-08
  7.89874619E-08  9.89748017E-08  1.25672770E-07  1.74045269E-07  2.15055763E-07
  2.56258375E-07  3.41484082E-07  4.44894027E-07  5.76675461E-07  8.58561179E-07
  1.22421488E-06  5.11596272E-06  7.44440194E-06
->       8      12       2      33                                 <-   
N2A                                                                             
  1.72218880E-12  0.00000000E+00  0.00000000E+00  0.00000000E+00  0.00000000E+00
  0.00000000E+00  0.00000000E+00  0.00000000E+00  0.00000000E+00  0.00000000E+00
  0.00000000E+00  0.00000000E+00  0.00000000E+00  0.00000000E+00  0.00000000E+00
  0.00000000E+00  0.00000000E+00  0.00000000E+00  0.00000000E+00  0.00000000E+00
  0.00000000E+00  0.00000000E+00  0.00000000E+00  0.00000000E+00  0.00000000E+00
  0.00000000E+00  0.00000000E+00  0.00000000E+00  0.00000000E+00  0.00000000E+00
  0.00000000E+00  0.00000000E+00  0.00000000E+00
->       8      12       2      33                                 <-   
NNP                                                                             
  6.19891624E-04  9.87338069E-08  0.00000000E+00  0.00000000E+00  0.00000000E+00
  0.00000000E+00  0.00000000E+00  0.00000000E+00  0.00000000E+00  0.00000000E+00
  0.00000000E+00  0.00000000E+00  0.00000000E+00  0.00000000E+00  0.00000000E+00
  0.00000000E+00  0.00000000E+00  0.00000000E+00  0.00000000E+00  0.00000000E+00
  0.00000000E+00  0.00000000E+00  0.00000000E+00  0.00000000E+00  0.00000000E+00
  0.00000000E+00  0.00000000E+00  0.00000000E+00  0.00000000E+00  0.00000000E+00
  0.00000000E+00  0.00000000E+00  0.00000000E+00
->       8      12       2      33                                 <-   
ND                                                                              
  8.12325452E-04  7.02395861E-04  4.74884728E-05  0.00000000E+00  0.00000000E+00
  0.00000000E+00  0.00000000E+00  0.00000000E+00  0.00000000E+00  0.00000000E+00
  0.00000000E+00  0.00000000E+00  0.00000000E+00  0.00000000E+00  0.00000000E+00
  0.00000000E+00  0.00000000E+00  0.00000000E+00  0.00000000E+00  0.00000000E+00
  0.00000000E+00  0.00000000E+00  0.00000000E+00  0.00000000E+00  0.00000000E+00
  0.00000000E+00  0.00000000E+00  0.00000000E+00  0.00000000E+00  0.00000000E+00
  0.00000000E+00  0.00000000E+00  0.00000000E+00
->       8      12       2      33                                 <-   
NT                                                                              
  5.36498701E-05  1.91656817E-18  0.00000000E+00  0.00000000E+00  0.00000000E+00
  0.00000000E+00  0.00000000E+00  0.00000000E+00  0.00000000E+00  0.00000000E+00
  0.00000000E+00  0.00000000E+00  0.00000000E+00  0.00000000E+00  0.00000000E+00
  0.00000000E+00  0.00000000E+00  0.00000000E+00  0.00000000E+00  0.00000000E+00
  0.00000000E+00  0.00000000E+00  0.00000000E+00  0.00000000E+00  0.00000000E+00
  0.00000000E+00  0.00000000E+00  0.00000000E+00  0.00000000E+00  0.00000000E+00
  0.00000000E+00  0.00000000E+00  0.00000000E+00
->       8      12       2      33                                 <-   
H-FACTOR                                                                        
  2.37863478E-17  2.54943517E-17  4.40349235E-17  7.59482828E-17  9.37478331E-17
  1.19435934E-16  1.47758836E-16  1.99398041E-16  2.59343886E-16  3.01818591E-16
  4.36748028E-16  4.02240197E-16  6.58026651E-16  4.58359068E-16  7.82763264E-16
  9.72845716E-16  6.72223558E-16  6.18467671E-16  1.52051107E-15  1.20558792E-14
  1.04549658E-15  4.16440233E-15  1.87507218E-15  3.19581253E-15  2.31810196E-15
  5.30382428E-15  3.38063068E-15  4.28669526E-15  5.77245838E-15  8.36582170E-15
  1.19869147E-14  5.03828512E-14  7.33263548E-14
->       8      12       2      33                                 <-   
OVERV                                                                           
  2.13693355E-10  2.70286099E-10  3.41351919E-10  4.36660180E-10  5.54327584E-10
  7.17274684E-10  9.11429654E-10  1.17045496E-09  1.49106849E-09  1.92319427E-09
  2.47006327E-09  3.14508131E-09  4.06352019E-09  5.13312726E-09  6.58335342E-09
  8.54622062E-09  1.08854046E-08  1.38908751E-08  1.78775128E-08  2.29385755E-08
  2.92384374E-08  3.66961324E-08  4.66758827E-08  6.47945910E-08  8.01891886E-08
  9.56773860E-08  1.27761638E-07  1.66788965E-07  2.16619895E-07  3.23455794E-07
  4.62469075E-07  1.93252663E-06  2.82034102E-06
->       8      12       2      33                                 <-   
STRD                                                                            
  8.06604922E-02  8.43210071E-02  9.79231447E-02  1.07159100E-01  1.22438908E-01
  1.47382364E-01  1.47784218E-01  2.12647930E-01  2.22421229E-01  2.37389579E-01
  2.88548142E-01  2.82998949E-01  3.37256789E-01  2.82009900E-01  3.57183903E-01
  5.09276867E-01  4.25348401E-01  4.24936146E-01  3.92088234E-01  4.30784851E-01
  4.22890246E-01  4.87742454E-01  4.81842071E-01  4.91960764E-01  5.44720888E-01
  5.55990994E-01  4.85726297E-01  6.14826620E-01  4.83021677E-01  4.18990850E-01
  4.46192592E-01  1.42821705E+00  1.36882579E+00
->       8      12       2      33                                 <-   
SIGS00                                                                          
  1.35716379E-01  1.54531062E-01  1.62942126E-01  1.78995192E-01  1.76055670E-01
  1.82703212E-01  2.11559400E-01  2.75370866E-01  2.79156744E-01  2.76418895E-01
  3.16250175E-01  3.06537598E-01  4.27240580E-01  3.32746357E-01  3.88425916E-01
  5.56134164E-01  4.60085392E-01  4.47221518E-01  3.96715164E-01  4.18739468E-01
  4.14781511E-01  5.49999356E-01  4.45137471E-01  4.38803554E-01  4.35744792E-01
  4.39549625E-01  4.38752979E-01  4.39721912E-01  4.40294504E-01  4.40827608E-01
  4.41152036E-01  4.45512831E-01  4.50746655E-01
->       8      12       1      33                                 <-   
NJJS00                                                                          
         1         2         3         4         5         6         7         8
         9        10        11        12        13        14        15        16
        17        18        19        20        21        22        23        24
        25        26        27        28        29        31        33        33
        33
->       8      12       1      33                                 <-   
IJJS00                                                                          
         1         2         3         4         5         6         7         8
         9        10        11        12        13        14        15        16
        17        18        19        20        21        22        23        24
        25        26        27        28        29        31        33        33
        33
->       8      12       2     565                                 <-   
SCAT00                                                                          
  6.60175383E-02  8.45333263E-02  2.13224273E-02  1.00993693E-01  2.75565498E-02
  1.13032898E-02  1.18069813E-01  3.35249826E-02  1.33032249E-02  1.22859469E-02
  1.19761586E-01  5.10763898E-02  1.02655366E-02  1.24031249E-02  1.03508523E-02
  1.33272216E-01  4.67153452E-02  4.81688278E-03  8.76762625E-03  8.33416544E-03
  6.83569256E-03  1.58419520E-01  4.39597890E-02  7.17557035E-03  2.22446746E-03
  5.04995184E-03  4.42082481E-03  3.85190919E-03  2.06208900E-01  5.29941395E-02
  1.85103924E-03  1.36292831E-03  1.39123609E-03  2.36103870E-03  2.13911501E-03
  1.94702286E-03  2.12080598E-01  6.90689087E-02  7.63794669E-05  1.84852502E-03
  5.14867716E-04  7.74266955E-04  1.12379226E-03  1.02352106E-03  9.54371819E-04
  2.10120663E-01  6.70130327E-02  4.59017829E-05  4.67379541E-05  9.52056434E-04
  2.84793845E-04  3.93577822E-04  4.76052810E-04  4.68493905E-04  4.43868747E-04
  2.49795496E-01  6.62735254E-02  4.49319450E-05  2.54111546E-05  1.09582088E-05
  4.30544140E-04  1.33387293E-04  1.49653744E-04  2.11126811E-04  1.99367147E-04
  2.07689925E-04  2.44093060E-01  6.64466769E-02  1.12509942E-05  1.72865894E-05
  1.02876238E-05  6.04772049E-06  1.88362581E-04  5.96883365E-05  5.93497862E-05
  9.38098965E-05  8.40393041E-05  9.83399659E-05  3.57430339E-01  6.24416396E-02
  4.66960228E-06  8.93292963E-06  5.33623052E-07  6.42746409E-06  2.59991589E-06
  5.68529904E-05  2.60689521E-05  2.34744602E-05  4.17809424E-05  3.68808578E-05
  4.81931238E-05  2.66070187E-01  6.94834515E-02  2.89083710E-06  1.81502242E-06
  2.69027714E-06  1.79687675E-07  3.07909181E-06  1.50627386E-06  3.23876884E-05
  1.17803584E-05  9.51030324E-06  1.78737464E-05  1.54780246E-05  2.37479071E-05
  3.32323968E-01  6.60668761E-02  3.26840847E-04  0.00000000E+00  9.03129830E-07
  1.09425628E-06  7.67631363E-08  1.18974901E-06  7.83676001E-07  6.72771930E-05
  5.11922326E-06  3.80011829E-06  7.89627211E-06  6.87122156E-06  1.23692316E-05
  4.85254347E-01  5.60998134E-02  3.39529826E-04  0.00000000E+00  0.00000000E+00
  3.77136473E-07  4.66394539E-07  3.01382173E-08  5.06659035E-07  3.64197831E-07
  3.22681590E-05  2.20031779E-06  1.56596536E-06  3.57438921E-06  3.16418368E-06
  6.48590958E-06  4.00391370E-01  7.08799213E-02  0.00000000E+00  1.74036424E-04
  0.00000000E+00  0.00000000E+00  1.44600008E-07  1.75556096E-07  1.12484653E-08
  1.89692202E-07  1.81707634E-07  7.43547798E-06  1.09790403E-06  6.57654425E-07
  1.67088604E-06  1.48601134E-06  3.40257975E-06  3.91152620E-01  5.96940778E-02
  0.00000000E+00  0.00000000E+00  6.24788954E-05  0.00000000E+00  0.00000000E+00
  5.40512666E-08  6.55864483E-08  4.17865342E-09  7.04995173E-08  9.38180094E-08
  3.12492489E-06  6.13203156E-07  2.81273429E-07  8.11364316E-07  7.16170860E-07
  1.67074654E-06  3.42961311E-01  5.60688712E-02  0.00000000E+00  0.00000000E+00
  0.00000000E+00  2.29493562E-05  0.00000000E+00  0.00000000E+00  6.90523416E-09
  2.48940140E-08  1.54876045E-09  2.62398121E-08  4.69888626E-08  1.10137103E-06
  3.30146634E-07  1.26274060E-07  4.13313302E-07  3.56154146E-07  8.06341802E-07
  3.65396798E-01  5.37538342E-02  0.00000000E+00  0.00000000E+00  0.00000000E+00
  0.00000000E+00  7.03196656E-06  0.00000000E+00  0.00000000E+00  0.00000000E+00
  1.06851479E-08  5.73774583E-10  9.80780435E-09  2.20858585E-08  1.39175341E-07
  1.67046110E-07  6.07518942E-08  2.16417064E-07  1.83293494E-07  3.91182084E-07
  3.67010504E-01  5.33427447E-02  0.00000000E+00  0.00000000E+00  0.00000000E+00
  0.00000000E+00  0.00000000E+00  2.65898416E-06  0.00000000E+00  0.00000000E+00
  0.00000000E+00  4.36252234E-09  2.12833140E-10  3.69583386E-09  9.69217862E-09
  4.23485815E-08  7.79348213E-08  3.07953236E-08  1.17145156E-07  9.87762618E-08
  1.90251939E-07  4.73732352E-01  4.77701016E-02  0.00000000E+00  0.00000000E+00
  0.00000000E+00  0.00000000E+00  0.00000000E+00  5.62789182E-07  6.13712814E-07
  0.00000000E+00  0.00000000E+00  0.00000000E+00  1.41858458E-09  6.89287377E-11
  1.22891797E-09  3.58844776E-09  1.46065169E-08  3.06593932E-08  1.37200242E-08
  5.50322667E-08  4.68599772E-08  7.88637493E-08  4.26580697E-01  7.62668699E-02
  8.95576989E-07  0.00000000E+00  0.00000000E+00  0.00000000E+00  0.00000000E+00
  0.00000000E+00  1.18325056E-06  1.35903822E-08  0.00000000E+00  0.00000000E+00
  0.00000000E+00  9.04824771E-10  4.36757019E-11  8.06551714E-10  2.55700150E-09
  1.02063220E-08  2.51410057E-08  1.26362147E-08  5.28679180E-08  4.52162787E-08
  6.48401439E-08  3.97150099E-01  1.85568258E-02  0.00000000E+00  0.00000000E+00
  0.00000000E+00  0.00000000E+00  0.00000000E+00  0.00000000E+00  0.00000000E+00
  2.38413506E-07  0.00000000E+00  0.00000000E+00  0.00000000E+00  0.00000000E+00
  1.85229124E-10  8.75094441E-12  1.74819409E-10  6.11457662E-10  2.43821496E-09
  7.06214420E-09  3.98671229E-09  1.81135569E-08  1.49113148E-08  1.79011952E-08
  3.42844963E-01  4.07572314E-02  0.00000000E+00  0.00000000E+00  0.00000000E+00
  0.00000000E+00  0.00000000E+00  0.00000000E+00  0.00000000E+00  0.00000000E+00
  6.66932891E-08  0.00000000E+00  0.00000000E+00  0.00000000E+00  0.00000000E+00
  5.30070987E-11  2.54881749E-12  5.40834669E-11  2.01441003E-10  7.81149423E-10
  2.57705191E-09  1.55535029E-09  7.31466621E-09  5.89295635E-09  6.30068797E-09
  4.09170508E-01  9.28998366E-02  8.96271376E-04  0.00000000E+00  0.00000000E+00
  0.00000000E+00  0.00000000E+00  0.00000000E+00  0.00000000E+00  0.00000000E+00
  0.00000000E+00  5.32786473E-08  0.00000000E+00  0.00000000E+00  0.00000000E+00
  0.00000000E+00  4.44141078E-11  2.08813045E-12  4.88391411E-11  1.92427713E-10
  7.44371842E-10  2.65238365E-09  1.73776094E-09  8.26247515E-09  6.61192079E-09
  6.42748876E-09  3.98633182E-01  3.03790029E-02  0.00000000E+00  0.00000000E+00
  0.00000000E+00  0.00000000E+00  0.00000000E+00  0.00000000E+00  0.00000000E+00
  0.00000000E+00  0.00000000E+00  0.00000000E+00  2.00008827E-08  0.00000000E+00
  0.00000000E+00  0.00000000E+00  0.00000000E+00  1.84952643E-11  8.38022956E-13
  2.25991326E-11  9.58153903E-11  3.40011963E-10  1.33965794E-09  1.05999121E-09
  5.06150410E-09  4.03493061E-09  3.53098062E-09  3.98522884E-01  4.01197635E-02
  0.00000000E+00  0.00000000E+00  0.00000000E+00  0.00000000E+00  0.00000000E+00
  0.00000000E+00  0.00000000E+00  0.00000000E+00  0.00000000E+00  0.00000000E+00
  0.00000000E+00  6.09606232E-09  0.00000000E+00  0.00000000E+00  0.00000000E+00
  0.00000000E+00  6.47019938E-12  2.47766000E-13  7.99569265E-12  3.91562026E-11
  1.34063288E-10  5.85182014E-10  4.96027774E-10  2.44001463E-09  1.88725480E-09
  1.52817337E-09  3.87365162E-01  4.11991030E-02  0.00000000E+00  0.00000000E+00
  0.00000000E+00  0.00000000E+00  0.00000000E+00  0.00000000E+00  0.00000000E+00
  0.00000000E+00  0.00000000E+00  0.00000000E+00  0.00000000E+00  0.00000000E+00
  2.33011921E-09  0.00000000E+00  0.00000000E+00  0.00000000E+00  0.00000000E+00
  2.41576962E-12  9.46801638E-14  3.47440696E-12  1.99953422E-11  1.93202225E-11
  2.98184949E-10  2.96317693E-10  1.47247436E-09  1.13044141E-09  8.80910178E-10
  1.17541780E-03  3.44380885E-01  5.29292747E-02  0.00000000E+00  0.00000000E+00
  0.00000000E+00  0.00000000E+00  0.00000000E+00  0.00000000E+00  0.00000000E+00
  0.00000000E+00  0.00000000E+00  0.00000000E+00  0.00000000E+00  0.00000000E+00
  0.00000000E+00  1.11645759E-09  0.00000000E+00  0.00000000E+00  0.00000000E+00
  0.00000000E+00  0.00000000E+00  5.34087003E-14  2.16657942E-12  1.37971050E-11
  1.50598533E-12  1.40639111E-10  2.36493325E-10  1.17265020E-09  8.95412078E-10
  6.58699095E-10 -3.60436758E-07  7.46326754E-04  4.39402878E-01  9.64467525E-02
  0.00000000E+00  0.00000000E+00  0.00000000E+00  0.00000000E+00  0.00000000E+00
  0.00000000E+00  0.00000000E+00  0.00000000E+00  0.00000000E+00  0.00000000E+00
  0.00000000E+00  0.00000000E+00  0.00000000E+00  0.00000000E+00  4.22954505E-10
  0.00000000E+00  0.00000000E+00  0.00000000E+00  0.00000000E+00  0.00000000E+00
  2.63218402E-14  3.63613518E-13  4.45692051E-12  4.29122720E-13  7.62231389E-11
  1.89301935E-10  9.40188372E-10  7.33548611E-10  5.01281738E-10  8.23952705E-02
  3.68688375E-01  5.73743950E-04  0.00000000E+00  0.00000000E+00  0.00000000E+00
  0.00000000E+00  0.00000000E+00  0.00000000E+00  0.00000000E+00  0.00000000E+00
  0.00000000E+00  0.00000000E+00  0.00000000E+00  0.00000000E+00  0.00000000E+00
  0.00000000E+00  0.00000000E+00  2.00496963E-11  0.00000000E+00  0.00000000E+00
  0.00000000E+00  0.00000000E+00  0.00000000E+00  1.91659500E-15  1.10628866E-15
  2.60380530E-13  6.80530834E-15  3.29108962E-12  2.12693370E-11  1.19090585E-10
  6.53488028E-11  5.67163677E-11  3.68351817E-01  7.60781616E-02  3.85077925E-08
  0.00000000E+00  0.00000000E+00  0.00000000E+00  0.00000000E+00  0.00000000E+00
  0.00000000E+00  0.00000000E+00  0.00000000E+00  0.00000000E+00  0.00000000E+00
  0.00000000E+00  0.00000000E+00  0.00000000E+00  0.00000000E+00  0.00000000E+00
  2.45539244E-12  0.00000000E+00  0.00000000E+00  0.00000000E+00  0.00000000E+00
  0.00000000E+00  2.97338634E-16  1.85940593E-16  2.18648659E-15  3.61546908E-16
  1.82908755E-13  2.55726581E-12  8.12935396E-12  2.19653701E-12  5.80148950E-12
->       8      12       2      33                                 <-   
SIGS01                                                                          
  6.07050359E-02  6.53958470E-02  6.07245043E-02  4.96581644E-02  3.36862057E-02
  2.90229935E-02  3.64309549E-02  3.24305333E-02  2.18884032E-02  1.63060389E-02
  1.52279688E-02  1.57837812E-02  1.85783524E-02  1.31604690E-02  1.30647281E-02
  1.53814340E-02  1.38000166E-02  1.37841562E-02  1.29615199E-02  1.28217535E-02
  1.27696553E-02  1.44270947E-02  1.31551456E-02  1.30119240E-02  1.30442074E-02
  1.30636021E-02  1.30852582E-02  1.30977053E-02  1.31056523E-02  1.31160831E-02
  1.32336132E-02  1.32543454E-02  1.31104467E-02
->       8      12       1      33                                 <-   
NJJS01                                                                          
         1         2         3         4         5         6         7         8
         9        10        11        12        13        14        15        16
        17        18        19        20        21        22        23        24
        25        26        27        28        29        31        33        29
        19
->       8      12       1      33                                 <-   
IJJS01                                                                          
         1         2         3         4         5         6         7         8
         9        10        11        12        13        14        15        16
        17        18        19        20        21        22        23        24
        25        26        27        28        29        31        33        33
        33
->       8      12       2     547                                 <-   
SCAT01                                                                          
  5.52163720E-02  6.59952089E-02  3.46874073E-03  6.53519630E-02 -1.32476632E-03
  1.49256224E-03  6.00334145E-02 -4.61384980E-03  3.57096782E-04  3.69938120E-04
  4.39463705E-02 -1.01066297E-02  1.80611478E-05  4.76362038E-04  2.07471148E-05
  3.85923572E-02 -1.03204194E-02 -2.11795137E-04 -8.03758448E-05  4.86868566E-06
  1.38016723E-04  4.76109982E-02 -9.76390950E-03  2.14851971E-04 -5.48174030E-05
  4.38443167E-05 -5.15896900E-05  8.33904505E-06  5.11054248E-02 -1.11811692E-02
  1.40440563E-04 -1.61670614E-04  1.32314644E-05  1.98754296E-05 -3.88327426E-05
 -3.65791993E-06  4.37269546E-02 -1.86733678E-02  1.72137379E-06  3.86507272E-05
  6.25438997E-06  5.51289622E-06 -5.86597389E-06 -9.60812230E-08 -5.85947919E-06
  3.57230827E-02 -2.18374971E-02 -1.53938834E-06 -1.00302987E-06  1.03868315E-05
  8.34006073E-07 -9.95487972E-06 -4.72107240E-06 -9.68051791E-06 -5.68643691E-06
  3.38241719E-02 -1.94174051E-02 -2.45364731E-07 -1.23843762E-07  3.42769908E-07
  2.31938884E-05  7.66603307E-07 -7.06936589E-06 -8.88416594E-07 -6.47079423E-06
 -5.21724473E-07  3.44128944E-02 -1.85962208E-02  6.59975285E-07 -7.74586283E-07
  1.34089873E-07 -3.68078155E-08 -2.91215492E-05 -5.55206896E-07 -2.09869927E-06
 -9.49495188E-07 -3.10426412E-06  1.17457421E-06  3.34783420E-02 -1.86267700E-02
  5.40377272E-08 -2.07756173E-07 -3.84661192E-08  1.34485632E-07 -2.56706141E-08
  3.01390446E-06 -2.43189334E-07 -7.84421786E-07 -1.16056640E-06 -1.61903256E-06
  1.09892073E-06  3.57298590E-02 -1.48965288E-02 -2.35537527E-06 -1.91823766E-08
 -6.14704732E-08  2.15719831E-10 -7.10108665E-08  9.99584771E-08 -6.20236108E-07
  2.23994476E-08 -4.18701376E-07 -6.71320265E-07 -7.11727182E-07  1.15727653E-06
  3.13075855E-02 -2.25653928E-02 -3.46529077E-06  0.00000000E+00  4.90524377E-09
 -5.61620750E-09  1.21669352E-09 -2.09305000E-08  4.56352645E-09  1.84934161E-05
 -9.89362690E-08 -2.07309043E-07 -3.98458212E-07 -4.31743075E-07  9.29997327E-07
  3.75267081E-02 -1.82430781E-02 -2.30794285E-07  0.00000000E+00  0.00000000E+00
 -5.90198823E-09 -1.12887886E-08 -1.56080829E-10 -1.76753545E-08  6.73409861E-09
 -9.42579481E-06 -7.17559345E-08 -1.10408749E-07 -1.91592591E-07 -2.19922185E-07
  6.95003507E-07  3.26385424E-02 -2.21452732E-02  0.00000000E+00 -1.82115616E-06
  0.00000000E+00  0.00000000E+00 -2.96151836E-09 -5.52391732E-09 -7.47692533E-11
 -9.70878045E-09  6.90378776E-09  5.18263221E-07  8.23449398E-08 -5.91804579E-08
 -9.60505844E-08 -9.61563700E-08  5.59149044E-07  3.20958570E-02 -1.88385211E-02
  0.00000000E+00  0.00000000E+00 -7.73525187E-07  0.00000000E+00  0.00000000E+00
 -1.94337568E-09 -2.66385003E-09 -3.55732596E-11 -4.60485561E-09  6.00109429E-09
 -3.45326811E-07  5.89383653E-08 -2.82783095E-08 -4.52724400E-08 -4.75541526E-08
  2.56744158E-07  3.04920804E-02 -1.83117054E-02  0.00000000E+00  0.00000000E+00
  0.00000000E+00 -7.78354263E-07  0.00000000E+00  0.00000000E+00 -3.18830984E-09
 -9.05451603E-10 -1.68398368E-11 -2.17369522E-09  1.99633599E-09 -5.72491444E-07
  2.17794636E-08 -1.16436958E-08 -1.68351946E-08 -2.06766106E-08  1.02224568E-07
  3.09211016E-02 -1.75305586E-02  0.00000000E+00  0.00000000E+00  0.00000000E+00
  0.00000000E+00 -1.51032879E-07  0.00000000E+00  0.00000000E+00  0.00000000E+00
 -1.92241084E-10 -7.93614653E-12 -1.02054809E-09 -5.21243992E-10 -4.05877323E-08
  2.62879940E-09 -4.86609286E-09 -7.72503039E-09 -8.45189430E-09  3.99373832E-08
  2.93391868E-02 -1.80993415E-02  0.00000000E+00  0.00000000E+00  0.00000000E+00
  0.00000000E+00  0.00000000E+00 -7.41730020E-08  0.00000000E+00  0.00000000E+00
  0.00000000E+00 -3.68728825E-10 -3.71953596E-12 -4.75401385E-10 -1.21024846E-09
 -7.05907244E-09 -2.57196286E-09 -2.09491557E-09 -3.30696137E-09 -2.76336354E-09
  1.49926507E-08  4.16489393E-02 -1.65686328E-02  0.00000000E+00  0.00000000E+00
  0.00000000E+00  0.00000000E+00  0.00000000E+00  2.72623595E-07 -1.53224363E-07
  0.00000000E+00  0.00000000E+00  0.00000000E+00 -1.48136906E-10 -1.48067030E-12
 -1.84935511E-10 -7.02528924E-10 -2.79428614E-09 -1.36780776E-09 -7.72883813E-10
 -8.09534717E-10  2.25533564E-10  4.82992890E-09  1.98507030E-02 -2.72218436E-02
 -8.89176022E-07  0.00000000E+00  0.00000000E+00  0.00000000E+00  0.00000000E+00
  0.00000000E+00 -2.92320426E-08 -1.17546302E-08  0.00000000E+00  0.00000000E+00
  0.00000000E+00 -1.15595228E-10 -1.10779463E-12 -1.45731094E-10 -5.70891223E-10
 -2.01595274E-09 -8.76333672E-10 -5.28363797E-10 -4.02124029E-10  8.80157891E-10
  3.24285798E-09  2.85915863E-02 -6.69555832E-03  0.00000000E+00  0.00000000E+00
  0.00000000E+00  0.00000000E+00  0.00000000E+00  0.00000000E+00  0.00000000E+00
 -1.48982018E-08  0.00000000E+00  0.00000000E+00  0.00000000E+00  0.00000000E+00
 -2.95773267E-11 -3.25446782E-13 -3.63249847E-11 -1.32121022E-10 -4.21970098E-10
 -3.02063208E-10 -1.01325302E-10 -7.64510850E-12  1.49060833E-10  7.56889662E-10
  4.52321805E-02 -1.48133067E-02  0.00000000E+00  0.00000000E+00  0.00000000E+00
  0.00000000E+00  0.00000000E+00  0.00000000E+00  0.00000000E+00  0.00000000E+00
 -5.07834441E-09  0.00000000E+00  0.00000000E+00  0.00000000E+00  0.00000000E+00
 -1.08498644E-11 -1.08087828E-13 -1.12164149E-11 -3.96113038E-11 -1.33507080E-10
 -3.28720662E-11 -2.24054143E-11  1.99218055E-11  5.02264515E-11  2.04333259E-10
  2.46368553E-02 -3.21879685E-02 -7.66355719E-04  0.00000000E+00  0.00000000E+00
  0.00000000E+00  0.00000000E+00  0.00000000E+00  0.00000000E+00  0.00000000E+00
  0.00000000E+00 -4.85815965E-09  0.00000000E+00  0.00000000E+00  0.00000000E+00
  0.00000000E+00 -1.03181708E-11 -9.90375113E-14 -9.38982399E-12 -3.21180409E-11
 -9.46482406E-11  6.55728458E-11 -2.69365884E-11  7.11694202E-12  7.04058062E-11
  1.63922265E-10  2.64521427E-02 -1.15732551E-02  0.00000000E+00  0.00000000E+00
  0.00000000E+00  0.00000000E+00  0.00000000E+00  0.00000000E+00  0.00000000E+00
  0.00000000E+00  0.00000000E+00  0.00000000E+00 -2.32191399E-09  0.00000000E+00
  0.00000000E+00  0.00000000E+00  0.00000000E+00 -4.68372563E-12 -4.39876441E-14
 -3.32739066E-12 -1.03214512E-11 -4.46309829E-11  4.38805867E-11 -1.23438924E-11
 -1.13649090E-11  3.35965873E-11  6.08591857E-11  2.80702226E-02 -1.33668985E-02
  0.00000000E+00  0.00000000E+00  0.00000000E+00  0.00000000E+00  0.00000000E+00
  0.00000000E+00  0.00000000E+00  0.00000000E+00  0.00000000E+00  0.00000000E+00
  0.00000000E+00 -8.37198366E-10  0.00000000E+00  0.00000000E+00  0.00000000E+00
  0.00000000E+00 -1.65902079E-12 -6.84177692E-15 -1.45230833E-12 -9.28761083E-13
 -8.64211046E-12  7.43313605E-11  6.59138949E-14  4.78388379E-12  4.15230567E-12
  1.25110391E-11  3.00163906E-02 -1.49725154E-02  0.00000000E+00  0.00000000E+00
  0.00000000E+00  0.00000000E+00  0.00000000E+00  0.00000000E+00  0.00000000E+00
  0.00000000E+00  0.00000000E+00  0.00000000E+00  0.00000000E+00  0.00000000E+00
 -4.13787615E-10  0.00000000E+00  0.00000000E+00  0.00000000E+00  0.00000000E+00
 -5.92457995E-13  0.00000000E+00 -9.28772901E-13  1.66075096E-12 -2.61333793E-12
  5.58152170E-11  2.60666004E-14  1.68824536E-12  4.61471920E-12  4.29385347E-12
  2.43836068E-04  3.97546701E-02 -1.69107374E-02  0.00000000E+00  0.00000000E+00
  0.00000000E+00  0.00000000E+00  0.00000000E+00  0.00000000E+00  0.00000000E+00
  0.00000000E+00  0.00000000E+00  0.00000000E+00  0.00000000E+00  0.00000000E+00
  0.00000000E+00 -2.54312377E-10  0.00000000E+00  0.00000000E+00  0.00000000E+00
  0.00000000E+00  0.00000000E+00  0.00000000E+00 -5.12636429E-13  3.33854906E-12
 -1.11025935E-13 -3.02473563E-12 -3.82724595E-15  0.00000000E+00  6.50705401E-13
  1.18003625E-21  2.44140580E-07 -2.51628335E-05  1.31476577E-02 -2.66385861E-02
  0.00000000E+00  0.00000000E+00  0.00000000E+00  0.00000000E+00  0.00000000E+00
  0.00000000E+00  0.00000000E+00  0.00000000E+00  0.00000000E+00  0.00000000E+00
  0.00000000E+00  0.00000000E+00  0.00000000E+00  0.00000000E+00 -1.07991872E-10
  0.00000000E+00  0.00000000E+00  0.00000000E+00  0.00000000E+00  0.00000000E+00
  0.00000000E+00 -7.10306380E-14 -2.08815278E-13 -2.55701933E-14  6.07807814E-12
  4.90527311E-23  0.00000000E+00  2.01557022E-12  1.34797661E-22 -1.01689352E-02
  2.34483164E-02 -1.57846676E-04  0.00000000E+00  0.00000000E+00  0.00000000E+00
  0.00000000E+00  0.00000000E+00  0.00000000E+00  0.00000000E+00  0.00000000E+00
  0.00000000E+00  0.00000000E+00  0.00000000E+00  0.00000000E+00  0.00000000E+00
  0.00000000E+00  0.00000000E+00 -3.69536563E-12  0.00000000E+00  0.00000000E+00
  0.00000000E+00  0.00000000E+00  0.00000000E+00  0.00000000E+00  0.00000000E+00
 -1.02970018E-14  0.00000000E+00  9.70332864E-13  2.32791379E-02 -1.01688085E-02
 -3.36683144E-08  0.00000000E+00  0.00000000E+00  0.00000000E+00  0.00000000E+00
  0.00000000E+00  0.00000000E+00  0.00000000E+00  0.00000000E+00  0.00000000E+00
  0.00000000E+00  0.00000000E+00  0.00000000E+00  0.00000000E+00  0.00000000E+00
  0.00000000E+00 -9.78452752E-14
->       8      12       1       2                                 <-   
SCAT-SAVED                                                                      
         1         1
->       8      12       2       8                                 <-   
LAMBDA-D                                                                        
  1.24666998E-02  2.82917004E-02  4.25244011E-02  1.33041993E-01  2.92467207E-01
  6.66487694E-01  1.63478100E+00  3.55460000E+00
->      -8       0       0       0                                 <-   
->       6      12       3       3                                 <-   
SIGNATURE                                                                       
         4         4         4
L_LIBRARY   
->       6      12       1      40                                 <-   
STATE-VECTOR                                                                    
         1         1        33         2         0         0         1         0
         0         0         0         0        12         1         0         0
         0         1         8         0         0         1         0         0
         0         0         0         0         0         0         0         0
         0         0         0         0         0         0         0         0
->       6      12       1       1                                 <-   
ISOTOPESMIX                                                                     
         1
->       6      12       3       3                                 <-   
ISOTOPESUSED                                                                    
         4         4         4
*MAC*RES    
->       6      12       3       3                                 <-   
ISOTOPERNAME                                                                    
         4         4         4
*MAC*RES    
->       6      12       2       1                                 <-   
ISOTOPESDENS                                                                    
  1.00000000E+00
->       6      12       1       1                                 <-   
ISOTOPESTYPE                                                                    
         1
->       6      12       1       1                                 <-   
ISOTOPESTODO                                                                    
         1
->       6      12       2       1                                 <-   
ISOTOPESVOL                                                                     
  2.34294758E+01
->       6      12       2       1                                 <-   
ISOTOPESTEMP                                                                    
  7.13160034E+02
->       6      12       2       1                                 <-   
MIXTURESVOL                                                                     
  2.34294758E+01
->       6      12       2       1                                 <-   
K-EFFECTIVE                                                                     
  9.99999881E-01
->       6      12       2       1                                 <-   
K-INFINITY                                                                      
  7.07626820E-01
->       6      12       2       1                                 <-   
B2  B1HOM                                                                       
 -1.56628829E-03
->       6      12       3      24                                 <-   
ADDXSNAME-P0                                                                    
         4         4         4         4         4         4         4         4
         4         4         4         4         4         4         4         4
         4         4         4         4         4         4         4         4
NFTOT   NG      N2N     N3N     N4N     NA      NP      N2A     NNP     ND      
NT      TRANC   
->       6      12       2      34                                 <-   
ENERGY                                                                          
  1.96403300E+07  1.00000000E+07  6.06530700E+06  3.67879400E+06  2.23130200E+06
  1.35335300E+06  8.20850000E+05  4.97870688E+05  3.01973812E+05  1.83156406E+05
  1.11090000E+05  6.73794688E+04  4.08677109E+04  2.47875195E+04  1.50343896E+04
  9.11882031E+03  5.53084424E+03  3.35462598E+03  2.03468396E+03  1.23409802E+03
  7.48518311E+02  4.53999298E+02  3.04324799E+02  1.48575897E+02  9.16608810E+01
  6.79040527E+01  4.01689987E+01  2.26032906E+01  1.37095900E+01  8.31528664E+00
  4.00000000E+00  5.40000975E-01  1.00000098E-01  1.10002802E-04
->       6      12       2      33                                 <-   
DELTAU                                                                          
  6.75000012E-01  4.99999970E-01  5.00000179E-01  4.99999672E-01  5.00000060E-01
  5.00000119E-01  5.00000060E-01  5.00000119E-01  4.99999821E-01  4.99999762E-01
  5.00000358E-01  5.00000060E-01  5.00000060E-01  5.00000060E-01  4.99999762E-01
  4.99999970E-01  5.00000179E-01  4.99999762E-01  5.00000119E-01  4.99999970E-01
  5.00000060E-01  4.00000095E-01  7.16999590E-01  4.83000249E-01  2.99999952E-01
  5.25000155E-01  5.75000048E-01  4.99999881E-01  4.99999970E-01  7.31801212E-01
  2.00247860E+00  1.68639970E+00  6.81242085E+00
->      -6       0       0       0                                 <-   
->       5       0       0      -1                                 <-   00000003
->       6      12      10       1                                 <-   
ISOTOPESLIST                                                                    
->       7       0       0      -1                                 <-   00000001
->       8      12       3       3                                 <-   
ALIAS                                                                           
         4         4         4
*MAC*RES0001
->       8      12       2       1                                 <-   
AWR                                                                             
  2.14650178E+00
->       8      12       2      33                                 <-   
NWT0                                                                            
  1.56570477E-05  2.31232247E-04  1.23701210E-03  7.40479911E-03  2.42967829E-02
  4.89974394E-02  9.66674685E-02  8.95322785E-02  9.72485766E-02  9.66780484E-02
  8.68467093E-02  7.77975246E-02  5.99463768E-02  5.23147359E-02  4.32240441E-02
  2.52211709E-02  2.00788565E-02  1.25928652E-02  7.50058563E-03  3.42654530E-03
  1.67724548E-03  5.43994422E-04  4.18716285E-04  6.62114471E-05  1.29908858E-05
  5.96758855E-06  8.92947924E-07  1.21256051E-07  1.39765168E-08  1.80500270E-09
  3.34700184E-10  1.02606576E-10  7.13161821E-11
->       8      12       2      33                                 <-   
NTOT0                                                                           
  1.42542601E-01  1.63326576E-01  1.70644060E-01  1.87378183E-01  1.88761070E-01
  1.80800334E-01  2.07234100E-01  2.84897685E-01  2.92910546E-01  3.05334330E-01
  3.57457519E-01  3.57926071E-01  5.00496030E-01  4.17459756E-01  4.67797160E-01
  6.47091627E-01  5.71511805E-01  5.85873842E-01  5.59454978E-01  6.26555979E-01
  6.63045168E-01  8.72938991E-01  8.23411405E-01  9.50219929E-01  1.05840421E+00
  1.18005419E+00  1.40001392E+00  1.68826556E+00  2.03548074E+00  2.51243544E+00
  3.83957434E+00  1.46464100E+01  2.15029526E+01
->       8      12       2      33                                 <-   
NG                                                                              
  1.97037025E-05  2.04269145E-05  3.54741787E-05  6.03153567E-05  7.17109433E-05
  9.05589477E-05  1.12308306E-04  1.50149048E-04  1.93055079E-04  2.23800307E-04
  3.31117597E-04  2.94017344E-04  4.91483312E-04  3.15439509E-04  5.15841704E-04
  6.22049614E-04  4.18345764E-04  4.02149191E-04  1.04689959E-03  8.41895863E-03
  6.77754695E-04  2.94359424E-03  1.16401841E-03  2.10713269E-03  1.53674558E-03
  3.43347597E-03  2.22147978E-03  2.84480676E-03  3.83967883E-03  4.80030198E-03
  7.95171503E-03  3.35391015E-02  4.97540943E-02
->       8      12       2      33                                 <-   
N2N                                                                             
  4.41023754E-03  1.92441395E-04  0.00000000E+00  0.00000000E+00  0.00000000E+00
  0.00000000E+00  0.00000000E+00  0.00000000E+00  0.00000000E+00  0.00000000E+00
  0.00000000E+00  0.00000000E+00  0.00000000E+00  0.00000000E+00  0.00000000E+00
  0.00000000E+00  0.00000000E+00  0.00000000E+00  0.00000000E+00  0.00000000E+00
  0.00000000E+00  0.00000000E+00  0.00000000E+00  0.00000000E+00  0.00000000E+00
  0.00000000E+00  0.00000000E+00  0.00000000E+00  0.00000000E+00  0.00000000E+00
  0.00000000E+00  0.00000000E+00  0.00000000E+00
->       8      12       2      33                                 <-   
N3N                                                                             
  6.05461719E-06  0.00000000E+00  0.00000000E+00  0.00000000E+00  0.00000000E+00
  0.00000000E+00  0.00000000E+00  0.00000000E+00  0.00000000E+00  0.00000000E+00
  0.00000000E+00  0.00000000E+00  0.00000000E+00  0.00000000E+00  0.00000000E+00
  0.00000000E+00  0.00000000E+00  0.00000000E+00  0.00000000E+00  0.00000000E+00
  0.00000000E+00  0.00000000E+00  0.00000000E+00  0.00000000E+00  0.00000000E+00
  0.00000000E+00  0.00000000E+00  0.00000000E+00  0.00000000E+00  0.00000000E+00
  0.00000000E+00  0.00000000E+00  0.00000000E+00
->       8      12       2      33                                 <-   
NA                                                                              
  2.17340724E-03  1.26532256E-03  2.25562486E-03  2.74827471E-03  3.37360799E-03
  2.06021150E-03  4.56485478E-03  7.74797332E-03  1.10456292E-02  1.48949856E-02
  1.84112526E-02  2.27593295E-02  2.90133134E-02  3.66829447E-02  4.71452214E-02
  6.13790751E-02  7.85913318E-02  1.00867286E-01  1.30046293E-01  1.67617708E-01
  2.14576572E-01  2.69283712E-01  3.47231716E-01  4.78508413E-01  5.88810503E-01
  7.04965532E-01  9.26812768E-01  1.21346819E+00  1.55913627E+00  2.03474903E+00
  3.35824370E+00  1.41346035E+01  2.09685726E+01
->       8      12       2      33                                 <-   
NP                                                                              
  3.91610339E-03  2.74958182E-03  1.30073621E-03  5.05653268E-04  1.38442134E-04
  1.81004980E-05  2.03991226E-06  4.24271633E-07  1.30417348E-07  4.24595967E-08
  1.94928660E-08  1.29475826E-08  1.30565638E-08  1.43082914E-08  1.57437157E-08
  1.73983228E-08  1.91018863E-08  2.09953281E-08  2.31196324E-08  2.60355382E-08
  3.26960787E-08  4.08895282E-08  5.25370361E-08  7.21220985E-08  8.85633540E-08
  1.05840826E-07  1.38764747E-07  1.81193769E-07  2.32224608E-07  3.02356881E-07
  4.97023336E-07  2.08413485E-06  3.09147708E-06
->       8      12       2      33                                 <-   
N2A                                                                             
  1.67166389E-12  0.00000000E+00  0.00000000E+00  0.00000000E+00  0.00000000E+00
  0.00000000E+00  0.00000000E+00  0.00000000E+00  0.00000000E+00  0.00000000E+00
  0.00000000E+00  0.00000000E+00  0.00000000E+00  0.00000000E+00  0.00000000E+00
  0.00000000E+00  0.00000000E+00  0.00000000E+00  0.00000000E+00  0.00000000E+00
  0.00000000E+00  0.00000000E+00  0.00000000E+00  0.00000000E+00  0.00000000E+00
  0.00000000E+00  0.00000000E+00  0.00000000E+00  0.00000000E+00  0.00000000E+00
  0.00000000E+00  0.00000000E+00  0.00000000E+00
->       8      12       2      33                                 <-   
NNP                                                                             
  6.19462749E-04  1.00404925E-07  0.00000000E+00  0.00000000E+00  0.00000000E+00
  0.00000000E+00  0.00000000E+00  0.00000000E+00  0.00000000E+00  0.00000000E+00
  0.00000000E+00  0.00000000E+00  0.00000000E+00  0.00000000E+00  0.00000000E+00
  0.00000000E+00  0.00000000E+00  0.00000000E+00  0.00000000E+00  0.00000000E+00
  0.00000000E+00  0.00000000E+00  0.00000000E+00  0.00000000E+00  0.00000000E+00
  0.00000000E+00  0.00000000E+00  0.00000000E+00  0.00000000E+00  0.00000000E+00
  0.00000000E+00  0.00000000E+00  0.00000000E+00
->       8      12       2      33                                 <-   
ND                                                                              
  3.62120918E-04  2.89404765E-04  1.66457739E-05  0.00000000E+00  0.00000000E+00
  0.00000000E+00  0.00000000E+00  0.00000000E+00  0.00000000E+00  0.00000000E+00
  0.00000000E+00  0.00000000E+00  0.00000000E+00  0.00000000E+00  0.00000000E+00
  0.00000000E+00  0.00000000E+00  0.00000000E+00  0.00000000E+00  0.00000000E+00
  0.00000000E+00  0.00000000E+00  0.00000000E+00  0.00000000E+00  0.00000000E+00
  0.00000000E+00  0.00000000E+00  0.00000000E+00  0.00000000E+00  0.00000000E+00
  0.00000000E+00  0.00000000E+00  0.00000000E+00
->       8      12       2      33                                 <-   
NT                                                                              
  8.18973422E-05  1.95390028E-18  0.00000000E+00  0.00000000E+00  0.00000000E+00
  0.00000000E+00  0.00000000E+00  0.00000000E+00  0.00000000E+00  0.00000000E+00
  0.00000000E+00  0.00000000E+00  0.00000000E+00  0.00000000E+00  0.00000000E+00
  0.00000000E+00  0.00000000E+00  0.00000000E+00  0.00000000E+00  0.00000000E+00
  0.00000000E+00  0.00000000E+00  0.00000000E+00  0.00000000E+00  0.00000000E+00
  0.00000000E+00  0.00000000E+00  0.00000000E+00  0.00000000E+00  0.00000000E+00
  0.00000000E+00  0.00000000E+00  0.00000000E+00
->       8      12       2      33                                 <-   
H-FACTOR                                                                        
  2.37335687E-17  2.53506870E-17  4.45675451E-17  7.64782541E-17  9.26355664E-17
  1.17243627E-16  1.43556732E-16  1.93414349E-16  2.52249059E-16  2.92283277E-16
  4.24141319E-16  3.85812258E-16  6.47072027E-16  4.27592317E-16  7.28495610E-16
  9.33241314E-16  6.08675017E-16  5.60205463E-16  1.41694054E-15  1.04974818E-14
  8.91285442E-16  4.36537657E-15  1.65776418E-15  2.59797562E-15  2.08841098E-15
  4.85113768E-15  3.00809521E-15  3.83808331E-15  5.10736346E-15  6.46859665E-15
  1.07113000E-14  4.51712608E-14  6.70107890E-14
->       8      12       2      33                                 <-   
OVERV                                                                           
  2.13690343E-10  2.69796685E-10  3.44291096E-10  4.43234005E-10  5.57047075E-10
  7.20407234E-10  9.15015341E-10  1.17039378E-09  1.49183788E-09  1.92472860E-09
  2.47430254E-09  3.15659454E-09  4.07922984E-09  5.17211252E-09  6.62963728E-09
  8.59646132E-09  1.09577165E-08  1.40059022E-08  1.79877180E-08  2.31104345E-08
  2.95162934E-08  3.69712367E-08  4.75905928E-08  6.54822259E-08  8.05319758E-08
  9.63711386E-08  1.26593463E-07  1.65639605E-07  2.12688320E-07  2.77471912E-07
  4.57834176E-07  1.91992331E-06  2.85640112E-06
->       8      12       2      33                                 <-   
STRD                                                                            
  4.25388426E-01  4.50050980E-01  5.38412631E-01  6.91705525E-01  6.62387908E-01
  6.43262208E-01  6.68662071E-01  8.14972341E-01  1.06320488E+00  1.27378273E+00
  1.66706228E+00  1.46393991E+00  1.56431484E+00  1.59758306E+00  1.67953873E+00
  1.88068509E+00  1.82216072E+00  1.87077177E+00  1.87041879E+00  1.94618618E+00
  1.95184588E+00  2.05015206E+00  2.04565644E+00  2.08182430E+00  2.12191248E+00
  2.18310714E+00  2.17847919E+00  2.33989835E+00  2.13137317E+00  2.31588984E+00
  2.10276246E+00  3.06448817E+00  2.98641109E+00
->       8      12       2      33                                 <-   
SIGS00                                                                          
  1.35686606E-01  1.57718092E-01  1.65630609E-01  1.83642596E-01  1.84890524E-01
  1.78627402E-01  2.02554539E-01  2.76998460E-01  2.81671375E-01  2.90215224E-01
  3.38714987E-01  3.34872574E-01  4.70990777E-01  3.80461097E-01  4.20136064E-01
  5.85090160E-01  4.92501944E-01  4.84604239E-01  4.28361595E-01  4.50518906E-01
  4.47790265E-01  6.00710988E-01  4.75014776E-01  4.69603539E-01  4.68055904E-01
  4.71653581E-01  4.70977694E-01  4.71949935E-01  4.72501993E-01  4.72882241E-01
  4.73372728E-01  4.78240341E-01  4.84587878E-01
->       8      12       1      33                                 <-   
NJJS00                                                                          
         1         2         3         4         5         6         7         8
         9        10        11        12        13        14        15        16
        17        18        19        20        21        22        23        24
        25        26        27        28        29        31        33        33
        33
->       8      12       1      33                                 <-   
IJJS00                                                                          
         1         2         3         4         5         6         7         8
         9        10        11        12        13        14        15        16
        17        18        19        20        21        22        23        24
        25        26        27        28        29        31        33        33
        33
->       8      12       2     565                                 <-   
SCAT00                                                                          
  6.46631941E-02  8.58388916E-02  2.22422909E-02  9.99394208E-02  2.82406788E-02
  1.19029647E-02  1.15820870E-01  3.71140130E-02  1.41228046E-02  1.19995093E-02
  1.22504234E-01  5.84124215E-02  1.02070495E-02  1.29916379E-02  1.04630170E-02
  1.32650316E-01  5.26670925E-02  4.91722953E-03  8.92554969E-03  8.49527214E-03
  6.83237799E-03  1.51507348E-01  4.06868905E-02  7.28381472E-03  1.99382962E-03
  5.11922454E-03  4.28804522E-03  3.85688781E-03  2.09973752E-01  5.09062000E-02
  1.58857263E-03  1.37926952E-03  1.20022777E-03  2.36599939E-03  2.03318521E-03
  1.94234122E-03  2.13666067E-01  6.69346079E-02  7.24195343E-05  1.80833682E-03
  5.16695203E-04  7.00603414E-04  1.12450961E-03  9.52448929E-04  9.46465414E-04
  2.18277499E-01  6.79432154E-02  4.38389470E-05  4.86081844E-05  1.04043924E-03
  2.92402809E-04  3.69150745E-04  4.65857593E-04  4.35005029E-04  4.39349067E-04
  2.62703389E-01  7.19132051E-02  4.42598248E-05  2.48942433E-05  9.67254982E-06
  4.54144523E-04  1.36673800E-04  1.39621567E-04  2.04615062E-04  1.83998171E-04
  2.05130986E-04  2.60207981E-01  7.60037601E-02  1.11691888E-05  1.71440824E-05
  9.84583767E-06  5.31258047E-06  1.92679290E-04  6.13081938E-05  5.36721454E-05
  9.11991810E-05  7.68502359E-05  9.68387176E-05  3.86774451E-01  7.46615008E-02
  4.50845891E-06  8.76164813E-06  4.11754570E-07  6.46127592E-06  2.27052624E-06
  5.81143540E-05  2.69141983E-05  2.08680704E-05  4.09321947E-05  3.35937912E-05
  4.74894841E-05  2.94221371E-01  8.38731602E-02  3.06743391E-06  1.83159761E-06
  2.73114665E-06  1.36070000E-07  3.12775978E-06  1.33527988E-06  3.32562668E-05
  1.21586481E-05  8.40509620E-06  1.75979494E-05  1.39620461E-05  2.34586169E-05
  3.48222017E-01  8.56487527E-02  3.43106571E-04  0.00000000E+00  9.20976049E-07
  1.10879751E-06  6.04300396E-08  1.20638492E-06  7.09302981E-07  6.92639151E-05
  5.29023873E-06  3.34050219E-06  7.77647529E-06  6.20469791E-06  1.22605506E-05
  4.97555465E-01  7.19121099E-02  3.12754273E-04  0.00000000E+00  0.00000000E+00
  3.85595939E-07  4.69541988E-07  2.39847360E-08  5.11715939E-07  3.33065969E-07
  3.32245836E-05  2.27617397E-06  1.36387587E-06  3.52283496E-06  2.84452926E-06
  6.44833062E-06  4.17097002E-01  8.75345841E-02  0.00000000E+00  1.69575535E-04
  0.00000000E+00  0.00000000E+00  1.47843522E-07  1.76739150E-07  8.95101504E-09
  1.91575253E-07  1.68075289E-07  7.65385084E-06  1.14076636E-06  5.67436018E-07
  1.65265635E-06  1.33094170E-06  3.38845871E-06  4.11615908E-01  7.54049420E-02
  0.00000000E+00  0.00000000E+00  6.98467920E-05  0.00000000E+00  0.00000000E+00
  5.52636799E-08  6.60280364E-08  3.32520989E-09  7.12001622E-08  8.80883277E-08
  3.21698462E-06  6.39866244E-07  2.39468989E-07  8.05369950E-07  6.43119904E-07
  1.66442851E-06  3.60125870E-01  7.29883760E-02  0.00000000E+00  0.00000000E+00
  0.00000000E+00  2.61564292E-05  0.00000000E+00  0.00000000E+00  7.06012360E-09
  2.50346535E-08  1.23257693E-09  2.65010751E-08  4.45159536E-08  1.13377018E-06
  3.45368250E-07  1.05861517E-07  4.12564418E-07  3.18414493E-07  8.03095872E-07
  3.81455451E-01  6.82357624E-02  0.00000000E+00  0.00000000E+00  0.00000000E+00
  0.00000000E+00  8.60835735E-06  0.00000000E+00  0.00000000E+00  0.00000000E+00
  1.06680469E-08  4.56743698E-10  9.90578375E-09  2.10045172E-08  1.43088371E-07
  1.74993374E-07  5.02061681E-08  2.16679723E-07  1.62394059E-07  3.89266546E-07
  3.83042336E-01  6.90634772E-02  0.00000000E+00  0.00000000E+00  0.00000000E+00
  0.00000000E+00  0.00000000E+00  3.25506153E-06  0.00000000E+00  0.00000000E+00
  0.00000000E+00  4.33749880E-09  1.69493281E-10  3.73294595E-09  9.23617804E-09
  4.35172502E-08  8.16868635E-08  2.51168455E-08  1.17600784E-07  8.75684734E-08
  1.89539776E-07  5.01634717E-01  6.47474676E-02  0.00000000E+00  0.00000000E+00
  0.00000000E+00  0.00000000E+00  0.00000000E+00  4.93092671E-07  7.51291850E-07
  0.00000000E+00  0.00000000E+00  0.00000000E+00  1.41044754E-09  5.49275833E-11
  1.24135979E-09  3.42308026E-09  1.50101549E-08  3.21572635E-08  1.10580025E-08
  5.54219319E-08  4.17410853E-08  7.84921639E-08  4.44446236E-01  9.90763307E-02
  4.71033616E-07  0.00000000E+00  0.00000000E+00  0.00000000E+00  0.00000000E+00
  0.00000000E+00  1.03671562E-06  1.66370064E-08  0.00000000E+00  0.00000000E+00
  0.00000000E+00  8.99634700E-10  3.48561596E-11  8.14787515E-10  2.44907628E-09
  1.04864197E-08  2.63912714E-08  1.00707114E-08  5.32966418E-08  4.02740170E-08
  6.44680540E-08  4.11021382E-01  3.05686202E-02  0.00000000E+00  0.00000000E+00
  0.00000000E+00  0.00000000E+00  0.00000000E+00  0.00000000E+00  0.00000000E+00
  2.08888096E-07  0.00000000E+00  0.00000000E+00  0.00000000E+00  0.00000000E+00
  1.84166626E-10  6.99220456E-12  1.76645615E-10  5.86592441E-10  2.50639776E-09
  7.43461426E-09  3.14565329E-09  1.82926545E-08  1.32452174E-08  1.78339121E-08
  3.53443682E-01  5.73613495E-02  0.00000000E+00  0.00000000E+00  0.00000000E+00
  0.00000000E+00  0.00000000E+00  0.00000000E+00  0.00000000E+00  0.00000000E+00
  5.84339119E-08  0.00000000E+00  0.00000000E+00  0.00000000E+00  0.00000000E+00
  5.27030433E-11  2.03914663E-12  5.46579101E-11  1.93425748E-10  8.03054678E-10
  2.71421707E-09  1.21789834E-09  7.40730677E-09  5.22985921E-09  6.30339647E-09
  4.31388140E-01  1.14612207E-01  1.22083933E-03  0.00000000E+00  0.00000000E+00
  0.00000000E+00  0.00000000E+00  0.00000000E+00  0.00000000E+00  0.00000000E+00
  0.00000000E+00  4.66805616E-08  0.00000000E+00  0.00000000E+00  0.00000000E+00
  0.00000000E+00  4.41593463E-11  1.67618133E-12  4.93667329E-11  1.84913820E-10
  7.65338848E-10  2.79242607E-09  1.34744715E-09  8.37830605E-09  5.86753668E-09
  6.43993259E-09  4.32406664E-01  4.02655676E-02  0.00000000E+00  0.00000000E+00
  0.00000000E+00  0.00000000E+00  0.00000000E+00  0.00000000E+00  0.00000000E+00
  0.00000000E+00  0.00000000E+00  0.00000000E+00  1.75239521E-08  0.00000000E+00
  0.00000000E+00  0.00000000E+00  0.00000000E+00  1.83891756E-11  6.76258257E-13
  2.28488391E-11  9.21637072E-11  3.49601931E-10  1.40833012E-09  8.15576329E-10
  5.13998488E-09  3.57834651E-09  3.53580365E-09  4.31872398E-01  3.85710262E-02
  0.00000000E+00  0.00000000E+00  0.00000000E+00  0.00000000E+00  0.00000000E+00
  0.00000000E+00  0.00000000E+00  0.00000000E+00  0.00000000E+00  0.00000000E+00
  0.00000000E+00  5.34111866E-09  0.00000000E+00  0.00000000E+00  0.00000000E+00
  0.00000000E+00  6.43308627E-12  1.94452134E-13  8.08463713E-12  3.76045098E-11
  1.37861056E-10  6.16681706E-10  3.75825399E-10  2.49533394E-09  1.69321024E-09
  1.52994362E-09  4.32163060E-01  4.00776118E-02  0.00000000E+00  0.00000000E+00
  0.00000000E+00  0.00000000E+00  0.00000000E+00  0.00000000E+00  0.00000000E+00
  0.00000000E+00  0.00000000E+00  0.00000000E+00  0.00000000E+00  0.00000000E+00
  2.04155448E-09  0.00000000E+00  0.00000000E+00  0.00000000E+00  0.00000000E+00
  2.40191265E-12  7.18381382E-14  3.51257023E-12  1.92173430E-11  1.98005969E-11
  3.14060777E-10  2.23533941E-10  1.50663426E-09  1.01475006E-09  8.81697826E-10
  1.68163900E-03  4.56278682E-01  4.03390564E-02  0.00000000E+00  0.00000000E+00
  0.00000000E+00  0.00000000E+00  0.00000000E+00  0.00000000E+00  0.00000000E+00
  0.00000000E+00  0.00000000E+00  0.00000000E+00  0.00000000E+00  0.00000000E+00
  0.00000000E+00  9.78194303E-10  0.00000000E+00  0.00000000E+00  0.00000000E+00
  0.00000000E+00  0.00000000E+00  4.05236080E-14  2.19059189E-12  1.32694619E-11
  1.48492373E-12  1.47937509E-10  1.78217885E-10  1.20021582E-09  8.04752542E-10
  6.58834931E-10 -3.73696480E-07  3.14218894E-04  4.71024334E-01  1.66035220E-02
  0.00000000E+00  0.00000000E+00  0.00000000E+00  0.00000000E+00  0.00000000E+00
  0.00000000E+00  0.00000000E+00  0.00000000E+00  0.00000000E+00  0.00000000E+00
  0.00000000E+00  0.00000000E+00  0.00000000E+00  0.00000000E+00  3.70575348E-10
  0.00000000E+00  0.00000000E+00  0.00000000E+00  0.00000000E+00  0.00000000E+00
  1.99715749E-14  3.65371036E-13  4.26576396E-12  4.15360400E-13  7.99851435E-11
  1.42667544E-10  9.62300239E-10  6.48001486E-10  5.01407915E-10  8.70850310E-02
  3.97359341E-01  6.66704669E-04  0.00000000E+00  0.00000000E+00  0.00000000E+00
  0.00000000E+00  0.00000000E+00  0.00000000E+00  0.00000000E+00  0.00000000E+00
  0.00000000E+00  0.00000000E+00  0.00000000E+00  0.00000000E+00  0.00000000E+00
  0.00000000E+00  0.00000000E+00  1.75667189E-11  0.00000000E+00  0.00000000E+00
  0.00000000E+00  0.00000000E+00  0.00000000E+00  1.45420766E-15  8.49745835E-16
  2.47824873E-13  5.22699881E-15  3.41730008E-12  1.60024789E-11  1.21970142E-10
  6.49274454E-11  5.67386450E-11  3.97503346E-01  8.05668384E-02  4.01834725E-08
  0.00000000E+00  0.00000000E+00  0.00000000E+00  0.00000000E+00  0.00000000E+00
  0.00000000E+00  0.00000000E+00  0.00000000E+00  0.00000000E+00  0.00000000E+00
  0.00000000E+00  0.00000000E+00  0.00000000E+00  0.00000000E+00  0.00000000E+00
  2.15131385E-12  0.00000000E+00  0.00000000E+00  0.00000000E+00  0.00000000E+00
  0.00000000E+00  2.25604314E-16  1.42821891E-16  1.61681501E-15  2.80720827E-16
  1.82477853E-13  1.93666199E-12  8.69743340E-12  2.18464071E-12  5.80687365E-12
->       8      12       2      33                                 <-   
SIGS01                                                                          
  5.89260794E-02  6.51466548E-02  5.95135204E-02  5.04208170E-02  3.18786651E-02
  2.78919302E-02  3.77970748E-02  3.35847102E-02  2.19013207E-02  1.69370770E-02
  1.57868974E-02  1.73304193E-02  2.06710603E-02  1.55217489E-02  1.49535909E-02
  1.71884894E-02  1.56520233E-02  1.57077238E-02  1.47660486E-02  1.46565251E-02
  1.46165583E-02  1.64882615E-02  1.49563681E-02  1.48415947E-02  1.48706194E-02
  1.48889730E-02  1.49083529E-02  1.49204787E-02  1.49279684E-02  1.49344569E-02
  1.50631582E-02  1.50855035E-02  1.49021223E-02
->       8      12       1      33                                 <-   
NJJS01                                                                          
         1         2         3         4         5         6         7         8
         9        10        11        12        13        14        15        16
        17        18        19        20        21        22        23        24
        25        26        27        28        29        31        33        29
        19
->       8      12       1      33                                 <-   
IJJS01                                                                          
         1         2         3         4         5         6         7         8
         9        10        11        12        13        14        15        16
        17        18        19        20        21        22        23        24
        25        26        27        28        29        31        33        33
        33
->       8      12       2     547                                 <-   
SCAT01                                                                          
  5.39029203E-02  6.64859191E-02  3.31710395E-03  6.45917058E-02 -1.50939636E-03
  1.30380236E-03  6.02407306E-02 -4.95260349E-03  1.07361440E-04  3.23862681E-04
  4.42122743E-02 -9.49113630E-03  2.18577020E-06  4.50750085E-04 -7.23271369E-05
  3.71880271E-02 -1.24198459E-02 -2.60284636E-04 -1.84556266E-04 -1.88564896E-04
  1.56924361E-04  4.68029231E-02 -9.48820449E-03  2.51447927E-04 -7.11495886E-05
  5.11683793E-05 -1.12377485E-04  9.37316145E-06  5.25984392E-02 -9.00710747E-03
  1.20951088E-04 -1.73112901E-04  1.93063715E-05  2.29031921E-05 -6.43061940E-05
 -7.28798659E-06  4.37849909E-02 -1.90121923E-02  2.00013142E-06  5.33685088E-05
  6.67516315E-06  8.05220407E-06 -7.49129686E-06 -3.38674909E-06 -7.26464668E-06
  3.79330665E-02 -2.18826327E-02 -1.52543919E-06 -1.12059695E-06  1.54866066E-05
  1.31477930E-06 -1.11667578E-05 -5.87327895E-06 -9.24612596E-06 -6.65638527E-06
  3.71065214E-02 -2.09963545E-02 -2.24984930E-07 -1.81605188E-07  3.32900925E-07
  2.09232130E-05  6.66499034E-07 -9.61882870E-06 -5.31547528E-07 -5.71050668E-06
 -8.15206306E-07  3.91453691E-02 -2.13196594E-02  6.41939891E-07 -7.73037357E-07
  1.30687013E-07 -3.84430301E-08 -2.99801286E-05 -4.83591180E-07 -2.46872787E-06
 -7.43036196E-07 -2.28165936E-06  1.28945192E-06  3.85692492E-02 -2.18124520E-02
  5.69204097E-08 -1.94220746E-07 -3.93715958E-08  1.65645162E-07 -2.66225815E-08
  3.11327176E-06 -2.72742227E-07 -7.10079803E-07 -1.15195405E-06 -1.13332112E-06
  1.25088093E-06  4.37745266E-02 -1.78943723E-02 -2.49926120E-06 -1.85662383E-08
 -5.89665632E-08  2.15135756E-10 -7.21277686E-08  9.57492432E-08 -6.30470993E-07
  1.86863076E-08 -3.65188782E-07 -7.04062643E-07 -4.63901358E-07  1.21961261E-06
  3.74048389E-02 -2.82507222E-02 -3.81229324E-06  0.00000000E+00  5.68647174E-09
 -6.58978250E-09  1.21339916E-09 -2.14811671E-08  4.25415658E-09  1.90511510E-05
 -1.03559984E-07 -1.85250613E-07 -4.16632133E-07 -2.72967554E-07  9.63835191E-07
  4.38865088E-02 -2.24514343E-02  7.81112590E-07  0.00000000E+00  0.00000000E+00
 -6.03437433E-09 -1.13652892E-08 -1.55658236E-10 -1.79578432E-08  6.66507516E-09
 -9.70854398E-06 -7.37443813E-08 -9.76515935E-08 -1.90525739E-07 -1.49709166E-07
  7.16748843E-07  3.87158580E-02 -2.66980119E-02  0.00000000E+00 -7.52888809E-07
  0.00000000E+00  0.00000000E+00 -3.02794745E-09 -5.56125990E-09 -7.45668111E-11
 -9.84334569E-09  7.03272951E-09  5.33936259E-07  8.79316531E-08 -5.28411626E-08
 -9.25561352E-08 -6.60764314E-08  5.70451562E-07  3.85228805E-02 -2.30638236E-02
  0.00000000E+00  0.00000000E+00 -8.64744152E-07  0.00000000E+00  0.00000000E+00
 -1.98696726E-09 -2.68183786E-09 -3.54769408E-11 -4.66867967E-09  5.95746874E-09
 -3.55658273E-07  6.21615115E-08 -2.50454910E-08 -4.37604086E-08 -3.04597449E-08
  2.61699824E-07  3.62995565E-02 -2.28151586E-02  0.00000000E+00  0.00000000E+00
  0.00000000E+00 -7.53069230E-07  0.00000000E+00  0.00000000E+00 -3.25982619E-09
 -9.31845157E-10 -1.67942413E-11 -2.20382290E-09  1.93559324E-09 -5.89675437E-07
  2.29809753E-08 -1.02002629E-08 -1.56220477E-08 -1.28035227E-08  1.04233997E-07
  3.70944738E-02 -2.15335023E-02  0.00000000E+00  0.00000000E+00  0.00000000E+00
  0.00000000E+00 -1.84890638E-07  0.00000000E+00  0.00000000E+00  0.00000000E+00
 -2.16266866E-10 -7.91465764E-12 -1.03469300E-09 -5.02824893E-10 -4.17978328E-08
  2.91237323E-09 -4.26298508E-09 -7.25250526E-09 -5.70426550E-09  4.05718374E-08
  3.58229615E-02 -2.24379469E-02  0.00000000E+00  0.00000000E+00  0.00000000E+00
  0.00000000E+00  0.00000000E+00 -9.08007394E-08  0.00000000E+00  0.00000000E+00
  0.00000000E+00 -3.66613739E-10 -3.70946546E-12 -4.81990559E-10 -1.17037857E-09
 -7.26649896E-09 -2.60372457E-09 -1.82266136E-09 -3.14202508E-09 -1.46279333E-09
  1.55545230E-08  4.95154522E-02 -2.12059375E-02  0.00000000E+00  0.00000000E+00
  0.00000000E+00  0.00000000E+00  0.00000000E+00  2.38861588E-07 -1.87573420E-07
  0.00000000E+00  0.00000000E+00  0.00000000E+00 -1.47287182E-10 -1.47666135E-12
 -1.87498739E-10 -6.79785062E-10 -2.87639379E-09 -1.40229628E-09 -6.66073308E-10
 -7.05802305E-10  8.23047630E-10  5.03089082E-09  2.53550485E-02 -3.30271944E-02
 -4.67666979E-07  0.00000000E+00  0.00000000E+00  0.00000000E+00  0.00000000E+00
  0.00000000E+00 -2.56119126E-08 -1.43897241E-08  0.00000000E+00  0.00000000E+00
  0.00000000E+00 -1.14932168E-10 -1.10479518E-12 -1.47750950E-10 -5.53761814E-10
 -2.07514317E-09 -9.13811693E-10 -4.51859161E-10 -3.68054254E-10  1.31488764E-09
  3.36058825E-09  3.53049040E-02 -1.03986841E-02  0.00000000E+00  0.00000000E+00
  0.00000000E+00  0.00000000E+00  0.00000000E+00  0.00000000E+00  0.00000000E+00
 -1.30531923E-08  0.00000000E+00  0.00000000E+00  0.00000000E+00  0.00000000E+00
 -2.94076707E-11 -3.24565651E-13 -3.68284570E-11 -1.28178260E-10 -4.34315695E-10
 -3.08159165E-10 -8.79648576E-11 -7.64853458E-12  2.44484016E-10  7.72948483E-10
  5.28453067E-02 -1.94039047E-02  0.00000000E+00  0.00000000E+00  0.00000000E+00
  0.00000000E+00  0.00000000E+00  0.00000000E+00  0.00000000E+00  0.00000000E+00
 -4.44943682E-09  0.00000000E+00  0.00000000E+00  0.00000000E+00  0.00000000E+00
 -1.07876286E-11 -1.07795175E-13 -1.13718765E-11 -3.84363236E-11 -1.37417216E-10
 -3.09665106E-11 -1.91976227E-11  2.49064797E-11  6.98442276E-11  2.06664685E-10
  2.98547763E-02 -3.79746817E-02 -1.05940516E-03  0.00000000E+00  0.00000000E+00
  0.00000000E+00  0.00000000E+00  0.00000000E+00  0.00000000E+00  0.00000000E+00
  0.00000000E+00 -4.25651958E-09  0.00000000E+00  0.00000000E+00  0.00000000E+00
  0.00000000E+00 -1.02589855E-11 -9.87693678E-14 -9.51996815E-12 -3.11754685E-11
 -9.74046885E-11  7.23234250E-11 -2.39222114E-11  8.80268601E-12  6.98200664E-11
  1.64867522E-10  2.80662719E-02 -1.49658015E-02  0.00000000E+00  0.00000000E+00
  0.00000000E+00  0.00000000E+00  0.00000000E+00  0.00000000E+00  0.00000000E+00
  0.00000000E+00  0.00000000E+00  0.00000000E+00 -2.03436556E-09  0.00000000E+00
  0.00000000E+00  0.00000000E+00  0.00000000E+00 -4.65685997E-12 -4.38685445E-14
 -3.37350850E-12 -1.00309882E-11 -4.59353597E-11  4.50063771E-11 -1.11046684E-11
 -1.56793294E-11  3.15072100E-11  6.12064219E-11  3.02606076E-02 -1.31579172E-02
  0.00000000E+00  0.00000000E+00  0.00000000E+00  0.00000000E+00  0.00000000E+00
  0.00000000E+00  0.00000000E+00  0.00000000E+00  0.00000000E+00  0.00000000E+00
  0.00000000E+00 -7.33518690E-10  0.00000000E+00  0.00000000E+00  0.00000000E+00
  0.00000000E+00 -1.64950453E-12 -6.82325273E-15 -1.47243762E-12 -8.96209051E-13
 -8.88767792E-12  7.78634518E-11  1.98476706E-13  4.55526979E-12  7.54308335E-12
  1.26337734E-11  2.99464315E-02 -1.53401298E-02  0.00000000E+00  0.00000000E+00
  0.00000000E+00  0.00000000E+00  0.00000000E+00  0.00000000E+00  0.00000000E+00
  0.00000000E+00  0.00000000E+00  0.00000000E+00  0.00000000E+00  0.00000000E+00
 -3.62543717E-10  0.00000000E+00  0.00000000E+00  0.00000000E+00  0.00000000E+00
 -5.89059671E-13  0.00000000E+00 -9.41645741E-13  1.60716340E-12 -2.68652418E-12
  5.86088400E-11  3.68487047E-14  1.62770296E-12  4.03737243E-12  4.34432264E-12
  3.78860248E-04  2.04122681E-02 -1.50184631E-02  0.00000000E+00  0.00000000E+00
  0.00000000E+00  0.00000000E+00  0.00000000E+00  0.00000000E+00  0.00000000E+00
  0.00000000E+00  0.00000000E+00  0.00000000E+00  0.00000000E+00  0.00000000E+00
  0.00000000E+00 -2.22818042E-10  0.00000000E+00  0.00000000E+00  0.00000000E+00
  0.00000000E+00  0.00000000E+00  0.00000000E+00 -5.19741693E-13  3.23018261E-12
 -1.11659353E-13 -3.29957914E-12 -3.05283697E-15  0.00000000E+00  1.15987005E-12
  1.19416850E-21  2.55583132E-07 -1.32644036E-05  1.48811880E-02 -5.47781307E-03
  0.00000000E+00  0.00000000E+00  0.00000000E+00  0.00000000E+00  0.00000000E+00
  0.00000000E+00  0.00000000E+00  0.00000000E+00  0.00000000E+00  0.00000000E+00
  0.00000000E+00  0.00000000E+00  0.00000000E+00  0.00000000E+00 -9.46180356E-11
  0.00000000E+00  0.00000000E+00  0.00000000E+00  0.00000000E+00  0.00000000E+00
  0.00000000E+00 -7.20151342E-14 -2.02037321E-13 -2.60090513E-14  6.39141908E-12
  3.34860757E-23  0.00000000E+00  8.98358319E-13  1.36412011E-22 -1.08651910E-02
  2.58758646E-02 -1.96853667E-04  0.00000000E+00  0.00000000E+00  0.00000000E+00
  0.00000000E+00  0.00000000E+00  0.00000000E+00  0.00000000E+00  0.00000000E+00
  0.00000000E+00  0.00000000E+00  0.00000000E+00  0.00000000E+00  0.00000000E+00
  0.00000000E+00  0.00000000E+00 -3.23772736E-12  0.00000000E+00  0.00000000E+00
  0.00000000E+00  0.00000000E+00  0.00000000E+00  0.00000000E+00  0.00000000E+00
 -9.96277103E-15  0.00000000E+00  1.04415305E-12  2.57670563E-02 -1.07771009E-02
 -3.52646232E-08  0.00000000E+00  0.00000000E+00  0.00000000E+00  0.00000000E+00
  0.00000000E+00  0.00000000E+00  0.00000000E+00  0.00000000E+00  0.00000000E+00
  0.00000000E+00  0.00000000E+00  0.00000000E+00  0.00000000E+00  0.00000000E+00
  0.00000000E+00 -8.57280149E-14
->       8      12       1       2                                 <-   
SCAT-SAVED                                                                      
         1         1
->       8      12       2       8                                 <-   
LAMBDA-D                                                                        
  1.24666998E-02  2.82917004E-02  4.25244011E-02  1.33041993E-01  2.92467207E-01
  6.66487694E-01  1.63478100E+00  3.55460000E+00
->      -8       0       0       0                                 <-   
->       6      12       3       3                                 <-   
SIGNATURE                                                                       
         4         4         4
L_LIBRARY   
->       6      12       1      40                                 <-   
STATE-VECTOR                                                                    
         1         1        33         2         0         0         1         0
         0         0         0         0        12         1         0         0
         0         1         8         0         0         1         0         0
         0         0         0         0         0         0         0         0
         0         0         0         0         0         0         0         0
->       6      12       1       1                                 <-   
ISOTOPESMIX                                                                     
         1
->       6      12       3       3                                 <-   
ISOTOPESUSED                                                                    
         4         4         4
*MAC*RES    
->       6      12       3       3                                 <-   
ISOTOPERNAME                                                                    
         4         4         4
*MAC*RES    
->       6      12       2       1                                 <-   
ISOTOPESDENS                                                                    
  1.00000000E+00
->       6      12       1       1                                 <-   
ISOTOPESTYPE                                                                    
         1
->       6      12       1       1                                 <-   
ISOTOPESTODO                                                                    
         1
->       6      12       2       1                                 <-   
ISOTOPESVOL                                                                     
  2.34294758E+01
->       6      12       2       1                                 <-   
ISOTOPESTEMP                                                                    
  7.13160034E+02
->       6      12       2       1                                 <-   
MIXTURESVOL                                                                     
  2.34294758E+01
->       6      12       2       1                                 <-   
K-EFFECTIVE                                                                     
  1.00000000E+00
->       6      12       2       1                                 <-   
K-INFINITY                                                                      
  7.79375792E-01
->       6      12       2       1                                 <-   
B2  B1HOM                                                                       
 -6.09376375E-03
->       6      12       3      24                                 <-   
ADDXSNAME-P0                                                                    
         4         4         4         4         4         4         4         4
         4         4         4         4         4         4         4         4
         4         4         4         4         4         4         4         4
NFTOT   NG      N2N     N3N     N4N     NA      NP      N2A     NNP     ND      
NT      TRANC   
->       6      12       2      34                                 <-   
ENERGY                                                                          
  1.96403300E+07  1.00000000E+07  6.06530700E+06  3.67879400E+06  2.23130200E+06
  1.35335300E+06  8.20850000E+05  4.97870688E+05  3.01973812E+05  1.83156406E+05
  1.11090000E+05  6.73794688E+04  4.08677109E+04  2.47875195E+04  1.50343896E+04
  9.11882031E+03  5.53084424E+03  3.35462598E+03  2.03468396E+03  1.23409802E+03
  7.48518311E+02  4.53999298E+02  3.04324799E+02  1.48575897E+02  9.16608810E+01
  6.79040527E+01  4.01689987E+01  2.26032906E+01  1.37095900E+01  8.31528664E+00
  4.00000000E+00  5.40000975E-01  1.00000098E-01  1.10002802E-04
->       6      12       2      33                                 <-   
DELTAU                                                                          
  6.75000012E-01  4.99999970E-01  5.00000179E-01  4.99999672E-01  5.00000060E-01
  5.00000119E-01  5.00000060E-01  5.00000119E-01  4.99999821E-01  4.99999762E-01
  5.00000358E-01  5.00000060E-01  5.00000060E-01  5.00000060E-01  4.99999762E-01
  4.99999970E-01  5.00000179E-01  4.99999762E-01  5.00000119E-01  4.99999970E-01
  5.00000060E-01  4.00000095E-01  7.16999590E-01  4.83000249E-01  2.99999952E-01
  5.25000155E-01  5.75000048E-01  4.99999881E-01  4.99999970E-01  7.31801212E-01
  2.00247860E+00  1.68639970E+00  6.81242085E+00
->      -6       0       0       0                                 <-   
->       5       0       0      -1                                 <-   00000004
->       6      12      10       1                                 <-   
ISOTOPESLIST                                                                    
->       7       0       0      -1                                 <-   00000001
->       8      12       3       3                                 <-   
ALIAS                                                                           
         4         4         4
*MAC*RES0001
->       8      12       2       1                                 <-   
AWR                                                                             
  1.87633693E+00
->       8      12       2      33                                 <-   
NWT0                                                                            
  1.13422502E-04  1.80393574E-03  8.83466005E-03  2.56720260E-02  4.58387136E-02
  7.58050457E-02  1.37726381E-01  1.19247682E-01  1.38542503E-01  1.39264882E-01
  1.23486608E-01  1.07548922E-01  7.91672245E-02  6.40041530E-02  4.86585759E-02
  2.56021135E-02  1.76495630E-02  9.45044123E-03  4.59681312E-03  1.61934388E-03
  5.55370585E-04  1.24258222E-04  5.94877565E-05  4.69434508E-06  5.54094868E-07
  1.70247944E-07  1.64651279E-08  1.99847561E-09  3.72365028E-10  5.48182832E-10
  1.34969447E-09  1.47722251E-10  9.85863544E-11
->       8      12       2      33                                 <-   
NTOT0                                                                           
  1.35805875E-01  1.55859128E-01  1.60987332E-01  1.75551981E-01  1.80518731E-01
  1.74647510E-01  1.99094728E-01  2.75362998E-01  2.82605499E-01  2.92433292E-01
  3.40233088E-01  3.44111085E-01  4.85187918E-01  4.01097775E-01  4.53269273E-01
  6.34447098E-01  5.56606710E-01  5.68500161E-01  5.44574916E-01  6.12414777E-01
  6.45728469E-01  8.46228421E-01  8.04628849E-01  9.30706859E-01  1.04106224E+00
  1.15760338E+00  1.38288224E+00  1.67839670E+00  2.04459667E+00  2.81879687E+00
  3.86677051E+00  1.47119284E+01  2.12347755E+01
->       8      12       2      33                                 <-   
NG                                                                              
  1.74407687E-05  1.94951845E-05  3.41641717E-05  5.79510961E-05  7.05898346E-05
  8.95590420E-05  1.08591143E-04  1.49412255E-04  1.93047468E-04  2.21709648E-04
  3.28901282E-04  2.94070109E-04  4.90590755E-04  3.17770173E-04  5.19588124E-04
  6.20774110E-04  4.20130731E-04  3.95919924E-04  1.05809362E-03  9.38907173E-03
  6.62264763E-04  2.79198680E-03  1.20550883E-03  2.16053240E-03  1.50401180E-03
  3.05999117E-03  2.21829442E-03  2.85670417E-03  3.87889519E-03  5.56361349E-03
  8.05156399E-03  3.37290615E-02  4.91550490E-02
->       8      12       2      33                                 <-   
N2N                                                                             
  2.08382634E-03  2.31733502E-05  0.00000000E+00  0.00000000E+00  0.00000000E+00
  0.00000000E+00  0.00000000E+00  0.00000000E+00  0.00000000E+00  0.00000000E+00
  0.00000000E+00  0.00000000E+00  0.00000000E+00  0.00000000E+00  0.00000000E+00
  0.00000000E+00  0.00000000E+00  0.00000000E+00  0.00000000E+00  0.00000000E+00
  0.00000000E+00  0.00000000E+00  0.00000000E+00  0.00000000E+00  0.00000000E+00
  0.00000000E+00  0.00000000E+00  0.00000000E+00  0.00000000E+00  0.00000000E+00
  0.00000000E+00  0.00000000E+00  0.00000000E+00
->       8      12       2      33                                 <-   
N3N                                                                             
  1.70587967E-07  0.00000000E+00  0.00000000E+00  0.00000000E+00  0.00000000E+00
  0.00000000E+00  0.00000000E+00  0.00000000E+00  0.00000000E+00  0.00000000E+00
  0.00000000E+00  0.00000000E+00  0.00000000E+00  0.00000000E+00  0.00000000E+00
  0.00000000E+00  0.00000000E+00  0.00000000E+00  0.00000000E+00  0.00000000E+00
  0.00000000E+00  0.00000000E+00  0.00000000E+00  0.00000000E+00  0.00000000E+00
  0.00000000E+00  0.00000000E+00  0.00000000E+00  0.00000000E+00  0.00000000E+00
  0.00000000E+00  0.00000000E+00  0.00000000E+00
->       8      12       2      33                                 <-   
NA                                                                              
  2.17196485E-03  1.26546109E-03  2.16335361E-03  2.76487344E-03  3.40881804E-03
  2.06357706E-03  4.47830092E-03  7.76114548E-03  1.10520320E-02  1.48971407E-02
  1.84093900E-02  2.27408484E-02  2.89943740E-02  3.66215892E-02  4.70575765E-02
  6.12045601E-02  7.83585683E-02  1.00488096E-01  1.29480720E-01  1.66490868E-01
  2.12886602E-01  2.67934412E-01  3.40706497E-01  4.73681718E-01  5.86443365E-01
  6.98260665E-01  9.24593389E-01  1.21847630E+00  1.58308756E+00  2.35508609E+00
  3.40022802E+00  1.42147865E+01  2.07162437E+01
->       8      12       2      33                                 <-   
NP                                                                              
  3.91427334E-03  2.73797195E-03  1.33536558E-03  5.43990929E-04  1.44401129E-04
  1.82621861E-05  2.09553446E-06  4.21272830E-07  1.30135504E-07  4.24384190E-08
  1.94982483E-08  1.29586342E-08  1.30531355E-08  1.42991876E-08  1.57326259E-08
  1.73796373E-08  1.90805487E-08  2.09655155E-08  2.30816077E-08  2.59064041E-08
  3.24423510E-08  4.06877767E-08  5.15629992E-08  7.14019990E-08  8.82109035E-08
  1.04844474E-07  1.38435837E-07  1.81933842E-07  2.35756090E-07  3.49556245E-07
  5.03192098E-07  2.09595419E-06  3.05428512E-06
->       8      12       2      33                                 <-   
N2A                                                                             
  1.70474464E-12  0.00000000E+00  0.00000000E+00  0.00000000E+00  0.00000000E+00
  0.00000000E+00  0.00000000E+00  0.00000000E+00  0.00000000E+00  0.00000000E+00
  0.00000000E+00  0.00000000E+00  0.00000000E+00  0.00000000E+00  0.00000000E+00
  0.00000000E+00  0.00000000E+00  0.00000000E+00  0.00000000E+00  0.00000000E+00
  0.00000000E+00  0.00000000E+00  0.00000000E+00  0.00000000E+00  0.00000000E+00
  0.00000000E+00  0.00000000E+00  0.00000000E+00  0.00000000E+00  0.00000000E+00
  0.00000000E+00  0.00000000E+00  0.00000000E+00
->       8      12       2      33                                 <-   
NNP                                                                             
  6.19544066E-04  9.62899449E-08  0.00000000E+00  0.00000000E+00  0.00000000E+00
  0.00000000E+00  0.00000000E+00  0.00000000E+00  0.00000000E+00  0.00000000E+00
  0.00000000E+00  0.00000000E+00  0.00000000E+00  0.00000000E+00  0.00000000E+00
  0.00000000E+00  0.00000000E+00  0.00000000E+00  0.00000000E+00  0.00000000E+00
  0.00000000E+00  0.00000000E+00  0.00000000E+00  0.00000000E+00  0.00000000E+00
  0.00000000E+00  0.00000000E+00  0.00000000E+00  0.00000000E+00  0.00000000E+00
  0.00000000E+00  0.00000000E+00  0.00000000E+00
->       8      12       2      33                                 <-   
ND                                                                              
  3.62023711E-04  2.88239156E-04  1.90286592E-05  0.00000000E+00  0.00000000E+00
  0.00000000E+00  0.00000000E+00  0.00000000E+00  0.00000000E+00  0.00000000E+00
  0.00000000E+00  0.00000000E+00  0.00000000E+00  0.00000000E+00  0.00000000E+00
  0.00000000E+00  0.00000000E+00  0.00000000E+00  0.00000000E+00  0.00000000E+00
  0.00000000E+00  0.00000000E+00  0.00000000E+00  0.00000000E+00  0.00000000E+00
  0.00000000E+00  0.00000000E+00  0.00000000E+00  0.00000000E+00  0.00000000E+00
  0.00000000E+00  0.00000000E+00  0.00000000E+00
->       8      12       2      33                                 <-   
NT                                                                              
  8.16736065E-05  1.04161646E-19  0.00000000E+00  0.00000000E+00  0.00000000E+00
  0.00000000E+00  0.00000000E+00  0.00000000E+00  0.00000000E+00  0.00000000E+00
  0.00000000E+00  0.00000000E+00  0.00000000E+00  0.00000000E+00  0.00000000E+00
  0.00000000E+00  0.00000000E+00  0.00000000E+00  0.00000000E+00  0.00000000E+00
  0.00000000E+00  0.00000000E+00  0.00000000E+00  0.00000000E+00  0.00000000E+00
  0.00000000E+00  0.00000000E+00  0.00000000E+00  0.00000000E+00  0.00000000E+00
  0.00000000E+00  0.00000000E+00  0.00000000E+00
->       8      12       2      33                                 <-   
H-FACTOR                                                                        
  2.22338108E-17  2.47644459E-17  4.33109386E-17  7.40934659E-17  9.15256951E-17
  1.16631791E-16  1.40647730E-16  1.93133663E-16  2.52310469E-16  2.91070882E-16
  4.22718516E-16  3.86032698E-16  6.45863152E-16  4.30466564E-16  7.33783478E-16
  9.31304996E-16  6.11285784E-16  5.51843289E-16  1.43217411E-15  1.16966212E-14
  8.76009415E-16  4.12062598E-15  1.72572153E-15  2.65377667E-15  2.04333421E-15
  4.30533591E-15  3.00408959E-15  3.85407148E-15  5.16720125E-15  7.49612723E-15
  1.08457800E-14  4.54272918E-14  6.62042036E-14
->       8      12       2      33                                 <-   
OVERV                                                                           
  2.13717391E-10  2.70280409E-10  3.41675993E-10  4.36195968E-10  5.53806556E-10
  7.20241755E-10  9.11052123E-10  1.17231291E-09  1.49239410E-09  1.92505567E-09
  2.47399989E-09  3.15378612E-09  4.07646850E-09  5.16350918E-09  6.61747501E-09
  8.57244942E-09  1.09258673E-08  1.39540104E-08  1.79107058E-08  2.29575878E-08
  2.92853031E-08  3.67876858E-08  4.67011922E-08  6.48222382E-08  8.02091265E-08
  9.54562225E-08  1.26291184E-07  1.66321911E-07  2.15950479E-07  3.21125754E-07
  4.63556660E-07  1.93071446E-06  2.82176075E-06
->       8      12       2      33                                 <-   
STRD                                                                            
  8.18738416E-02  8.52940381E-02  9.86001939E-02  1.07732333E-01  1.23251833E-01
  1.46552324E-01  1.46077469E-01  2.09558114E-01  2.21080199E-01  2.35909313E-01
  2.88046896E-01  2.83775061E-01  3.44623029E-01  2.86916077E-01  3.62120867E-01
  5.24527490E-01  4.35799748E-01  4.36539531E-01  4.00666595E-01  4.42455530E-01
  4.34748620E-01  5.07343352E-01  4.93381768E-01  5.04284501E-01  5.57586730E-01
  5.76920033E-01  5.15708447E-01  6.36256099E-01  4.96096492E-01  4.27439779E-01
  4.49110866E-01  1.42841542E+00  1.36911619E+00
->       8      12       2      33                                 <-   
SIGS00                                                                          
  1.26627609E-01  1.50089413E-01  1.55989453E-01  1.71735868E-01  1.76595196E-01
  1.72471836E-01  1.94505379E-01  2.67451286E-01  2.71359950E-01  2.77314156E-01
  3.21494639E-01  3.21076065E-01  4.55702662E-01  3.64158154E-01  4.05692011E-01
  5.72621524E-01  4.77827787E-01  4.67616051E-01  4.14035827E-01  4.36534464E-01
  4.32179242E-01  5.75501442E-01  4.62716401E-01  4.54863667E-01  4.53113943E-01
  4.56281453E-01  4.56068754E-01  4.57060963E-01  4.57626969E-01  4.58142787E-01
  4.58484113E-01  4.63383853E-01  4.69340235E-01
->       8      12       1      33                                 <-   
NJJS00                                                                          
         1         2         3         4         5         6         7         8
         9        10        11        12        13        14        15        16
        17        18        19        20        21        22        23        24
        25        26        27        28        29        31        33        33
        33
->       8      12       1      33                                 <-   
IJJS00                                                                          
         1         2         3         4         5         6         7         8
         9        10        11        12        13        14        15        16
        17        18        19        20        21        22        23        24
        25        26        27        28        29        31        33        33
        33
->       8      12       2     565                                 <-   
SCAT00                                                                          
  6.13147169E-02  8.13134164E-02  2.19927505E-02  9.46250707E-02  2.84396578E-02
  1.14040216E-02  1.11417785E-01  3.48248854E-02  1.33986464E-02  1.09712947E-02
  1.17375948E-01  5.08971326E-02  1.01163918E-02  1.19159753E-02  9.08211898E-03
  1.26576260E-01  4.98031266E-02  4.64171451E-03  8.11270531E-03  7.81979505E-03
  5.72678028E-03  1.46939054E-01  4.06243578E-02  7.05198245E-03  2.11399840E-03
  4.53926623E-03  3.87601811E-03  3.14402161E-03  1.99176878E-01  4.74254936E-02
  1.65467476E-03  1.33753626E-03  1.31663773E-03  2.06154236E-03  1.81197305E-03
  1.55734911E-03  2.03258708E-01  6.81837872E-02  7.46254736E-05  1.78437692E-03
  5.09726815E-04  7.41227588E-04  9.69828398E-04  8.46105802E-04  7.62147654E-04
  2.05431521E-01  6.80390298E-02  4.51786509E-05  4.53541215E-05  9.77353193E-04
  2.80454493E-04  3.75081581E-04  4.11029963E-04  3.87750799E-04  3.53758951E-04
  2.45872632E-01  7.18581304E-02  4.43899007E-05  2.45934189E-05  1.01563537E-05
  4.47186496E-04  1.31115972E-04  1.40615186E-04  1.81506563E-04  1.62554832E-04
  1.64180135E-04  2.47555628E-01  7.56142214E-02  1.12180169E-05  1.72152431E-05
  9.58288456E-06  5.56483428E-06  1.96971116E-04  5.86096066E-05  5.50393852E-05
  8.11348436E-05  6.72764509E-05  7.72244457E-05  3.72618616E-01  7.35174567E-02
  4.52050608E-06  8.76254035E-06  4.12255929E-07  6.27807322E-06  2.35493530E-06
  5.93806362E-05  2.55694540E-05  2.16716544E-05  3.67498797E-05  2.89887794E-05
  3.77525575E-05  2.80509651E-01  8.27438086E-02  3.02409808E-06  1.82976896E-06
  2.69638531E-06  1.36732353E-07  3.03887691E-06  1.38712198E-06  3.39827493E-05
  1.15804369E-05  8.81208416E-06  1.58580897E-05  1.17026020E-05  1.85757599E-05
  3.35985482E-01  8.30530077E-02  3.40246857E-04  0.00000000E+00  9.19696731E-07
  1.09777261E-06  6.06286790E-08  1.17917034E-06  7.40292364E-07  7.08341104E-05
  5.03827732E-06  3.53694350E-06  7.09318101E-06  5.11243024E-06  9.71209010E-06
  4.89041597E-01  6.97046593E-02  3.18663369E-04  0.00000000E+00  0.00000000E+00
  3.85025231E-07  4.67739284E-07  2.40464502E-08  5.13821192E-07  3.48775274E-07
  3.39792132E-05  2.16743183E-06  1.46660511E-06  3.23798145E-06  2.29413513E-06
  5.30609213E-06  4.05983269E-01  8.35798904E-02  0.00000000E+00  1.71056512E-04
  0.00000000E+00  0.00000000E+00  1.47624675E-07  1.76062201E-07  8.97409791E-09
  1.92610344E-07  1.75878768E-07  7.82695042E-06  1.08302550E-06  6.20689548E-07
  1.54110762E-06  1.06554239E-06  2.94614688E-06  3.99117053E-01  7.18444958E-02
  0.00000000E+00  0.00000000E+00  6.83517137E-05  0.00000000E+00  0.00000000E+00
  5.51818786E-08  6.57754953E-08  3.33378303E-09  7.15849211E-08  9.19642176E-08
  3.28983720E-06  6.05757009E-07  2.67842779E-07  7.60400212E-07  5.21689913E-07
  1.49478876E-06  3.50604236E-01  6.84988722E-02  0.00000000E+00  0.00000000E+00
  0.00000000E+00  2.54502611E-05  0.00000000E+00  0.00000000E+00  7.04967329E-09
  2.49644110E-08  1.23574617E-09  2.66443116E-08  4.64766998E-08  1.15942657E-06
  3.26408554E-07  1.21354304E-07  3.94526808E-07  2.64162935E-07  7.39197048E-07
  3.74792010E-01  6.34315610E-02  0.00000000E+00  0.00000000E+00  0.00000000E+00
  0.00000000E+00  8.20582318E-06  0.00000000E+00  0.00000000E+00  0.00000000E+00
  1.07114531E-08  4.57911098E-10  9.95934357E-09  2.19613643E-08  1.46255729E-07
  1.65233359E-07  5.89526081E-08  2.08507203E-07  1.37764857E-07  3.65293488E-07
  3.76020610E-01  6.17424510E-02  0.00000000E+00  0.00000000E+00  0.00000000E+00
  0.00000000E+00  0.00000000E+00  3.10285191E-06  0.00000000E+00  0.00000000E+00
  0.00000000E+00  4.37235226E-09  1.69921840E-10  3.75314180E-09  9.66417879E-09
  4.44719532E-08  7.71051489E-08  3.01573451E-08  1.13463784E-07  7.53549401E-08
  1.80474331E-07  4.86320823E-01  5.61582483E-02  0.00000000E+00  0.00000000E+00
  0.00000000E+00  0.00000000E+00  0.00000000E+00  5.12101678E-07  7.16160798E-07
  0.00000000E+00  0.00000000E+00  0.00000000E+00  1.42178092E-09  5.50641789E-11
  1.24808208E-09  3.58364227E-09  1.53393902E-08  3.03284864E-08  1.35291760E-08
  5.35057332E-08  3.53886271E-08  7.54926930E-08  4.41287696E-01  8.91805440E-02
  3.86082689E-07  0.00000000E+00  0.00000000E+00  0.00000000E+00  0.00000000E+00
  0.00000000E+00  1.07668131E-06  1.58590439E-08  0.00000000E+00  0.00000000E+00
  0.00000000E+00  9.06863584E-10  3.49394402E-11  8.19204260E-10  2.56473243E-09
  1.07160139E-08  2.48629526E-08  1.25331656E-08  5.13352134E-08  3.44723006E-08
  6.25465262E-08  4.07083571E-01  2.14286875E-02  0.00000000E+00  0.00000000E+00
  0.00000000E+00  0.00000000E+00  0.00000000E+00  0.00000000E+00  0.00000000E+00
  2.16940833E-07  0.00000000E+00  0.00000000E+00  0.00000000E+00  0.00000000E+00
  1.85646457E-10  7.00836611E-12  1.77605736E-10  6.14478191E-10  2.56134358E-09
  6.97837610E-09  3.99925293E-09  1.76197865E-08  1.18457821E-08  1.74514021E-08
  3.46099287E-01  4.68855463E-02  0.00000000E+00  0.00000000E+00  0.00000000E+00
  0.00000000E+00  0.00000000E+00  0.00000000E+00  0.00000000E+00  0.00000000E+00
  6.06865669E-08  0.00000000E+00  0.00000000E+00  0.00000000E+00  0.00000000E+00
  5.31265310E-11  2.04369160E-12  5.49555783E-11  2.02658057E-10  8.20642831E-10
  2.54635069E-09  1.57217606E-09  7.15560722E-09  4.81422724E-09  6.19613250E-09
  4.23972398E-01  1.07014686E-01  8.94541212E-04  0.00000000E+00  0.00000000E+00
  0.00000000E+00  0.00000000E+00  0.00000000E+00  0.00000000E+00  0.00000000E+00
  0.00000000E+00  4.84801177E-08  0.00000000E+00  0.00000000E+00  0.00000000E+00
  0.00000000E+00  4.45141771E-11  1.67955276E-12  4.96361355E-11  1.93770999E-10
  7.82106047E-10  2.62164090E-09  1.75919468E-09  8.11099721E-09  5.53428725E-09
  6.35448894E-09  4.19247597E-01  3.23090330E-02  0.00000000E+00  0.00000000E+00
  0.00000000E+00  0.00000000E+00  0.00000000E+00  0.00000000E+00  0.00000000E+00
  0.00000000E+00  0.00000000E+00  0.00000000E+00  1.81995077E-08  0.00000000E+00
  0.00000000E+00  0.00000000E+00  0.00000000E+00  1.85369376E-11  6.77387725E-13
  2.29738780E-11  9.65984584E-11  3.57236407E-10  1.32626488E-09  1.07492582E-09
  4.99193842E-09  3.45688100E-09  3.50441764E-09  4.12909478E-01  3.68212350E-02
  0.00000000E+00  0.00000000E+00  0.00000000E+00  0.00000000E+00  0.00000000E+00
  0.00000000E+00  0.00000000E+00  0.00000000E+00  0.00000000E+00  0.00000000E+00
  0.00000000E+00  5.54702151E-09  0.00000000E+00  0.00000000E+00  0.00000000E+00
  0.00000000E+00  6.48477799E-12  1.95130736E-13  8.12891681E-12  3.95237280E-11
  1.40920442E-10  5.79246984E-10  5.04073727E-10  2.42708698E-09  1.66180403E-09
  1.52758928E-09  4.01231736E-01  4.41514477E-02  0.00000000E+00  0.00000000E+00
  0.00000000E+00  0.00000000E+00  0.00000000E+00  0.00000000E+00  0.00000000E+00
  0.00000000E+00  0.00000000E+00  0.00000000E+00  0.00000000E+00  0.00000000E+00
  2.12025730E-09  0.00000000E+00  0.00000000E+00  0.00000000E+00  0.00000000E+00
  2.42121297E-12  7.22525338E-14  3.53177817E-12  2.01980845E-11  2.02299046E-11
  2.95193203E-10  3.01230069E-10  1.46946744E-09  1.00560071E-09  8.80697293E-10
  1.13002839E-03  3.53472620E-01  5.63952290E-02  0.00000000E+00  0.00000000E+00
  0.00000000E+00  0.00000000E+00  0.00000000E+00  0.00000000E+00  0.00000000E+00
  0.00000000E+00  0.00000000E+00  0.00000000E+00  0.00000000E+00  0.00000000E+00
  0.00000000E+00  1.01590403E-09  0.00000000E+00  0.00000000E+00  0.00000000E+00
  0.00000000E+00  0.00000000E+00  4.07573653E-14  2.20258404E-12  1.39470605E-11
  1.51415675E-12  1.39090420E-10  2.40447995E-10  1.17513732E-09  8.02911237E-10
  6.58609223E-10 -3.88185384E-07  8.21503520E-04  4.56687629E-01  1.04670115E-01
  0.00000000E+00  0.00000000E+00  0.00000000E+00  0.00000000E+00  0.00000000E+00
  0.00000000E+00  0.00000000E+00  0.00000000E+00  0.00000000E+00  0.00000000E+00
  0.00000000E+00  0.00000000E+00  0.00000000E+00  0.00000000E+00  3.84861198E-10
  0.00000000E+00  0.00000000E+00  0.00000000E+00  0.00000000E+00  0.00000000E+00
  2.00867799E-14  3.67229630E-13  4.48239276E-12  4.23721822E-13  7.53661022E-11
  1.92482766E-10  9.42192879E-10  6.51114995E-10  5.01232000E-10  8.93888250E-02
  3.79814088E-01  6.66411826E-04  0.00000000E+00  0.00000000E+00  0.00000000E+00
  0.00000000E+00  0.00000000E+00  0.00000000E+00  0.00000000E+00  0.00000000E+00
  0.00000000E+00  0.00000000E+00  0.00000000E+00  0.00000000E+00  0.00000000E+00
  0.00000000E+00  0.00000000E+00  1.82439237E-11  0.00000000E+00  0.00000000E+00
  0.00000000E+00  0.00000000E+00  0.00000000E+00  1.46259625E-15  8.37645916E-16
  2.60350552E-13  5.19504280E-15  3.24776512E-12  2.16249987E-11  1.19356663E-10
  6.53258420E-11  5.67073749E-11  3.79951686E-01  8.27481970E-02  4.02620124E-08
  0.00000000E+00  0.00000000E+00  0.00000000E+00  0.00000000E+00  0.00000000E+00
  0.00000000E+00  0.00000000E+00  0.00000000E+00  0.00000000E+00  0.00000000E+00
  0.00000000E+00  0.00000000E+00  0.00000000E+00  0.00000000E+00  0.00000000E+00
  2.23424794E-12  0.00000000E+00  0.00000000E+00  0.00000000E+00  0.00000000E+00
  0.00000000E+00  2.26905727E-16  1.40788192E-16  1.66956854E-15  2.82253745E-16
  1.83453608E-13  2.59864764E-12  8.17393115E-12  2.19659013E-12  5.79985756E-12
->       8      12       2      33                                 <-   
SIGS01                                                                          
  5.61199561E-02  6.17850237E-02  5.45982011E-02  4.66388613E-02  3.03623304E-02
  2.66357511E-02  3.62904146E-02  3.20833698E-02  2.09112465E-02  1.61057785E-02
  1.50855249E-02  1.69520918E-02  2.04173028E-02  1.53479548E-02  1.48306480E-02
  1.71351414E-02  1.55846998E-02  1.56158181E-02  1.47399483E-02  1.46145141E-02
  1.45587996E-02  1.63132809E-02  1.49399051E-02  1.47919068E-02  1.48219774E-02
  1.48399947E-02  1.48600535E-02  1.48724401E-02  1.48801655E-02  1.48897590E-02
  1.50116198E-02  1.50326258E-02  1.48666305E-02
->       8      12       1      33                                 <-   
NJJS01                                                                          
         1         2         3         4         5         6         7         8
         9        10        11        12        13        14        15        16
        17        18        19        20        21        22        23        24
        25        26        27        28        29        31        33        29
        19
->       8      12       1      33                                 <-   
IJJS01                                                                          
         1         2         3         4         5         6         7         8
         9        10        11        12        13        14        15        16
        17        18        19        20        21        22        23        24
        25        26        27        28        29        31        33        33
        33
->       8      12       2     547                                 <-   
SCAT01                                                                          
  5.12497388E-02  6.31302595E-02  3.27971857E-03  5.99985868E-02 -1.47004740E-03
  1.26058806E-03  5.61900474E-02 -5.18765626E-03  6.14194578E-05  2.88589596E-04
  4.21026722E-02 -9.30690579E-03 -1.10343535E-04  4.66193131E-04 -9.01129170E-05
  3.56706046E-02 -1.18173258E-02 -1.73761073E-04 -1.59623494E-04 -1.90820676E-04
  1.47575862E-04  4.53561991E-02 -9.22576152E-03  2.23802403E-04 -6.44071115E-05
  4.87766702E-05 -1.19527002E-04  2.84775183E-06  5.10972142E-02 -9.06689186E-03
  1.25441293E-04 -1.53649962E-04  1.39913391E-05  2.88078681E-05 -6.86887652E-05
 -9.51117909E-06  4.28221002E-02 -1.90122109E-02  1.72000091E-06  4.66373967E-05
  6.16160514E-06  6.33644277E-06 -8.36728668E-06 -4.32692468E-06 -8.13011047E-06
  3.70620266E-02 -2.19098087E-02 -1.61572871E-06 -1.00196894E-06  1.29265609E-05
  6.99354644E-07 -1.38178348E-05 -6.56086422E-06 -9.09918526E-06 -6.46339731E-06
  3.62884998E-02 -2.09566057E-02 -2.17676813E-07 -1.89861112E-07  3.49751531E-07
  2.49598943E-05  7.72797137E-07 -8.75130081E-06 -1.11205304E-06 -5.75551030E-06
 -1.03769855E-06  3.84985059E-02 -2.12029982E-02  6.42969837E-07 -7.77975174E-07
  1.26921904E-07 -3.99818667E-08 -3.06673537E-05 -5.79439870E-07 -2.31486592E-06
 -1.27407850E-06 -2.40171357E-06  1.03911418E-06  3.80074531E-02 -2.15439536E-02
  5.66695739E-08 -1.98632179E-07 -3.95089117E-08  1.60107248E-07 -2.81272907E-08
  3.18501088E-06 -2.33579328E-07 -7.48705929E-07 -1.39267445E-06 -1.12791702E-06
  1.28981787E-06  4.30942290E-02 -1.75863635E-02 -2.46395257E-06 -1.86119600E-08
 -5.94627814E-08  2.12847545E-10 -7.00907279E-08  1.00605533E-07 -6.45272905E-07
  2.51490064E-08 -3.95191023E-07 -8.22006541E-07 -4.91792377E-07  1.09813516E-06
  3.68194170E-02 -2.77438629E-02 -3.79816379E-06  0.00000000E+00  5.65471758E-09
 -5.67963143E-09  1.20049337E-09 -1.69034138E-08  4.43897363E-09  1.94875902E-05
 -9.80853372E-08 -1.96762315E-07 -4.52760304E-07 -2.92751196E-07  9.22172092E-07
  4.30383720E-02 -2.19889618E-02  6.60907858E-07  0.00000000E+00  0.00000000E+00
 -6.02544237E-09 -1.13213545E-08 -1.54002616E-10 -1.75119546E-08  6.99178981E-09
 -9.93024332E-06 -7.13464559E-08 -1.06258504E-07 -2.11976030E-07 -1.53427692E-07
  7.62923094E-07  3.79086621E-02 -2.59032249E-02  0.00000000E+00 -9.99227495E-07
  0.00000000E+00  0.00000000E+00 -3.02346592E-09 -5.53984814E-09 -7.37737094E-11
 -9.89891369E-09  7.16929316E-09  5.46313402E-07  8.12334235E-08 -5.76437813E-08
 -9.56070707E-08 -6.79111025E-08  5.87462637E-07  3.74424495E-02 -2.23239586E-02
  0.00000000E+00  0.00000000E+00 -8.46234229E-07  0.00000000E+00  0.00000000E+00
 -1.98402628E-09 -2.67153144E-09 -3.50996038E-11 -4.69503547E-09  6.17168983E-09
 -3.63715515E-07  5.84842645E-08 -2.72528595E-08 -4.46470523E-08 -2.80338419E-08
  2.76372987E-07  3.52439545E-02 -2.18266360E-02  0.00000000E+00  0.00000000E+00
  0.00000000E+00 -7.71152031E-07  0.00000000E+00  0.00000000E+00 -3.25500094E-09
 -9.09086140E-10 -1.66156169E-11 -2.21626406E-09  2.06187623E-09 -6.03126978E-07
  2.15811635E-08 -1.11337446E-08 -1.56014615E-08 -1.15586865E-08  1.10695076E-07
  3.54964584E-02 -2.05040090E-02  0.00000000E+00  0.00000000E+00  0.00000000E+00
  0.00000000E+00 -1.76245010E-07  0.00000000E+00  0.00000000E+00  0.00000000E+00
 -1.93942654E-10 -7.83047672E-12 -1.04053410E-09 -5.16429177E-10 -4.27371631E-08
  2.51559151E-09 -4.62185357E-09 -7.51139506E-09 -6.52890897E-09  4.29600071E-08
  3.38153876E-02 -2.08819471E-02  0.00000000E+00  0.00000000E+00  0.00000000E+00
  0.00000000E+00  0.00000000E+00 -8.65548131E-08  0.00000000E+00  0.00000000E+00
  0.00000000E+00 -3.69559633E-10 -3.67001091E-12 -4.84711438E-10 -1.22506072E-09
 -7.42442285E-09 -2.62198574E-09 -1.98291628E-09 -3.47599349E-09 -3.00008929E-09
  1.64320006E-08  4.73650508E-02 -1.92562081E-02  0.00000000E+00  0.00000000E+00
  0.00000000E+00  0.00000000E+00  0.00000000E+00  2.48069824E-07 -1.78802310E-07
  0.00000000E+00  0.00000000E+00  0.00000000E+00 -1.48470680E-10 -1.46095527E-12
 -1.88557212E-10 -7.12322146E-10 -2.93895996E-09 -1.38402267E-09 -7.28679228E-10
 -8.86381135E-10 -1.12800580E-09  5.31188782E-09  2.26952452E-02 -3.10517661E-02
 -3.83323226E-07  0.00000000E+00  0.00000000E+00  0.00000000E+00  0.00000000E+00
  0.00000000E+00 -2.65992632E-08 -1.37168472E-08  0.00000000E+00  0.00000000E+00
  0.00000000E+00 -1.15855686E-10 -1.09304438E-12 -1.48585033E-10 -5.80339166E-10
 -2.12021534E-09 -8.83333406E-10 -4.93537489E-10 -6.53995746E-10 -7.67467589E-10
  3.53565421E-09  3.26543413E-02 -7.75533449E-03  0.00000000E+00  0.00000000E+00
  0.00000000E+00  0.00000000E+00  0.00000000E+00  0.00000000E+00  0.00000000E+00
 -1.35563969E-08  0.00000000E+00  0.00000000E+00  0.00000000E+00  0.00000000E+00
 -2.96439678E-11 -3.21113497E-13 -3.70363601E-11 -1.34300820E-10 -4.43682036E-10
 -3.04397341E-10 -9.53533710E-11 -1.55845656E-10 -1.62320657E-10  8.07194145E-10
  5.23437187E-02 -1.70853939E-02  0.00000000E+00  0.00000000E+00  0.00000000E+00
  0.00000000E+00  0.00000000E+00  0.00000000E+00  0.00000000E+00  0.00000000E+00
 -4.62096406E-09  0.00000000E+00  0.00000000E+00  0.00000000E+00  0.00000000E+00
 -1.08743101E-11 -1.06648658E-13 -1.14360726E-11 -4.02625849E-11 -1.40375267E-10
 -3.45229088E-11 -2.16001071E-11 -2.20355331E-11 -4.02924014E-11  2.16129573E-10
  2.75222566E-02 -3.75217572E-02 -7.77040725E-04  0.00000000E+00  0.00000000E+00
  0.00000000E+00  0.00000000E+00  0.00000000E+00  0.00000000E+00  0.00000000E+00
  0.00000000E+00 -4.42061054E-09  0.00000000E+00  0.00000000E+00  0.00000000E+00
  0.00000000E+00 -1.03414204E-11 -9.77188437E-14 -9.57370988E-12 -3.26428745E-11
 -9.94589203E-11  6.30119984E-11 -2.62660501E-11 -3.34595442E-11 -1.86916576E-11
  1.72369605E-10  2.75925137E-02 -1.26822656E-02  0.00000000E+00  0.00000000E+00
  0.00000000E+00  0.00000000E+00  0.00000000E+00  0.00000000E+00  0.00000000E+00
  0.00000000E+00  0.00000000E+00  0.00000000E+00 -2.11279128E-09  0.00000000E+00
  0.00000000E+00  0.00000000E+00  0.00000000E+00 -4.69427882E-12 -4.34019547E-14
 -3.39255273E-12 -1.04862568E-11 -4.69101147E-11  4.44871154E-11 -1.21344211E-11
 -3.55646484E-11 -2.47221557E-12  6.39436906E-11  3.12429145E-02 -1.27324546E-02
  0.00000000E+00  0.00000000E+00  0.00000000E+00  0.00000000E+00  0.00000000E+00
  0.00000000E+00  0.00000000E+00  0.00000000E+00  0.00000000E+00  0.00000000E+00
  0.00000000E+00 -7.61796182E-10  0.00000000E+00  0.00000000E+00  0.00000000E+00
  0.00000000E+00 -1.66275891E-12 -6.75068022E-15 -1.48074977E-12 -9.42940170E-13
 -9.07504540E-12  7.41409434E-11  5.77389021E-14 -1.32437179E-13 -2.03572662E-12
  1.24894244E-11  3.33872437E-02 -1.63704734E-02  0.00000000E+00  0.00000000E+00
  0.00000000E+00  0.00000000E+00  0.00000000E+00  0.00000000E+00  0.00000000E+00
  0.00000000E+00  0.00000000E+00  0.00000000E+00  0.00000000E+00  0.00000000E+00
 -3.76519926E-10  0.00000000E+00  0.00000000E+00  0.00000000E+00  0.00000000E+00
 -5.93792918E-13  0.00000000E+00 -9.46961476E-13  1.68978525E-12 -2.74542325E-12
  5.55581275E-11  2.55397696E-14  6.59196064E-15  4.82828079E-13  4.28907430E-12
  2.67487980E-04  4.37085405E-02 -1.85070746E-02  0.00000000E+00  0.00000000E+00
  0.00000000E+00  0.00000000E+00  0.00000000E+00  0.00000000E+00  0.00000000E+00
  0.00000000E+00  0.00000000E+00  0.00000000E+00  0.00000000E+00  0.00000000E+00
  0.00000000E+00 -2.31407796E-10  0.00000000E+00  0.00000000E+00  0.00000000E+00
  0.00000000E+00  0.00000000E+00  0.00000000E+00 -5.22675761E-13  3.39640469E-12
 -1.13976496E-13 -2.93796172E-12 -3.87171179E-15  0.00000000E+00 -3.05160275E-13
  1.17886950E-21  2.65316885E-07 -2.01922212E-05  1.49297770E-02 -2.88187787E-02
  0.00000000E+00  0.00000000E+00  0.00000000E+00  0.00000000E+00  0.00000000E+00
  0.00000000E+00  0.00000000E+00  0.00000000E+00  0.00000000E+00  0.00000000E+00
  0.00000000E+00  0.00000000E+00  0.00000000E+00  0.00000000E+00 -9.82656040E-11
  0.00000000E+00  0.00000000E+00  0.00000000E+00  0.00000000E+00  0.00000000E+00
  0.00000000E+00 -7.24216694E-14 -2.12433966E-13 -2.66326234E-14  6.01215909E-12
  5.01759144E-23  0.00000000E+00  7.57513030E-13  1.34664375E-22 -1.07074426E-02
  2.58669835E-02 -1.85609446E-04  0.00000000E+00  0.00000000E+00  0.00000000E+00
  0.00000000E+00  0.00000000E+00  0.00000000E+00  0.00000000E+00  0.00000000E+00
  0.00000000E+00  0.00000000E+00  0.00000000E+00  0.00000000E+00  0.00000000E+00
  0.00000000E+00  0.00000000E+00 -3.36254310E-12  0.00000000E+00  0.00000000E+00
  0.00000000E+00  0.00000000E+00  0.00000000E+00  0.00000000E+00  0.00000000E+00
 -1.04754462E-14  0.00000000E+00  9.46528446E-13  2.55738068E-02 -1.08141620E-02
 -3.53554626E-08  0.00000000E+00  0.00000000E+00  0.00000000E+00  0.00000000E+00
  0.00000000E+00  0.00000000E+00  0.00000000E+00  0.00000000E+00  0.00000000E+00
  0.00000000E+00  0.00000000E+00  0.00000000E+00  0.00000000E+00  0.00000000E+00
  0.00000000E+00 -8.90328664E-14
->       8      12       1       2                                 <-   
SCAT-SAVED                                                                      
         1         1
->       8      12       2       8                                 <-   
LAMBDA-D                                                                        
  1.24666998E-02  2.82917004E-02  4.25244011E-02  1.33041993E-01  2.92467207E-01
  6.66487694E-01  1.63478100E+00  3.55460000E+00
->      -8       0       0       0                                 <-   
->       6      12       3       3                                 <-   
SIGNATURE                                                                       
         4         4         4
L_LIBRARY   
->       6      12       1      40                                 <-   
STATE-VECTOR                                                                    
         1         1        33         2         0         0         1         0
         0         0         0         0        12         1         0         0
         0         1         8         0         0         1         0         0
         0         0         0         0         0         0         0         0
         0         0         0         0         0         0         0         0
->       6      12       1       1                                 <-   
ISOTOPESMIX                                                                     
         1
->       6      12       3       3                                 <-   
ISOTOPESUSED                                                                    
         4         4         4
*MAC*RES    
->       6      12       3       3                                 <-   
ISOTOPERNAME                                                                    
         4         4         4
*MAC*RES    
->       6      12       2       1                                 <-   
ISOTOPESDENS                                                                    
  1.00000000E+00
->       6      12       1       1                                 <-   
ISOTOPESTYPE                                                                    
         1
->       6      12       1       1                                 <-   
ISOTOPESTODO                                                                    
         1
->       6      12       2       1                                 <-   
ISOTOPESVOL                                                                     
  2.34294758E+01
->       6      12       2       1                                 <-   
ISOTOPESTEMP                                                                    
  7.13160034E+02
->       6      12       2       1                                 <-   
MIXTURESVOL                                                                     
  2.34294758E+01
->       6      12       2       1                                 <-   
K-EFFECTIVE                                                                     
  9.99999881E-01
->       6      12       2       1                                 <-   
K-INFINITY                                                                      
  8.32985640E-01
->       6      12       2       1                                 <-   
B2  B1HOM                                                                       
 -7.59438146E-04
->       6      12       3      24                                 <-   
ADDXSNAME-P0                                                                    
         4         4         4         4         4         4         4         4
         4         4         4         4         4         4         4         4
         4         4         4         4         4         4         4         4
NFTOT   NG      N2N     N3N     N4N     NA      NP      N2A     NNP     ND      
NT      TRANC   
->       6      12       2      34                                 <-   
ENERGY                                                                          
  1.96403300E+07  1.00000000E+07  6.06530700E+06  3.67879400E+06  2.23130200E+06
  1.35335300E+06  8.20850000E+05  4.97870688E+05  3.01973812E+05  1.83156406E+05
  1.11090000E+05  6.73794688E+04  4.08677109E+04  2.47875195E+04  1.50343896E+04
  9.11882031E+03  5.53084424E+03  3.35462598E+03  2.03468396E+03  1.23409802E+03
  7.48518311E+02  4.53999298E+02  3.04324799E+02  1.48575897E+02  9.16608810E+01
  6.79040527E+01  4.01689987E+01  2.26032906E+01  1.37095900E+01  8.31528664E+00
  4.00000000E+00  5.40000975E-01  1.00000098E-01  1.10002802E-04
->       6      12       2      33                                 <-   
DELTAU                                                                          
  6.75000012E-01  4.99999970E-01  5.00000179E-01  4.99999672E-01  5.00000060E-01
  5.00000119E-01  5.00000060E-01  5.00000119E-01  4.99999821E-01  4.99999762E-01
  5.00000358E-01  5.00000060E-01  5.00000060E-01  5.00000060E-01  4.99999762E-01
  4.99999970E-01  5.00000179E-01  4.99999762E-01  5.00000119E-01  4.99999970E-01
  5.00000060E-01  4.00000095E-01  7.16999590E-01  4.83000249E-01  2.99999952E-01
  5.25000155E-01  5.75000048E-01  4.99999881E-01  4.99999970E-01  7.31801212E-01
  2.00247860E+00  1.68639970E+00  6.81242085E+00
->      -6       0       0       0                                 <-   
->       5       0       0      -1                                 <-   00000005
->       6      12      10       1                                 <-   
ISOTOPESLIST                                                                    
->       7       0       0      -1                                 <-   00000001
->       8      12       3       3                                 <-   
ALIAS                                                                           
         4         4         4
*MAC*RES0001
->       8      12       2       1                                 <-   
AWR                                                                             
  6.26140671E+01
->       8      12       2      33                                 <-   
NWT0                                                                            
  2.52762607E-06  3.72905124E-05  2.30459322E-04  4.06890223E-03  2.32850965E-02
  4.05418724E-02  1.19258061E-01  7.59664029E-02  8.05957541E-02  8.06724504E-02
  7.93114826E-02  8.09890404E-02  6.93233311E-02  8.11324045E-02  7.26395398E-02
  6.13302886E-02  6.32371902E-02  5.92718907E-02  5.43150567E-02  4.59073968E-02
  4.02988605E-02  2.71410979E-02  4.22430374E-02  2.30475888E-02  1.23156663E-02
  1.82090402E-02  1.55736962E-02  1.09862657E-02  8.87048058E-03  1.01635233E-02
  1.55960815E-02  4.45690658E-03  1.19927770E-03
->       8      12       2      33                                 <-   
NTOT0                                                                           
  1.57610667E+00  1.79220915E+00  2.34917831E+00  2.27059960E+00  1.72779858E+00
  1.59671128E+00  1.56220138E+00  1.96271551E+00  2.43225336E+00  2.94833541E+00
  3.97698593E+00  3.19265389E+00  3.36508179E+00  3.34185648E+00  3.41008139E+00
  3.50878906E+00  3.47500825E+00  3.48385477E+00  3.48455930E+00  3.49798775E+00
  3.50076532E+00  3.53398299E+00  3.51009369E+00  3.51285100E+00  3.51280737E+00
  3.51634002E+00  3.51443529E+00  3.51505399E+00  3.51558566E+00  3.51614285E+00
  3.51790357E+00  3.52401209E+00  3.54432058E+00
->       8      12       2      33                                 <-   
NG                                                                              
  5.25948999E-04  2.31787184E-04  1.69768478E-04  2.82265915E-04  1.61509655E-04
  2.24516451E-04  6.51740644E-04  2.97628721E-04  7.82388088E-05  5.96642785E-04
  6.13706361E-04  1.32577668E-04  1.49496598E-04  6.02278524E-05  8.73645622E-05
  1.78151968E-04  1.03291612E-04  8.83300891E-05  2.44513387E-04  2.71998858E-03
  2.01608360E-04  6.77877513E-04  2.75552418E-04  5.89126255E-04  4.68612881E-04
  1.75129960E-03  6.45634544E-04  8.33430153E-04  1.11323758E-03  1.46627729E-03
  2.80807796E-03  6.94423355E-03  1.61068533E-02
->       8      12       2      33                                 <-   
N2N                                                                             
  5.35875201E-01  3.82141918E-02  0.00000000E+00  0.00000000E+00  0.00000000E+00
  0.00000000E+00  0.00000000E+00  0.00000000E+00  0.00000000E+00  0.00000000E+00
  0.00000000E+00  0.00000000E+00  0.00000000E+00  0.00000000E+00  0.00000000E+00
  0.00000000E+00  0.00000000E+00  0.00000000E+00  0.00000000E+00  0.00000000E+00
  0.00000000E+00  0.00000000E+00  0.00000000E+00  0.00000000E+00  0.00000000E+00
  0.00000000E+00  0.00000000E+00  0.00000000E+00  0.00000000E+00  0.00000000E+00
  0.00000000E+00  0.00000000E+00  0.00000000E+00
->       8      12       2      33                                 <-   
N3N                                                                             
  1.34438230E-03  0.00000000E+00  0.00000000E+00  0.00000000E+00  0.00000000E+00
  0.00000000E+00  0.00000000E+00  0.00000000E+00  0.00000000E+00  0.00000000E+00
  0.00000000E+00  0.00000000E+00  0.00000000E+00  0.00000000E+00  0.00000000E+00
  0.00000000E+00  0.00000000E+00  0.00000000E+00  0.00000000E+00  0.00000000E+00
  0.00000000E+00  0.00000000E+00  0.00000000E+00  0.00000000E+00  0.00000000E+00
  0.00000000E+00  0.00000000E+00  0.00000000E+00  0.00000000E+00  0.00000000E+00
  0.00000000E+00  0.00000000E+00  0.00000000E+00
->       8      12       2      33                                 <-   
NA                                                                              
  2.66230199E-04  7.94409134E-05  3.59533692E-06  9.20177783E-08  9.72347980E-09
  1.25581501E-09  3.14619830E-10  1.50582866E-10  1.57943714E-10  1.89049262E-10
  2.20884477E-10  2.40481746E-10  2.65185651E-10  3.64928116E-10  5.28526445E-10
  6.99162617E-10  8.85046758E-10  1.17398125E-09  1.72844505E-09  2.06889150E-09
  1.36774125E-09  1.26466870E-09  1.71089773E-08  3.57893271E-08  4.33724985E-08
  5.31455875E-08  7.00418852E-08  9.14295626E-08  1.17349089E-07  1.59875981E-07
  3.05251604E-07  7.53312463E-07  1.74669663E-06
->       8      12       2      33                                 <-   
NP                                                                              
  9.30608076E-04  4.94258420E-04  1.49596221E-04  3.39476719E-05  4.09924678E-06
  2.78639760E-07  3.08215498E-09  1.21188146E-11  2.39000422E-19  6.73380078E-20
  1.72101510E-21  0.00000000E+00  0.00000000E+00  0.00000000E+00  0.00000000E+00
  0.00000000E+00  0.00000000E+00  0.00000000E+00  0.00000000E+00  0.00000000E+00
  0.00000000E+00  0.00000000E+00  0.00000000E+00  0.00000000E+00  0.00000000E+00
  0.00000000E+00  0.00000000E+00  0.00000000E+00  0.00000000E+00  0.00000000E+00
  0.00000000E+00  0.00000000E+00  0.00000000E+00
->       8      12       2      33                                 <-   
N2A                                                                             
  6.56361196E-13  0.00000000E+00  0.00000000E+00  0.00000000E+00  0.00000000E+00
  0.00000000E+00  0.00000000E+00  0.00000000E+00  0.00000000E+00  0.00000000E+00
  0.00000000E+00  0.00000000E+00  0.00000000E+00  0.00000000E+00  0.00000000E+00
  0.00000000E+00  0.00000000E+00  0.00000000E+00  0.00000000E+00  0.00000000E+00
  0.00000000E+00  0.00000000E+00  0.00000000E+00  0.00000000E+00  0.00000000E+00
  0.00000000E+00  0.00000000E+00  0.00000000E+00  0.00000000E+00  0.00000000E+00
  0.00000000E+00  0.00000000E+00  0.00000000E+00
->       8      12       2      33                                 <-   
NNP                                                                             
  1.25583698E-04  3.55747454E-09  0.00000000E+00  0.00000000E+00  0.00000000E+00
  0.00000000E+00  0.00000000E+00  0.00000000E+00  0.00000000E+00  0.00000000E+00
  0.00000000E+00  0.00000000E+00  0.00000000E+00  0.00000000E+00  0.00000000E+00
  0.00000000E+00  0.00000000E+00  0.00000000E+00  0.00000000E+00  0.00000000E+00
  0.00000000E+00  0.00000000E+00  0.00000000E+00  0.00000000E+00  0.00000000E+00
  0.00000000E+00  0.00000000E+00  0.00000000E+00  0.00000000E+00  0.00000000E+00
  0.00000000E+00  0.00000000E+00  0.00000000E+00
->       8      12       2      33                                 <-   
ND                                                                              
  3.22837623E-05  2.56927777E-08  3.79941790E-17  0.00000000E+00  0.00000000E+00
  0.00000000E+00  0.00000000E+00  0.00000000E+00  0.00000000E+00  0.00000000E+00
  0.00000000E+00  0.00000000E+00  0.00000000E+00  0.00000000E+00  0.00000000E+00
  0.00000000E+00  0.00000000E+00  0.00000000E+00  0.00000000E+00  0.00000000E+00
  0.00000000E+00  0.00000000E+00  0.00000000E+00  0.00000000E+00  0.00000000E+00
  0.00000000E+00  0.00000000E+00  0.00000000E+00  0.00000000E+00  0.00000000E+00
  0.00000000E+00  0.00000000E+00  0.00000000E+00
->       8      12       2      33                                 <-   
NT                                                                              
  3.89836578E-06  4.20526500E-16  0.00000000E+00  0.00000000E+00  0.00000000E+00
  0.00000000E+00  0.00000000E+00  0.00000000E+00  0.00000000E+00  0.00000000E+00
  0.00000000E+00  0.00000000E+00  0.00000000E+00  0.00000000E+00  0.00000000E+00
  0.00000000E+00  0.00000000E+00  0.00000000E+00  0.00000000E+00  0.00000000E+00
  0.00000000E+00  0.00000000E+00  0.00000000E+00  0.00000000E+00  0.00000000E+00
  0.00000000E+00  0.00000000E+00  0.00000000E+00  0.00000000E+00  0.00000000E+00
  0.00000000E+00  0.00000000E+00  0.00000000E+00
->       8      12       2      33                                 <-   
H-FACTOR                                                                        
  3.51858916E-16  1.57218302E-16  1.18993227E-16  1.97582730E-16  1.18698539E-16
  1.63295750E-16  4.51615892E-16  2.23022452E-16  8.54363289E-17  4.31507779E-16
  4.66807216E-16  1.38267011E-16  1.88565138E-16  7.72001511E-17  1.25632483E-16
  2.65806642E-16  1.49766384E-16  1.20045665E-16  3.28008347E-16  3.35761933E-15
  2.50697744E-16  9.78416334E-16  3.66389766E-16  7.03548478E-16  6.09259311E-16
  2.47994010E-15  8.28226963E-16  1.06526241E-15  1.40924418E-15  1.87329828E-15
  3.58738020E-15  8.87135468E-15  2.05767274E-14
->       8      12       2      33                                 <-   
OVERV                                                                           
  2.13667500E-10  2.69951977E-10  3.46750906E-10  4.51797183E-10  5.60091917E-10
  7.06520620E-10  9.35155953E-10  1.16104548E-09  1.49505530E-09  1.92418037E-09
  2.46968557E-09  3.16006199E-09  4.04439682E-09  5.20396792E-09  6.68102951E-09
  8.61323990E-09  1.10311777E-08  1.41464946E-08  1.81708231E-08  2.33207818E-08
  2.99303089E-08  3.74234759E-08  4.95071291E-08  6.68532962E-08  8.13578609E-08
  9.98086023E-08  1.31395979E-07  1.72001791E-07  2.20851291E-07  3.00913001E-07
  5.74637056E-07  1.41793225E-06  3.30889293E-06
->       8      12       2      33                                 <-   
STRD                                                                            
  4.58625495E-01  4.82465267E-01  5.82959890E-01  7.75235772E-01  7.69387782E-01
  7.95049012E-01  8.26853693E-01  9.94082928E-01  1.33810997E+00  1.64943349E+00
  2.16521955E+00  1.91684914E+00  2.10159039E+00  2.08946681E+00  2.19428039E+00
  2.38136673E+00  2.32443142E+00  2.37948298E+00  2.38526869E+00  2.49376106E+00
  2.55223632E+00  2.73370266E+00  2.76436472E+00  2.90016365E+00  3.00714850E+00
  3.09275675E+00  3.08877659E+00  3.16287208E+00  3.15660501E+00  3.18097258E+00
  3.18035817E+00  3.34913111E+00  3.40483832E+00
->       8      12       2      33                                 <-   
SIGS00                                                                          
  2.11243773E+00  1.82949817E+00  2.34873462E+00  2.27021790E+00  1.72761583E+00
  1.59648943E+00  1.56154871E+00  1.96241701E+00  2.43217516E+00  2.94773841E+00
  3.97637057E+00  3.19252229E+00  3.36493206E+00  3.34179568E+00  3.40999627E+00
  3.50861001E+00  3.47490430E+00  3.48376703E+00  3.48431659E+00  3.49526739E+00
  3.50056100E+00  3.53330564E+00  3.50981855E+00  3.51226139E+00  3.51233888E+00
  3.51458883E+00  3.51379108E+00  3.51422262E+00  3.51447058E+00  3.51467705E+00
  3.51509547E+00  3.51706672E+00  3.52821159E+00
->       8      12       1      33                                 <-   
NJJS00                                                                          
         1         2         3         4         5         6         7         8
         9        10        11        12        13        14        15        16
        17        18        19        20        21        22        23        24
        25        26        27        28        29        31        33        33
        33
->       8      12       1      33                                 <-   
IJJS00                                                                          
         1         2         3         4         5         6         7         8
         9        10        11        12        13        14        15        16
        17        18        19        20        21        22        23        24
        25        26        27        28        29        31        33        33
        33
->       8      12       2     565                                 <-   
SCAT00                                                                          
  7.77143717E-01  9.96744275E-01  6.65984154E-02  1.76107061E+00  5.35909496E-02
  1.17029577E-01  2.15594864E+00  5.64098991E-02  1.69612139E-01  2.39152491E-01
  1.68931770E+00  6.91288337E-02  1.21203393E-01  2.47960463E-01  3.21082443E-01
  1.55851197E+00  3.49959247E-02  6.86505111E-03  1.72936484E-01  1.64632842E-01
  2.56792605E-01  1.54564404E+00  3.56150530E-02  2.69290875E-03  1.22473333E-02
  1.09551445E-01  9.95115861E-02  1.65189683E-01  1.92051077E+00  1.58535838E-02
  8.81614280E-04  4.04268416E-04  1.07783144E-02  6.58851415E-02  5.23849465E-02
  8.90154764E-02  2.38344884E+00  4.18736190E-02  2.19133399E-05  8.34200648E-04
  1.01033504E-04  7.40183936E-03  3.48388180E-02  2.47289166E-02  4.25302647E-02
  2.88873839E+00  4.87079509E-02  1.23912805E-05  2.45702995E-05  3.95460433E-04
  5.70600751E-05  4.85578738E-03  1.47706065E-02  1.10132648E-02  1.96951106E-02
  3.91130495E+00  5.89952692E-02  1.33182994E-05  1.04463979E-05  2.22782637E-06
  1.43173937E-04  2.71566478E-05  1.86284096E-03  6.80488767E-03  5.00130607E-03
  9.39740613E-03  3.12876725E+00  6.50663078E-02  8.62030447E-07  5.83909105E-06
  4.64825689E-06  1.30983506E-06  5.17400840E-05  1.17076679E-05  6.99077733E-04
  3.04921530E-03  2.22968357E-03  4.48746048E-03  3.28643417E+00  6.37534708E-02
  7.14092891E-08  2.65409835E-06  1.37523230E-07  2.69587849E-06  5.96561961E-07
  1.54274039E-05  4.91154742E-06  2.67559983E-04  1.30059058E-03  1.07042165E-03
  2.22051237E-03  3.27800202E+00  7.83788040E-02  1.21131643E-06  2.84784694E-08
  9.45739089E-07  4.46190569E-08  1.26855514E-06  3.18307599E-07  8.97962309E-06
  1.98237444E-06  1.02523991E-04  5.42912516E-04  5.23627212E-04  1.11003208E-03
  3.34342599E+00  6.35636300E-02  1.19634031E-04  0.00000000E+00  1.38529046E-08
  3.68446081E-07  1.70275722E-08  4.83477379E-07  1.52365843E-07  1.90110932E-05
  7.91707635E-07  3.79254416E-05  2.19308276E-04  2.52597907E-04  5.77654399E-04
  3.43434238E+00  6.65688664E-02  1.17359014E-04  0.00000000E+00  0.00000000E+00
  5.74931391E-09  1.42967195E-07  6.42945519E-09  1.87897825E-07  6.69561686E-08
  9.12428459E-06  3.14930332E-07  1.40198918E-05  9.09088049E-05  1.27191743E-04
  2.57364911E-04  3.40536165E+00  7.42673650E-02  0.00000000E+00  6.94461705E-05
  0.00000000E+00  0.00000000E+00  2.20437668E-09  5.37899396E-08  2.40044140E-09
  7.00277880E-08  3.26233902E-08  2.09982841E-06  1.27624176E-07  5.18208253E-06
  3.59145888E-05  6.13521843E-05  9.84839717E-05  3.41542530E+00  6.95426986E-02
  0.00000000E+00  0.00000000E+00  2.76903556E-05  0.00000000E+00  0.00000000E+00
  8.23992652E-10  2.00898569E-08  8.91703933E-10  2.60263171E-08  1.67180332E-08
  8.82837355E-07  5.40869394E-08  1.91686127E-06  1.41868622E-05  2.80823442E-05
  3.73185576E-05  3.41605902E+00  6.83416575E-02  0.00000000E+00  0.00000000E+00
  0.00000000E+00  1.08171580E-05  0.00000000E+00  0.00000000E+00  1.05267878E-10
  7.54874563E-09  3.30365790E-10  9.68715685E-09  8.23801116E-09  3.11087973E-07
  2.37229809E-08  7.10625045E-07  5.61309025E-06  1.25805755E-05  1.39003751E-05
  3.42739010E+00  6.82578832E-02  0.00000000E+00  0.00000000E+00  0.00000000E+00
  0.00000000E+00  4.08056530E-06  0.00000000E+00  0.00000000E+00  0.00000000E+00
  3.02309777E-09  1.22286431E-10  3.62095953E-09  3.79454379E-09  3.90540862E-08
  1.04302025E-08  2.64751122E-07  2.31061927E-06  5.74373598E-06  5.14582734E-06
  3.43314672E+00  6.78773746E-02  0.00000000E+00  0.00000000E+00  0.00000000E+00
  0.00000000E+00  0.00000000E+00  1.54297641E-06  0.00000000E+00  0.00000000E+00
  0.00000000E+00  1.18373833E-09  4.52902264E-11  1.36455081E-09  1.64638614E-09
  1.18529382E-08  4.60257610E-09  9.94938958E-08  1.02322474E-06  2.85992814E-06
  1.90813057E-06  3.44617867E+00  6.74138144E-02  0.00000000E+00  0.00000000E+00
  0.00000000E+00  0.00000000E+00  0.00000000E+00  1.62302541E-07  3.56130158E-07
  0.00000000E+00  0.00000000E+00  0.00000000E+00  3.84906051E-10  1.46332564E-11
  4.53775101E-10  6.04458150E-10  4.08846512E-09  1.75326820E-09  3.28635004E-08
  4.20010252E-07  1.48496645E-06  6.16685668E-07  3.46488714E+00  8.71272609E-02
  0.00000000E+00  0.00000000E+00  0.00000000E+00  0.00000000E+00  0.00000000E+00
  0.00000000E+00  3.41237183E-07  7.88633514E-09  0.00000000E+00  0.00000000E+00
  0.00000000E+00  2.45496679E-10  9.22072488E-12  2.97846581E-10  4.30999347E-10
  2.85659074E-09  1.39753664E-09  2.15101270E-08  3.65508271E-07  1.36203289E-06
  3.87151658E-07  3.44341159E+00  4.49316427E-02  0.00000000E+00  0.00000000E+00
  0.00000000E+00  0.00000000E+00  0.00000000E+00  0.00000000E+00  0.00000000E+00
  6.87559734E-08  0.00000000E+00  0.00000000E+00  0.00000000E+00  0.00000000E+00
  5.02633282E-11  1.83922907E-12  6.45751369E-11  1.02636663E-10  6.82354506E-10
  3.48361395E-10  4.36298597E-09  1.05486968E-07  3.32851414E-07  7.60881704E-08
  3.39775491E+00  6.88494444E-02  0.00000000E+00  0.00000000E+00  0.00000000E+00
  0.00000000E+00  0.00000000E+00  0.00000000E+00  0.00000000E+00  0.00000000E+00
  1.92336493E-08  0.00000000E+00  0.00000000E+00  0.00000000E+00  0.00000000E+00
  1.43863550E-11  5.33147257E-13  1.99814089E-11  3.37269518E-11  2.18522200E-10
  1.23235810E-10  1.13316112E-09  3.46206619E-08  1.00357141E-07  2.12834319E-08
  3.45329547E+00  1.14584185E-01  6.01613749E-07  0.00000000E+00  0.00000000E+00
  0.00000000E+00  0.00000000E+00  0.00000000E+00  0.00000000E+00  0.00000000E+00
  0.00000000E+00  1.53650070E-08  0.00000000E+00  0.00000000E+00  0.00000000E+00
  0.00000000E+00  1.20569865E-11  4.31253828E-13  1.80475582E-11  3.21458207E-11
  2.08219511E-10  1.24995819E-10  9.87811388E-10  3.07271613E-08  8.24657533E-08
  1.70075936E-08  3.45659161E+00  6.12936988E-02  0.00000000E+00  0.00000000E+00
  0.00000000E+00  0.00000000E+00  0.00000000E+00  0.00000000E+00  0.00000000E+00
  0.00000000E+00  0.00000000E+00  0.00000000E+00  5.76804648E-09  0.00000000E+00
  0.00000000E+00  0.00000000E+00  0.00000000E+00  5.02261297E-12  1.69557646E-13
  8.35339783E-12  1.59603459E-11  9.49974613E-11  5.92626573E-11  3.49997226E-10
  1.26231843E-08  3.17285718E-08  6.32780539E-09  3.44847488E+00  5.71991578E-02
  0.00000000E+00  0.00000000E+00  0.00000000E+00  0.00000000E+00  0.00000000E+00
  0.00000000E+00  0.00000000E+00  0.00000000E+00  0.00000000E+00  0.00000000E+00
  0.00000000E+00  1.75804082E-09  0.00000000E+00  0.00000000E+00  0.00000000E+00
  0.00000000E+00  1.75786816E-12  5.55477973E-14  2.95572529E-12  6.38327672E-12
  3.74773233E-11  2.16044092E-11  2.82792088E-11  3.67881725E-09  9.39623135E-09
  2.26745595E-10  3.44864893E+00  6.57479763E-02  0.00000000E+00  0.00000000E+00
  0.00000000E+00  0.00000000E+00  0.00000000E+00  0.00000000E+00  0.00000000E+00
  0.00000000E+00  0.00000000E+00  0.00000000E+00  0.00000000E+00  0.00000000E+00
  6.71982081E-10  0.00000000E+00  0.00000000E+00  0.00000000E+00  0.00000000E+00
  7.32472134E-13  2.36641575E-14  1.28416277E-12  3.20850334E-12  5.22031984E-12
  1.06032292E-11  1.57866619E-11  1.31405409E-09  3.42719320E-09  1.19661975E-10
  9.24335606E-03  3.45932174E+00  6.58216774E-02  0.00000000E+00  0.00000000E+00
  0.00000000E+00  0.00000000E+00  0.00000000E+00  0.00000000E+00  0.00000000E+00
  0.00000000E+00  0.00000000E+00  0.00000000E+00  0.00000000E+00  0.00000000E+00
  0.00000000E+00  3.21974752E-10  0.00000000E+00  0.00000000E+00  0.00000000E+00
  0.00000000E+00  0.00000000E+00  1.33488555E-14  8.00870817E-13  2.19849876E-12
  3.37692927E-13  4.53569821E-12  1.23557839E-11  7.65424529E-11  1.47675916E-09
  7.72633901E-11 -1.38085390E-10  5.13115488E-02  3.48186707E+00  5.53556271E-02
  0.00000000E+00  0.00000000E+00  0.00000000E+00  0.00000000E+00  0.00000000E+00
  0.00000000E+00  0.00000000E+00  0.00000000E+00  0.00000000E+00  0.00000000E+00
  0.00000000E+00  0.00000000E+00  0.00000000E+00  0.00000000E+00  1.21975680E-10
  0.00000000E+00  0.00000000E+00  0.00000000E+00  0.00000000E+00  0.00000000E+00
  6.57882401E-15  1.33461100E-13  7.13748667E-13  1.10010952E-13  2.79821717E-12
  9.87203028E-12  6.13609025E-11  2.10745088E-10  6.08820633E-11  1.81662709E-01
  3.40778065E+00  2.39840243E-02  0.00000000E+00  0.00000000E+00  0.00000000E+00
  0.00000000E+00  0.00000000E+00  0.00000000E+00  0.00000000E+00  0.00000000E+00
  0.00000000E+00  0.00000000E+00  0.00000000E+00  0.00000000E+00  0.00000000E+00
  0.00000000E+00  0.00000000E+00  5.78212348E-12  0.00000000E+00  0.00000000E+00
  0.00000000E+00  0.00000000E+00  0.00000000E+00  4.79029637E-16  2.96827079E-16
  4.18968415E-14  1.65374056E-15  1.16043161E-13  1.09232870E-12  7.79707982E-12
  5.64942711E-12  7.05585416E-12  3.34654951E+00  5.79745844E-02  7.02493594E-07
  0.00000000E+00  0.00000000E+00  0.00000000E+00  0.00000000E+00  0.00000000E+00
  0.00000000E+00  0.00000000E+00  0.00000000E+00  0.00000000E+00  0.00000000E+00
  0.00000000E+00  0.00000000E+00  0.00000000E+00  0.00000000E+00  0.00000000E+00
  7.08109623E-13  0.00000000E+00  0.00000000E+00  0.00000000E+00  0.00000000E+00
  0.00000000E+00  7.43161826E-17  4.98895127E-17  4.34725578E-16  7.60559155E-17
  2.80093954E-15  1.53950501E-13  7.45663622E-13  3.23833923E-13  9.20450565E-13
->       8      12       2      33                                 <-   
SIGS01                                                                          
  6.58263564E-01  7.94907331E-01  1.17215562E+00  8.28893125E-01  4.15468335E-01
  3.09303284E-01  2.54971594E-01  2.53536373E-01  2.30997711E-01  1.86572015E-01
  1.62963465E-01  8.68988633E-02  6.05897903E-02  3.85450199E-02  2.76704468E-02
  2.18551587E-02  1.72345731E-02  1.49924606E-02  1.35266744E-02  1.28158135E-02
  1.24275535E-02  1.25778271E-02  1.21215302E-02  1.20989429E-02  1.21105555E-02
  1.21187093E-02  1.21260146E-02  1.21302987E-02  1.21327229E-02  1.21345147E-02
  1.30191911E-02  1.31360600E-02  1.32089099E-02
->       8      12       1      33                                 <-   
NJJS01                                                                          
         1         2         3         4         5         6         7         8
         9        10        11        12        13        14        15        16
        17        18        19        20        21        22        23        24
        25        26        27        28        29        31        33        29
        19
->       8      12       1      33                                 <-   
IJJS01                                                                          
         1         2         3         4         5         6         7         8
         9        10        11        12        13        14        15        16
        17        18        19        20        21        22        23        24
        25        26        27        28        29        31        33        33
        33
->       8      12       2     547                                 <-   
SCAT01                                                                          
  6.18946314E-01  7.78987825E-01  1.18433405E-02  1.17343485E+00  3.78047489E-03
  1.05456952E-02  8.50129545E-01 -8.45911913E-03  6.21330505E-03  8.35980009E-03
  4.25668865E-01 -2.15053298E-02  3.52361263E-03  2.90280138E-03  4.12123883E-03
  3.18033427E-01 -1.02224089E-02  1.19785382E-05  8.97951948E-04  1.52144139E-03
  2.32029147E-03  2.59526700E-01 -8.81234556E-03  1.06027539E-04  1.48479317E-04
  1.47069397E-03  8.83458881E-04  1.46338216E-03  2.65970230E-01 -4.55575390E-03
  6.98940494E-05 -8.55160324E-05  4.31963854E-05  1.93379106E-04  3.27105517E-04
  4.70200903E-04  2.46200129E-01 -1.24338586E-02  1.26748830E-06  1.28832698E-05
  1.38305631E-06  1.15646246E-04  5.02347073E-04  1.98609123E-04  1.69636958E-04
  2.04882115E-01 -1.52021786E-02 -2.96459177E-08 -6.83059511E-07  3.11480517E-06
  2.80795661E-07 -1.95739012E-05  3.00467043E-04  1.25779579E-05 -6.56336051E-05
  1.83530748E-01 -1.83102321E-02 -1.08106466E-08 -2.96497742E-08  1.04829539E-07
  1.36402514E-06  1.99751575E-08 -1.63440764E-05  1.60386247E-04  3.02418212E-05
  4.06801701E-05  1.07552357E-01 -2.05672737E-02  1.99878414E-07 -2.23695167E-07
  6.10445667E-08 -9.34013666E-09 -8.23812934E-06 -1.49528901E-07 -7.86943110E-06
  9.46495929E-05  3.42426029E-05  5.18806264E-05  8.62859786E-02 -2.06525251E-02
  8.69666839E-10 -2.20858229E-08 -1.62255169E-08  3.49764022E-08 -7.46425410E-09
  8.64741423E-07 -1.04002211E-07 -2.84381599E-06  2.40387453E-05  7.69414612E-07
 -1.25730876E-05  5.94073124E-02 -2.56932806E-02 -9.86947612E-07 -2.93762042E-10
 -1.69456662E-08  3.11457544E-12 -2.91931279E-08  1.41769876E-08 -1.47863261E-07
 -4.22103419E-08 -1.95836583E-06  1.06324405E-05  7.62051968E-06  2.54581591E-05
  4.95056473E-02 -2.08626315E-02 -2.90465755E-06  0.00000000E+00  5.11212565E-11
 -6.02892980E-09  1.75666912E-11 -1.33176519E-08  1.70132294E-11  5.24365169E-06
 -3.05060581E-08 -9.34708055E-07  1.23013126E-06  4.72536749E-06  7.68999416E-06
  4.63472195E-02 -2.18352620E-02  1.50552125E-06  0.00000000E+00  0.00000000E+00
 -8.99737507E-11 -3.46512330E-09 -2.25350402E-12 -7.27236982E-09  7.92557131E-10
 -2.66957477E-06 -2.06525677E-08 -4.44435415E-07  1.44278033E-06  8.91798493E-07
 -1.20737832E-05  4.02320884E-02 -2.44920589E-02  0.00000000E+00 -4.12428193E-07
  0.00000000E+00  0.00000000E+00 -4.51473095E-11 -1.69422831E-09 -1.07952276E-12
 -3.60007246E-09  1.26155153E-09  1.47433980E-07 -6.92336499E-09 -2.10884878E-07
 -6.95522942E-07  4.38703978E-07 -4.98381496E-06  3.76312733E-02 -2.29975171E-02
  0.00000000E+00  0.00000000E+00 -3.42822801E-07  0.00000000E+00  0.00000000E+00
 -2.96260863E-11 -8.16728130E-10 -5.13608741E-13 -1.70750736E-09  1.01112740E-09
 -9.75841203E-08 -2.54995602E-09 -9.99419996E-08 -4.40537661E-07 -5.73531224E-07
 -3.90489549E-06  3.61027829E-02 -2.26388127E-02  0.00000000E+00  0.00000000E+00
  0.00000000E+00 -1.93903404E-07  0.00000000E+00  0.00000000E+00 -4.86046654E-11
 -3.34440586E-10 -2.43134560E-13 -8.06018918E-10  2.55436755E-10 -1.62100378E-07
 -1.05777898E-09 -4.66842174E-08 -1.87431525E-07 -2.88944335E-07 -1.68409247E-06
  3.52624208E-02 -2.25761086E-02  0.00000000E+00  0.00000000E+00  0.00000000E+00
  0.00000000E+00 -8.76425474E-08  0.00000000E+00  0.00000000E+00  0.00000000E+00
 -1.22621371E-10 -1.14582538E-13 -3.78425208E-10 -1.10071702E-10 -1.14447793E-08
 -6.60210553E-10 -2.18517364E-08 -4.64021603E-08  1.96041313E-07 -6.16259399E-07
  3.46931405E-02 -2.24466007E-02  0.00000000E+00  0.00000000E+00  0.00000000E+00
  0.00000000E+00  0.00000000E+00 -4.30417018E-08  0.00000000E+00  0.00000000E+00
  0.00000000E+00 -1.00137017E-10 -5.37028816E-14 -1.76281614E-10 -2.04349565E-10
 -1.97241934E-09 -3.54138913E-10 -1.00625446E-08  2.11340279E-08  3.53745122E-07
 -2.25610833E-07  4.15604189E-02 -2.22655870E-02  0.00000000E+00  0.00000000E+00
  0.00000000E+00  0.00000000E+00  0.00000000E+00  7.86218166E-08 -8.89142484E-08
  0.00000000E+00  0.00000000E+00  0.00000000E+00 -4.02291950E-11 -2.13780037E-14
 -6.85751664E-11 -1.16847962E-10 -7.80717435E-10 -1.49284501E-10 -3.98405220E-09
  2.99272536E-08  4.45778710E-07 -7.22247009E-08  2.69797556E-02 -2.89826002E-02
  0.00000000E+00  0.00000000E+00  0.00000000E+00  0.00000000E+00  0.00000000E+00
  0.00000000E+00 -8.43021741E-09 -6.82106993E-09  0.00000000E+00  0.00000000E+00
  0.00000000E+00 -3.13984498E-11 -1.59944029E-14 -5.40379408E-11 -9.51530868E-11
 -5.62938696E-10 -8.03048739E-11 -3.07857650E-09  5.13431928E-08  4.77697313E-07
 -4.47763213E-08  3.48676741E-02 -1.48582235E-02  0.00000000E+00  0.00000000E+00
  0.00000000E+00  0.00000000E+00  0.00000000E+00  0.00000000E+00  0.00000000E+00
 -4.29648628E-09  0.00000000E+00  0.00000000E+00  0.00000000E+00  0.00000000E+00
 -8.02474406E-12 -4.69881956E-15 -1.34695154E-11 -2.20933410E-11 -1.17583832E-10
 -4.36220574E-11 -8.16085644E-10  2.90725541E-08  9.32545774E-08 -8.63031957E-09
  5.00073507E-02 -2.27681771E-02  0.00000000E+00  0.00000000E+00  0.00000000E+00
  0.00000000E+00  0.00000000E+00  0.00000000E+00  0.00000000E+00  0.00000000E+00
 -1.46454171E-09  0.00000000E+00  0.00000000E+00  0.00000000E+00  0.00000000E+00
 -2.94148733E-12 -1.56057837E-15 -4.15911229E-12 -6.64807228E-12 -3.72251049E-11
 -1.18562174E-11 -2.26383870E-10  1.01122097E-08  2.51860648E-08 -2.40022824E-09
  3.23905312E-02 -3.78967933E-02 -5.57272642E-07  0.00000000E+00  0.00000000E+00
  0.00000000E+00  0.00000000E+00  0.00000000E+00  0.00000000E+00  0.00000000E+00
  0.00000000E+00 -1.40104262E-09  0.00000000E+00  0.00000000E+00  0.00000000E+00
  0.00000000E+00 -2.79605224E-12 -1.42990935E-15 -3.48180144E-12 -5.42577008E-12
 -2.63085075E-11 -6.98791545E-12 -2.03115691E-10  8.62059846E-09  2.01097272E-08
 -1.90192995E-09  3.10363732E-02 -2.02718265E-02  0.00000000E+00  0.00000000E+00
  0.00000000E+00  0.00000000E+00  0.00000000E+00  0.00000000E+00  0.00000000E+00
  0.00000000E+00  0.00000000E+00  0.00000000E+00 -6.69615863E-10  0.00000000E+00
  0.00000000E+00  0.00000000E+00  0.00000000E+00 -1.26793823E-12 -6.35096145E-16
 -1.23381578E-12 -1.78597892E-12 -1.24541887E-11 -4.02309523E-12 -7.03206313E-11
  3.37898820E-09  7.61912577E-09 -6.94074298E-10  3.38742658E-02 -1.89103577E-02
  0.00000000E+00  0.00000000E+00  0.00000000E+00  0.00000000E+00  0.00000000E+00
  0.00000000E+00  0.00000000E+00  0.00000000E+00  0.00000000E+00  0.00000000E+00
  0.00000000E+00 -2.41439285E-10  0.00000000E+00  0.00000000E+00  0.00000000E+00
  0.00000000E+00 -4.48464345E-13 -9.87819815E-17 -5.38524412E-13 -1.74017254E-13
 -2.40662048E-12 -5.50152046E-13  2.14267718E-13  9.69597846E-10  2.17728657E-09
  5.08956982E-12  3.38950679E-02 -2.17439700E-02  0.00000000E+00  0.00000000E+00
  0.00000000E+00  0.00000000E+00  0.00000000E+00  0.00000000E+00  0.00000000E+00
  0.00000000E+00  0.00000000E+00  0.00000000E+00  0.00000000E+00  0.00000000E+00
 -1.19332044E-10  0.00000000E+00  0.00000000E+00  0.00000000E+00  0.00000000E+00
 -1.78370028E-13  0.00000000E+00 -3.44394381E-13  2.59251469E-13 -7.38665693E-13
  4.20857061E-13  2.29227715E-14  3.36483896E-10  8.18794477E-10  1.73465051E-12
 -3.35185614E-04  3.03985346E-02 -2.17623506E-02  0.00000000E+00  0.00000000E+00
  0.00000000E+00  0.00000000E+00  0.00000000E+00  0.00000000E+00  0.00000000E+00
  0.00000000E+00  0.00000000E+00  0.00000000E+00  0.00000000E+00  0.00000000E+00
  0.00000000E+00 -7.33410416E-11  0.00000000E+00  0.00000000E+00  0.00000000E+00
  0.00000000E+00  0.00000000E+00  0.00000000E+00 -1.90088586E-13  5.28369395E-13
 -2.85843533E-14 -1.31501018E-14 -4.33374693E-16  0.00000000E+00  3.33485933E-10
  1.84670003E-23  9.73906580E-11 -8.20173044E-03  1.87039599E-02 -1.82640199E-02
  0.00000000E+00  0.00000000E+00  0.00000000E+00  0.00000000E+00  0.00000000E+00
  0.00000000E+00  0.00000000E+00  0.00000000E+00  0.00000000E+00  0.00000000E+00
  0.00000000E+00  0.00000000E+00  0.00000000E+00  0.00000000E+00 -3.11437334E-11
  0.00000000E+00  0.00000000E+00  0.00000000E+00  0.00000000E+00  0.00000000E+00
  0.00000000E+00 -2.63385742E-14 -3.30477731E-14 -6.74034642E-15  4.31922456E-13
  2.34190567E-25  0.00000000E+00  3.86345470E-11  2.10951878E-24 -3.55866924E-02
  3.20008509E-02 -5.34898648E-03  0.00000000E+00  0.00000000E+00  0.00000000E+00
  0.00000000E+00  0.00000000E+00  0.00000000E+00  0.00000000E+00  0.00000000E+00
  0.00000000E+00  0.00000000E+00  0.00000000E+00  0.00000000E+00  0.00000000E+00
  0.00000000E+00  0.00000000E+00 -1.06570503E-12  0.00000000E+00  0.00000000E+00
  0.00000000E+00  0.00000000E+00  0.00000000E+00  0.00000000E+00  0.00000000E+00
 -1.62963655E-15  0.00000000E+00  5.56050940E-14  4.87956032E-02 -1.06630679E-02
 -6.02931209E-07  0.00000000E+00  0.00000000E+00  0.00000000E+00  0.00000000E+00
  0.00000000E+00  0.00000000E+00  0.00000000E+00  0.00000000E+00  0.00000000E+00
  0.00000000E+00  0.00000000E+00  0.00000000E+00  0.00000000E+00  0.00000000E+00
  0.00000000E+00 -2.82175626E-14
->       8      12       1       2                                 <-   
SCAT-SAVED                                                                      
         1         1
->       8      12       2       8                                 <-   
LAMBDA-D                                                                        
  1.24666998E-02  2.82917004E-02  4.25244011E-02  1.33041993E-01  2.92467207E-01
  6.66487694E-01  1.63478100E+00  3.55460000E+00
->      -8       0       0       0                                 <-   
->       6      12       3       3                                 <-   
SIGNATURE                                                                       
         4         4         4
L_LIBRARY   
->       6      12       1      40                                 <-   
STATE-VECTOR                                                                    
         1         1        33         2         0         0         1         0
         0         0         0         0        12         1         0         0
         0         1         8         0         0         1         0         0
         0         0         0         0         0         0         0         0
         0         0         0         0         0         0         0         0
->       6      12       1       1                                 <-   
ISOTOPESMIX                                                                     
         1
->       6      12       3       3                                 <-   
ISOTOPESUSED                                                                    
         4         4         4
*MAC*RES    
->       6      12       3       3                                 <-   
ISOTOPERNAME                                                                    
         4         4         4
*MAC*RES    
->       6      12       2       1                                 <-   
ISOTOPESDENS                                                                    
  1.00000000E+00
->       6      12       1       1                                 <-   
ISOTOPESTYPE                                                                    
         1
->       6      12       1       1                                 <-   
ISOTOPESTODO                                                                    
         1
->       6      12       2       1                                 <-   
ISOTOPESVOL                                                                     
  2.34294758E+01
->       6      12       2       1                                 <-   
ISOTOPESTEMP                                                                    
  7.13160034E+02
->       6      12       2       1                                 <-   
MIXTURESVOL                                                                     
  2.34294758E+01
->       6      12       2       1                                 <-   
K-EFFECTIVE                                                                     
  1.00000000E+00
->       6      12       2       1                                 <-   
K-INFINITY                                                                      
  1.14824188E+00
->       6      12       2       1                                 <-   
B2  B1HOM                                                                       
  3.66932456E-03
->       6      12       3      24                                 <-   
ADDXSNAME-P0                                                                    
         4         4         4         4         4         4         4         4
         4         4         4         4         4         4         4         4
         4         4         4         4         4         4         4         4
NFTOT   NG      N2N     N3N     N4N     NA      NP      N2A     NNP     ND      
NT      TRANC   
->       6      12       2      34                                 <-   
ENERGY                                                                          
  1.96403300E+07  1.00000000E+07  6.06530700E+06  3.67879400E+06  2.23130200E+06
  1.35335300E+06  8.20850000E+05  4.97870688E+05  3.01973812E+05  1.83156406E+05
  1.11090000E+05  6.73794688E+04  4.08677109E+04  2.47875195E+04  1.50343896E+04
  9.11882031E+03  5.53084424E+03  3.35462598E+03  2.03468396E+03  1.23409802E+03
  7.48518311E+02  4.53999298E+02  3.04324799E+02  1.48575897E+02  9.16608810E+01
  6.79040527E+01  4.01689987E+01  2.26032906E+01  1.37095900E+01  8.31528664E+00
  4.00000000E+00  5.40000975E-01  1.00000098E-01  1.10002802E-04
->       6      12       2      33                                 <-   
DELTAU                                                                          
  6.75000012E-01  4.99999970E-01  5.00000179E-01  4.99999672E-01  5.00000060E-01
  5.00000119E-01  5.00000060E-01  5.00000119E-01  4.99999821E-01  4.99999762E-01
  5.00000358E-01  5.00000060E-01  5.00000060E-01  5.00000060E-01  4.99999762E-01
  4.99999970E-01  5.00000179E-01  4.99999762E-01  5.00000119E-01  4.99999970E-01
  5.00000060E-01  4.00000095E-01  7.16999590E-01  4.83000249E-01  2.99999952E-01
  5.25000155E-01  5.75000048E-01  4.99999881E-01  4.99999970E-01  7.31801212E-01
  2.00247860E+00  1.68639970E+00  6.81242085E+00
->      -6       0       0       0                                 <-   
->       5       0       0      -1                                 <-   00000006
->       6      12      10       1                                 <-   
ISOTOPESLIST                                                                    
->       7       0       0      -1                                 <-   00000001
->       8      12       3       3                                 <-   
ALIAS                                                                           
         4         4         4
*MAC*RES0001
->       8      12       2       1                                 <-   
AWR                                                                             
  1.08021367E+00
->       8      12       2      33                                 <-   
NWT0                                                                            
  1.78786577E-04  2.85693794E-03  1.33806067E-02  4.03302386E-02  6.50491938E-02
  9.14344341E-02  1.90244481E-01  1.61889762E-01  1.89390436E-01  1.89408898E-01
  1.59924373E-01  1.30048662E-01  9.38614085E-02  9.87433344E-02  5.93854748E-02
  3.42333093E-02  3.91855091E-02  2.66659930E-02  1.81927886E-02  8.07842053E-03
  4.66679269E-03  1.62695651E-03  1.54295168E-03  2.84551352E-04  6.35345932E-05
  3.47942223E-05  7.02444095E-06  1.38550274E-06  2.51580701E-07  7.28467597E-08
  1.36597151E-07  4.54602862E-08  4.17681072E-08
->       8      12       2      33                                 <-   
NTOT0                                                                           
  3.94658595E-02  4.64783423E-02  5.32271825E-02  5.15656210E-02  4.27296311E-02
  3.87947820E-02  4.11558636E-02  4.89974059E-02  5.59040979E-02  5.94607145E-02
  8.32573473E-02  7.12255463E-02  9.68318880E-02  5.18464819E-02  7.96743929E-02
  1.47930533E-01  1.04912512E-01  1.03539161E-01  9.97645706E-02  1.09779991E-01
  1.10055625E-01  1.33825809E-01  1.17950022E-01  1.20012425E-01  1.19566351E-01
  1.21552572E-01  1.20918103E-01  1.21461928E-01  1.21949703E-01  1.22443266E-01
  1.23548791E-01  1.30889177E-01  1.36682257E-01
->       8      12       2      33                                 <-   
NG                                                                              
  1.10875462E-05  8.53971960E-06  1.22959345E-05  2.01919884E-05  2.08798374E-05
  2.67403866E-05  3.89131637E-05  4.68285070E-05  5.54081198E-05  6.75214687E-05
  1.09573470E-04  7.96475288E-05  1.23660982E-04  7.22283512E-05  8.47305346E-05
  1.76992733E-04  1.02636564E-04  8.52747107E-05  2.48379278E-04  3.00957775E-03
  1.92616542E-04  5.56213083E-04  2.76235223E-04  6.23814762E-04  4.40013508E-04
  1.09020143E-03  6.27785455E-04  8.03291448E-04  1.08732632E-03  1.43242232E-03
  2.41566659E-03  9.33513045E-03  1.45209832E-02
->       8      12       2      33                                 <-   
N2N                                                                             
  6.02063863E-03  3.75489035E-04  0.00000000E+00  0.00000000E+00  0.00000000E+00
  0.00000000E+00  0.00000000E+00  0.00000000E+00  0.00000000E+00  0.00000000E+00
  0.00000000E+00  0.00000000E+00  0.00000000E+00  0.00000000E+00  0.00000000E+00
  0.00000000E+00  0.00000000E+00  0.00000000E+00  0.00000000E+00  0.00000000E+00
  0.00000000E+00  0.00000000E+00  0.00000000E+00  0.00000000E+00  0.00000000E+00
  0.00000000E+00  0.00000000E+00  0.00000000E+00  0.00000000E+00  0.00000000E+00
  0.00000000E+00  0.00000000E+00  0.00000000E+00
->       8      12       2      33                                 <-   
N3N                                                                             
  1.36167773E-05  0.00000000E+00  0.00000000E+00  0.00000000E+00  0.00000000E+00
  0.00000000E+00  0.00000000E+00  0.00000000E+00  0.00000000E+00  0.00000000E+00
  0.00000000E+00  0.00000000E+00  0.00000000E+00  0.00000000E+00  0.00000000E+00
  0.00000000E+00  0.00000000E+00  0.00000000E+00  0.00000000E+00  0.00000000E+00
  0.00000000E+00  0.00000000E+00  0.00000000E+00  0.00000000E+00  0.00000000E+00
  0.00000000E+00  0.00000000E+00  0.00000000E+00  0.00000000E+00  0.00000000E+00
  0.00000000E+00  0.00000000E+00  0.00000000E+00
->       8      12       2      33                                 <-   
NA                                                                              
  2.56289670E-04  7.77645982E-05  4.50934022E-06  1.45706892E-07  1.06139479E-08
  1.22375488E-09  3.55050600E-10  1.49086438E-10  1.56998622E-10  1.89463126E-10
  2.23458405E-10  2.41332121E-10  2.70605122E-10  3.54483443E-10  5.24085220E-10
  7.08109460E-10  8.79777196E-10  1.15793275E-09  1.70538916E-09  2.07852358E-09
  1.38096812E-09  8.82203699E-10  6.61846689E-10  6.26832586E-10  6.10666295E-10
  6.42262465E-10  7.52769513E-10  9.31195010E-10  1.16683807E-09  1.58859648E-09
  2.65569589E-09  1.02218456E-08  1.58988254E-08
->       8      12       2      33                                 <-   
NP                                                                              
  9.10622650E-04  4.91169048E-04  1.61698466E-04  4.56267444E-05  4.56795760E-06
  2.66791290E-07  4.20655999E-09  1.07417157E-11  2.44438644E-19  6.54593061E-20
  1.54689924E-21  0.00000000E+00  0.00000000E+00  0.00000000E+00  0.00000000E+00
  0.00000000E+00  0.00000000E+00  0.00000000E+00  0.00000000E+00  0.00000000E+00
  0.00000000E+00  0.00000000E+00  0.00000000E+00  0.00000000E+00  0.00000000E+00
  0.00000000E+00  0.00000000E+00  0.00000000E+00  0.00000000E+00  0.00000000E+00
  0.00000000E+00  0.00000000E+00  0.00000000E+00
->       8      12       2      33                                 <-   
N2A                                                                             
  6.63146404E-13  0.00000000E+00  0.00000000E+00  0.00000000E+00  0.00000000E+00
  0.00000000E+00  0.00000000E+00  0.00000000E+00  0.00000000E+00  0.00000000E+00
  0.00000000E+00  0.00000000E+00  0.00000000E+00  0.00000000E+00  0.00000000E+00
  0.00000000E+00  0.00000000E+00  0.00000000E+00  0.00000000E+00  0.00000000E+00
  0.00000000E+00  0.00000000E+00  0.00000000E+00  0.00000000E+00  0.00000000E+00
  0.00000000E+00  0.00000000E+00  0.00000000E+00  0.00000000E+00  0.00000000E+00
  0.00000000E+00  0.00000000E+00  0.00000000E+00
->       8      12       2      33                                 <-   
NNP                                                                             
  1.23215170E-04  3.42553630E-09  0.00000000E+00  0.00000000E+00  0.00000000E+00
  0.00000000E+00  0.00000000E+00  0.00000000E+00  0.00000000E+00  0.00000000E+00
  0.00000000E+00  0.00000000E+00  0.00000000E+00  0.00000000E+00  0.00000000E+00
  0.00000000E+00  0.00000000E+00  0.00000000E+00  0.00000000E+00  0.00000000E+00
  0.00000000E+00  0.00000000E+00  0.00000000E+00  0.00000000E+00  0.00000000E+00
  0.00000000E+00  0.00000000E+00  0.00000000E+00  0.00000000E+00  0.00000000E+00
  0.00000000E+00  0.00000000E+00  0.00000000E+00
->       8      12       2      33                                 <-   
ND                                                                              
  1.27816920E-05  2.47446668E-08  5.25606245E-17  0.00000000E+00  0.00000000E+00
  0.00000000E+00  0.00000000E+00  0.00000000E+00  0.00000000E+00  0.00000000E+00
  0.00000000E+00  0.00000000E+00  0.00000000E+00  0.00000000E+00  0.00000000E+00
  0.00000000E+00  0.00000000E+00  0.00000000E+00  0.00000000E+00  0.00000000E+00
  0.00000000E+00  0.00000000E+00  0.00000000E+00  0.00000000E+00  0.00000000E+00
  0.00000000E+00  0.00000000E+00  0.00000000E+00  0.00000000E+00  0.00000000E+00
  0.00000000E+00  0.00000000E+00  0.00000000E+00
->       8      12       2      33                                 <-   
NT                                                                              
  1.08541272E-07  4.07669596E-18  0.00000000E+00  0.00000000E+00  0.00000000E+00
  0.00000000E+00  0.00000000E+00  0.00000000E+00  0.00000000E+00  0.00000000E+00
  0.00000000E+00  0.00000000E+00  0.00000000E+00  0.00000000E+00  0.00000000E+00
  0.00000000E+00  0.00000000E+00  0.00000000E+00  0.00000000E+00  0.00000000E+00
  0.00000000E+00  0.00000000E+00  0.00000000E+00  0.00000000E+00  0.00000000E+00
  0.00000000E+00  0.00000000E+00  0.00000000E+00  0.00000000E+00  0.00000000E+00
  0.00000000E+00  0.00000000E+00  0.00000000E+00
->       8      12       2      33                                 <-   
H-FACTOR                                                                        
  1.08574586E-17  9.36655651E-18  1.44455480E-17  2.36947408E-17  2.54855157E-17
  3.25474197E-17  4.49138856E-17  5.75111350E-17  7.02563140E-17  8.25969752E-17
  1.33642145E-16  1.01281655E-16  1.57485593E-16  9.27996525E-17  1.22664532E-16
  2.65110698E-16  1.49369509E-16  1.16533919E-16  3.33925799E-16  3.71230316E-15
  2.42716285E-16  7.84189402E-16  3.71053662E-16  7.41339858E-16  5.71947404E-16
  1.51569240E-15  8.09074754E-16  1.03019196E-15  1.37640281E-15  1.83595069E-15
  3.09599478E-15  1.19639778E-14  1.86101965E-14
->       8      12       2      33                                 <-   
OVERV                                                                           
  2.13738249E-10  2.70397399E-10  3.40936751E-10  4.36583936E-10  5.55033242E-10
  7.11920967E-10  9.12353193E-10  1.17652355E-09  1.48581625E-09  1.93338989E-09
  2.49876475E-09  3.15370330E-09  4.10991863E-09  5.11255216E-09  6.63062449E-09
  8.72578454E-09  1.09645377E-08  1.39999345E-08  1.80290183E-08  2.32114594E-08
  2.95760838E-08  3.69453730E-08  4.78597606E-08  6.56483294E-08  8.06532796E-08
  9.68370699E-08  1.27510162E-07  1.66973976E-07  2.14482498E-07  2.95967936E-07
  4.97819940E-07  1.91495383E-06  2.99030921E-06
->       8      12       2      33                                 <-   
STRD                                                                            
  7.61734024E-02  7.90387988E-02  9.03664380E-02  9.61653367E-02  1.05490558E-01
  1.23844855E-01  1.22318946E-01  1.68028086E-01  1.80767134E-01  1.88077062E-01
  2.33996123E-01  2.31386065E-01  2.39550427E-01  2.16161430E-01  2.89235115E-01
  4.13258731E-01  3.42593133E-01  3.45758587E-01  3.18835914E-01  3.50886405E-01
  3.43530029E-01  4.03572857E-01  3.72678727E-01  3.78908247E-01  3.82069528E-01
  3.85402054E-01  3.69284600E-01  4.01632637E-01  3.55701417E-01  3.99834365E-01
  4.16335225E-01  1.16774881E+00  1.22190702E+00
->       8      12       2      33                                 <-   
SIGS00                                                                          
  4.41922210E-02  4.62750345E-02  5.30474521E-02  5.14988415E-02  4.27039936E-02
  3.87677997E-02  4.11169380E-02  4.89505753E-02  5.58486730E-02  5.93931824E-02
  8.31477642E-02  7.11459070E-02  9.67081040E-02  5.17742336E-02  7.95896947E-02
  1.47753492E-01  1.04809843E-01  1.03453882E-01  9.95162055E-02  1.06770404E-01
  1.09862939E-01  1.33269608E-01  1.17673792E-01  1.19388618E-01  1.19126350E-01
  1.20462380E-01  1.20290309E-01  1.20658666E-01  1.20862350E-01  1.21010840E-01
  1.21133134E-01  1.21554017E-01  1.22161306E-01
->       8      12       1      33                                 <-   
NJJS00                                                                          
         1         2         3         4         5         6         7         8
         9        10        11        12        13        14        15        16
        17        18        19        20        21        22        23        24
        25        26        27        28        29        31        33        33
        33
->       8      12       1      33                                 <-   
IJJS00                                                                          
         1         2         3         4         5         6         7         8
         9        10        11        12        13        14        15        16
        17        18        19        20        21        22        23        24
        25        26        27        28        29        31        33        33
        33
->       8      12       2     565                                 <-   
SCAT00                                                                          
  1.95674188E-02  2.63268221E-02  2.33605737E-03  3.58479545E-02  2.91062170E-03
  2.88805994E-03  4.18424569E-02  4.10756795E-03  4.61704982E-03  4.59034741E-03
  3.54307815E-02  6.35968102E-03  3.79971508E-03  5.06966980E-03  5.42873936E-03
  3.45415510E-02  4.16797446E-03  1.27258466E-03  4.14380338E-03  3.44528281E-03
  4.19304799E-03  3.91071998E-02  2.03617476E-03  2.54639657E-03  8.35429062E-04
  2.64938059E-03  1.99104729E-03  2.57654954E-03  4.65123542E-02  1.95965031E-03
  8.68174771E-04  3.60970676E-04  5.94166748E-04  1.34473457E-03  1.02080044E-03
  1.36032235E-03  5.24759293E-02  2.40542111E-03  2.77105464E-05  7.20370444E-04
  9.72375710E-05  3.21676198E-04  6.66108681E-04  4.98356705E-04  6.62523264E-04
  5.67131266E-02  3.35401157E-03  1.58255698E-05  1.61949156E-05  3.13786964E-04
  5.46963674E-05  1.69053834E-04  2.76188861E-04  2.25333904E-04  3.06957052E-04
  8.03675726E-02  2.67523876E-03  1.32422483E-05  9.62716604E-06  2.94670508E-06
  1.47714411E-04  2.64439714E-05  6.34298922E-05  1.21278761E-04  9.63531493E-05
  1.44885256E-04  6.71286508E-02  2.78009917E-03  9.54894631E-07  5.27691373E-06
  3.63645086E-06  1.74245167E-06  6.72410097E-05  1.14535378E-05  2.45691499E-05
  5.26731783E-05  4.06640174E-05  6.91643872E-05  9.19833630E-02  4.01602313E-03
  6.34648316E-08  2.78866992E-06  1.42098614E-07  2.05213860E-06  7.48333832E-07
  1.99939132E-05  4.80242261E-06  9.61785736E-06  2.21899045E-05  1.80432526E-05
  3.41575615E-05  4.95175682E-02  4.57444647E-03  1.22590143E-06  1.96432381E-08
  6.43051692E-07  4.20050235E-08  9.59211093E-07  3.87722650E-07  1.16650635E-05
  1.93117876E-06  3.78952791E-06  9.25582663E-06  8.11241352E-06  1.71435549E-05
  7.48618618E-02  2.01405748E-03  1.50317981E-04  0.00000000E+00  1.56306577E-08
  2.56705533E-07  1.56193281E-08  3.89770776E-07  1.88074196E-07  2.48269098E-05
  7.70315012E-07  1.44506157E-06  3.83295492E-06  3.67972416E-06  8.98507460E-06
  1.39172420E-01  4.72711166E-03  1.40178876E-04  0.00000000E+00  0.00000000E+00
  7.17637594E-09  1.09882180E-07  5.90116622E-09  1.93724702E-07  8.40047107E-08
  1.19183678E-05  3.06414535E-07  5.64059349E-07  1.60941056E-06  1.73268415E-06
  4.34571120E-06  9.98766720E-02  8.58107023E-03  0.00000000E+00  6.78064534E-05
  0.00000000E+00  0.00000000E+00  2.75153456E-09  4.13500203E-08  2.20319363E-09
  7.30260936E-08  4.03435791E-08  2.74120748E-06  1.24307007E-07  2.22450126E-07
  6.59993759E-07  7.99948339E-07  1.97572990E-06  9.85982046E-02  4.93316399E-03
  0.00000000E+00  0.00000000E+00  2.22662893E-05  0.00000000E+00  0.00000000E+00
  1.02851938E-09  1.54455471E-08  8.18431711E-10  2.71407625E-08  2.01335411E-08
  1.15271166E-06  5.28993453E-08  8.87344385E-08  2.74232889E-07  3.60032232E-07
  8.70262511E-07  9.50617343E-02  4.85569192E-03  0.00000000E+00  0.00000000E+00
  0.00000000E+00  8.33485865E-06  0.00000000E+00  0.00000000E+00  1.31396866E-10
  6.08737682E-09  3.03221143E-10  1.01020232E-08  9.85390258E-09  4.06142703E-07
  2.33289992E-08  3.64799959E-08  1.16277974E-07  1.60555047E-07  3.79463529E-07
  1.01865672E-01  4.45448933E-03  0.00000000E+00  0.00000000E+00  0.00000000E+00
  0.00000000E+00  2.73903606E-06  0.00000000E+00  0.00000000E+00  0.00000000E+00
  3.26225358E-09  1.12240189E-10  3.77607412E-09  4.56941240E-09  5.08358546E-08
  1.03134079E-08  1.58261066E-08  5.13319840E-08  7.33727958E-08  1.67001929E-07
  1.05354019E-01  4.90472792E-03  0.00000000E+00  0.00000000E+00  0.00000000E+00
  0.00000000E+00  0.00000000E+00  1.03570642E-06  0.00000000E+00  0.00000000E+00
  0.00000000E+00  1.48316970E-09  4.15704658E-11  1.42302992E-09  1.98964201E-09
  1.54098672E-08  4.56949589E-09  7.19824822E-09  2.39577851E-08  3.62119614E-08
  7.42567963E-08  1.24937557E-01  4.50892886E-03  0.00000000E+00  0.00000000E+00
  0.00000000E+00  0.00000000E+00  0.00000000E+00  1.88014141E-07  2.39048575E-07
  0.00000000E+00  0.00000000E+00  0.00000000E+00  4.82269613E-10  1.34318893E-11
  4.73235173E-10  7.32438332E-10  5.31529842E-09  1.74785397E-09  2.90091173E-09
  1.00343414E-08  1.79488389E-08  2.82468022E-08  1.15463540E-01  8.33200756E-03
  0.00000000E+00  0.00000000E+00  0.00000000E+00  0.00000000E+00  0.00000000E+00
  0.00000000E+00  3.95295189E-07  5.29361843E-09  0.00000000E+00  0.00000000E+00
  0.00000000E+00  3.07596087E-10  8.46444269E-12  3.10628773E-10  5.23137700E-10
  3.71248987E-09  1.39753742E-09  2.38629161E-09  8.66264571E-09  1.63022964E-08
  2.09626929E-08  1.15371980E-01  2.21024640E-03  0.00000000E+00  0.00000000E+00
  0.00000000E+00  0.00000000E+00  0.00000000E+00  0.00000000E+00  0.00000000E+00
  7.96481316E-08  0.00000000E+00  0.00000000E+00  0.00000000E+00  0.00000000E+00
  6.29776370E-11  1.68849299E-12  6.73517145E-11  1.24792385E-10  8.87277585E-10
  3.46037005E-10  6.45034026E-10  2.61005306E-09  4.15745571E-09  5.04618525E-09
  1.11297540E-01  4.01626667E-03  0.00000000E+00  0.00000000E+00  0.00000000E+00
  0.00000000E+00  0.00000000E+00  0.00000000E+00  0.00000000E+00  0.00000000E+00
  2.22806005E-08  0.00000000E+00  0.00000000E+00  0.00000000E+00  0.00000000E+00
  1.80254422E-11  4.89488875E-13  2.08417849E-11  4.10516343E-11  2.84140017E-10
  1.22287777E-10  2.31239597E-10  9.30121313E-10  1.32883515E-09  1.60859759E-09
  1.17756933E-01  7.82881211E-03  3.68259208E-07  0.00000000E+00  0.00000000E+00
  0.00000000E+00  0.00000000E+00  0.00000000E+00  0.00000000E+00  0.00000000E+00
  0.00000000E+00  1.77990973E-08  0.00000000E+00  0.00000000E+00  0.00000000E+00
  0.00000000E+00  1.51068498E-11  3.96018423E-13  1.88258020E-11  3.91639290E-11
  2.70778733E-10  1.24246100E-10  2.43104370E-10  9.19565757E-10  1.19771904E-09
  1.47399060E-09  1.17197238E-01  2.70544039E-03  0.00000000E+00  0.00000000E+00
  0.00000000E+00  0.00000000E+00  0.00000000E+00  0.00000000E+00  0.00000000E+00
  0.00000000E+00  0.00000000E+00  0.00000000E+00  6.68180755E-09  0.00000000E+00
  0.00000000E+00  0.00000000E+00  0.00000000E+00  6.29310319E-12  1.55754980E-13
  8.71433134E-12  1.94690028E-11  1.23512423E-10  5.79394657E-11  1.38476092E-10
  4.73546369E-10  5.50168744E-10  6.90423829E-10  1.17787533E-01  3.09307268E-03
  0.00000000E+00  0.00000000E+00  0.00000000E+00  0.00000000E+00  0.00000000E+00
  0.00000000E+00  0.00000000E+00  0.00000000E+00  0.00000000E+00  0.00000000E+00
  0.00000000E+00  2.03654582E-09  0.00000000E+00  0.00000000E+00  0.00000000E+00
  0.00000000E+00  2.20252809E-12  5.09458402E-14  3.08351348E-12  7.93947980E-12
  4.88273033E-11  2.01759789E-11  5.77365794E-11  1.96016842E-10  2.10320997E-10
  2.25632346E-10  1.17805570E-01  2.87115574E-03  0.00000000E+00  0.00000000E+00
  0.00000000E+00  0.00000000E+00  0.00000000E+00  0.00000000E+00  0.00000000E+00
  0.00000000E+00  0.00000000E+00  0.00000000E+00  0.00000000E+00  0.00000000E+00
  7.78435982E-10  0.00000000E+00  0.00000000E+00  0.00000000E+00  0.00000000E+00
  9.17753937E-13  2.16711126E-14  1.33961971E-12  3.97181376E-12  6.79585598E-12
  9.89834430E-12  3.37968542E-11  1.07079220E-10  1.05156120E-10  1.19258728E-10
  2.96286104E-04  1.16127104E-01  3.05677764E-03  0.00000000E+00  0.00000000E+00
  0.00000000E+00  0.00000000E+00  0.00000000E+00  0.00000000E+00  0.00000000E+00
  0.00000000E+00  0.00000000E+00  0.00000000E+00  0.00000000E+00  0.00000000E+00
  0.00000000E+00  3.72981285E-10  0.00000000E+00  0.00000000E+00  0.00000000E+00
  0.00000000E+00  0.00000000E+00  1.22245879E-14  8.35484351E-13  2.71673634E-12
  4.27708894E-13  4.22961752E-12  2.67847515E-11  7.44312806E-11  7.17418347E-11
  7.72754499E-11 -1.69896763E-10  1.68813945E-04  1.20673209E-01  4.88376943E-03
  0.00000000E+00  0.00000000E+00  0.00000000E+00  0.00000000E+00  0.00000000E+00
  0.00000000E+00  0.00000000E+00  0.00000000E+00  0.00000000E+00  0.00000000E+00
  0.00000000E+00  0.00000000E+00  0.00000000E+00  0.00000000E+00  1.41298792E-10
  0.00000000E+00  0.00000000E+00  0.00000000E+00  0.00000000E+00  0.00000000E+00
  6.02474207E-15  1.38936199E-13  8.80615622E-13  1.37076900E-13  2.61085337E-12
  2.14056290E-11  5.96685409E-11  4.77716686E-11  6.08912434E-11  1.27786696E-02
  1.07909605E-01  1.63632416E-04  0.00000000E+00  0.00000000E+00  0.00000000E+00
  0.00000000E+00  0.00000000E+00  0.00000000E+00  0.00000000E+00  0.00000000E+00
  0.00000000E+00  0.00000000E+00  0.00000000E+00  0.00000000E+00  0.00000000E+00
  0.00000000E+00  0.00000000E+00  6.69811429E-12  0.00000000E+00  0.00000000E+00
  0.00000000E+00  0.00000000E+00  0.00000000E+00  4.38684796E-16  2.74989114E-16
  5.16450184E-14  1.59688072E-15  1.07844919E-13  2.52113413E-12  7.57984734E-12
  5.65829935E-12  7.05515681E-12  1.09382629E-01  1.34756025E-02  1.02776081E-08
  0.00000000E+00  0.00000000E+00  0.00000000E+00  0.00000000E+00  0.00000000E+00
  0.00000000E+00  0.00000000E+00  0.00000000E+00  0.00000000E+00  0.00000000E+00
  0.00000000E+00  0.00000000E+00  0.00000000E+00  0.00000000E+00  0.00000000E+00
  8.20286710E-13  0.00000000E+00  0.00000000E+00  0.00000000E+00  0.00000000E+00
  0.00000000E+00  6.80571253E-17  4.62190708E-17  5.04174180E-16  8.32823705E-17
  2.82162768E-15  3.57650975E-13  7.04520697E-13  3.25770091E-13  9.19635028E-13
->       8      12       2      33                                 <-   
SIGS01                                                                          
  1.72706116E-02  2.16884874E-02  2.46179700E-02  1.88149996E-02  1.05533861E-02
  8.37939139E-03  7.75015960E-03  6.43290719E-03  5.80179924E-03  3.66674084E-03
  3.70087870E-03  2.96242535E-03  2.95598106E-03  7.90739607E-04  1.03570288E-03
  1.87701546E-03  1.18727086E-03  1.14641478E-03  1.00273441E-03  9.98931937E-04
  1.02937385E-03  1.31327484E-03  1.12282473E-03  1.12744712E-03  1.13909121E-03
  1.14620407E-03  1.15341856E-03  1.15769403E-03  1.16006366E-03  1.16179197E-03
  1.19526824E-03  1.19885034E-03  1.20047887E-03
->       8      12       1      33                                 <-   
NJJS01                                                                          
         1         2         3         4         5         6         7         8
         9        10        11        12        13        14        15        16
        17        18        19        20        21        22        23        24
        25        26        27        28        29        31        33        29
        19
->       8      12       1      33                                 <-   
IJJS01                                                                          
         1         2         3         4         5         6         7         8
         9        10        11        12        13        14        15        16
        17        18        19        20        21        22        23        24
        25        26        27        28        29        31        33        33
        33
->       8      12       2     547                                 <-   
SCAT01                                                                          
  1.61464140E-02  2.09464915E-02  4.43462981E-04  2.43403912E-02  3.35485005E-04
  2.49355915E-04  1.91050079E-02  3.54105650E-05  2.15562119E-04  1.96447771E-04
  1.09111704E-02 -2.11534163E-04  1.35308452E-04  1.12602625E-04  1.29737557E-04
  8.80150590E-03 -3.77410965E-04 -9.06581045E-05  7.62940108E-05  5.20042086E-05
  6.51160008E-05  8.27769935E-03 -4.99310205E-04  8.77324346E-05  4.17830734E-06
  2.24033101E-05  1.73457956E-05  2.43096947E-05  7.42559927E-03 -5.27828117E-04
  6.73640243E-05 -6.94400005E-05  7.96048062E-06  2.68796839E-06  8.05448963E-06
  1.01747355E-05  7.32489536E-03 -9.92488698E-04  5.51321875E-07  5.19233799E-06
  1.33793753E-06  3.25027258E-06  2.75231150E-06  4.66009442E-06  2.57565671E-06
  4.56696888E-03 -1.52279180E-03 -1.49510853E-07 -3.95529241E-07  1.44581202E-06
  2.65625658E-07 -7.76838363E-07  1.49846733E-06 -2.05333686E-06 -1.04825961E-06
  4.44790535E-03 -9.00363433E-04 -8.11952603E-08 -8.89905891E-08  1.27455465E-07
  9.82258734E-06  9.10518736E-08 -1.34782510E-06  8.91950435E-07 -1.12918485E-06
  9.24988058E-07  4.33026021E-03 -7.47027691E-04  2.19807646E-07 -2.08420744E-07
  4.72518167E-08 -1.64429093E-09 -1.07695460E-05 -1.56136778E-07 -5.77352353E-07
  5.49670233E-07 -2.06753967E-07  1.11997633E-06  4.59339470E-03 -1.36683602E-03
  4.33263758E-10 -5.45904513E-08 -1.40601735E-08  2.06103525E-08 -1.11046692E-08
  1.13133444E-06 -1.01019907E-07 -2.11860808E-07 -3.15586846E-08 -2.44365310E-07
  3.81364742E-07  1.42063061E-03 -1.63769070E-03 -9.98831069E-07 -2.57801835E-10
 -2.40008440E-08  3.46070264E-12 -2.20757777E-08  1.66546208E-08 -1.91461396E-07
 -4.33959251E-08 -1.54740036E-07 -3.36176136E-08 -2.77527921E-08  6.99804218E-07
  2.48468155E-03 -6.27573405E-04  2.76721948E-07  0.00000000E+00  5.25998411E-10
 -1.17326127E-09  1.95189039E-11  2.22884378E-09 -4.14932755E-10  6.85700479E-06
 -2.98110905E-08 -6.95278004E-08 -7.33444665E-08 -1.47025254E-08  4.51344789E-07
  4.62400494E-03 -1.44905038E-03 -7.03242733E-07  0.00000000E+00  0.00000000E+00
 -1.12306511E-10 -2.66170908E-09 -2.50393933E-12 -5.75125325E-09  7.73880793E-10
 -3.48967410E-06 -2.02077075E-08 -3.61643870E-08 -3.11439869E-08 -2.48035104E-08
  1.87460543E-07  2.79583386E-03 -2.74698972E-03  0.00000000E+00 -9.46011653E-07
  0.00000000E+00  0.00000000E+00 -5.63535225E-11 -1.30184863E-09 -1.19949179E-12
 -3.75914411E-09  1.10995924E-09  1.93045508E-07 -6.51919763E-09 -1.83332354E-08
 -3.00299909E-08 -1.00641850E-08  1.84734986E-07  2.75627850E-03 -1.60856324E-03
  0.00000000E+00  0.00000000E+00 -2.75669635E-07  0.00000000E+00  0.00000000E+00
 -3.69797006E-11 -6.27671692E-10 -5.70686835E-13 -1.78295467E-09  1.06164733E-09
 -1.27451131E-07 -2.29356090E-09 -8.75026629E-09 -1.51223958E-08 -1.14473799E-08
  7.09728525E-08  2.44838302E-03 -1.60986360E-03  0.00000000E+00  0.00000000E+00
  0.00000000E+00 -2.40884077E-07  0.00000000E+00  0.00000000E+00 -6.06690392E-11
 -4.33719276E-11 -2.70154477E-13 -8.41633374E-10  3.40826478E-10 -2.11874521E-07
 -9.22634524E-10 -3.52094731E-09 -6.15331297E-09 -5.07161158E-09  2.73818994E-08
  2.59125442E-03 -1.44564838E-03  0.00000000E+00  0.00000000E+00  0.00000000E+00
  0.00000000E+00 -5.88291300E-08  0.00000000E+00  0.00000000E+00  0.00000000E+00
  1.45213730E-10 -1.27316262E-13 -3.95146166E-10 -1.24991587E-10 -1.49344430E-08
 -6.02922823E-10 -1.41776813E-09 -2.25808572E-09  9.74309855E-10  1.10123466E-08
  2.47652200E-03 -1.59232190E-03  0.00000000E+00  0.00000000E+00  0.00000000E+00
  0.00000000E+00  0.00000000E+00 -2.88912858E-08  0.00000000E+00  0.00000000E+00
  0.00000000E+00 -1.25467081E-10 -5.96709639E-14 -1.84070731E-10 -2.48121745E-10
 -2.56461874E-09 -3.32065098E-10 -6.03139261E-10 -4.71389705E-10  3.02194514E-09
  4.40201209E-09  4.06754622E-03 -1.44714827E-03  0.00000000E+00  0.00000000E+00
  0.00000000E+00  0.00000000E+00  0.00000000E+00  9.10769060E-08 -5.96827405E-08
  0.00000000E+00  0.00000000E+00  0.00000000E+00 -5.04053327E-11 -2.37537735E-14
 -7.16052079E-11 -1.42506423E-10 -1.01522379E-09 -1.37724970E-10 -2.23564486E-10
  1.31222366E-10  4.18887591E-09  1.43402978E-09  1.85638259E-03 -2.75427126E-03
  0.00000000E+00  0.00000000E+00  0.00000000E+00  0.00000000E+00  0.00000000E+00
  0.00000000E+00 -9.76571268E-09 -4.57857086E-09  0.00000000E+00  0.00000000E+00
  0.00000000E+00 -3.93408188E-11 -1.77718846E-14 -5.64256419E-11 -1.16105930E-10
 -7.31960603E-10 -6.70583866E-11 -1.51346227E-10  4.99927655E-10  4.57341054E-09
  9.80107773E-10  2.46238359E-03 -7.33557506E-04  0.00000000E+00  0.00000000E+00
  0.00000000E+00  0.00000000E+00  0.00000000E+00  0.00000000E+00  0.00000000E+00
 -4.97712627E-09  0.00000000E+00  0.00000000E+00  0.00000000E+00  0.00000000E+00
 -1.00546359E-11 -5.22100648E-15 -1.40646756E-11 -2.69322568E-11 -1.52793056E-10
 -4.16794377E-11 -3.05391164E-11  3.12713050E-10  8.94780250E-10  2.36463127E-10
  3.74420453E-03 -1.33459480E-03  0.00000000E+00  0.00000000E+00  0.00000000E+00
  0.00000000E+00  0.00000000E+00  0.00000000E+00  0.00000000E+00  0.00000000E+00
 -1.69655112E-09  0.00000000E+00  0.00000000E+00  0.00000000E+00  0.00000000E+00
 -3.68554839E-12 -1.73400773E-15 -4.34288543E-12 -8.09566823E-12 -4.83619533E-11
 -1.11527419E-11 -5.97685746E-12  1.07566907E-10  2.42033948E-10  6.20230048E-11
  2.04654504E-03 -2.60511320E-03 -3.41324210E-07  0.00000000E+00  0.00000000E+00
  0.00000000E+00  0.00000000E+00  0.00000000E+00  0.00000000E+00  0.00000000E+00
  0.00000000E+00 -1.62299274E-09  0.00000000E+00  0.00000000E+00  0.00000000E+00
  0.00000000E+00 -3.50332502E-12 -1.58881739E-15 -3.63564712E-12 -6.59535144E-12
 -3.41051562E-11 -6.03680951E-12 -8.53637300E-12  9.30218749E-11  1.93591407E-10
  4.92974758E-11  2.15980783E-03 -9.00340674E-04  0.00000000E+00  0.00000000E+00
  0.00000000E+00  0.00000000E+00  0.00000000E+00  0.00000000E+00  0.00000000E+00
  0.00000000E+00  0.00000000E+00  0.00000000E+00 -7.75694842E-10  0.00000000E+00
  0.00000000E+00  0.00000000E+00  0.00000000E+00 -1.58866843E-12 -7.05675324E-16
 -1.28833283E-12 -2.15624805E-12 -1.61579968E-11 -3.62923168E-12 -3.88480350E-12
  3.73395100E-11  7.36242733E-11  1.83390664E-11  2.12723226E-03 -1.00638927E-03
  0.00000000E+00  0.00000000E+00  0.00000000E+00  0.00000000E+00  0.00000000E+00
  0.00000000E+00  0.00000000E+00  0.00000000E+00  0.00000000E+00  0.00000000E+00
  0.00000000E+00 -2.79687551E-10  0.00000000E+00  0.00000000E+00  0.00000000E+00
  0.00000000E+00 -5.61905177E-13 -1.09759767E-16 -5.62319505E-13 -2.27121490E-13
 -3.12261480E-12 -4.73736068E-13  1.58755645E-13  1.11428609E-11  2.12427003E-11
  5.00120735E-12  2.16029631E-03 -9.69538174E-04  0.00000000E+00  0.00000000E+00
  0.00000000E+00  0.00000000E+00  0.00000000E+00  0.00000000E+00  0.00000000E+00
  0.00000000E+00  0.00000000E+00  0.00000000E+00  0.00000000E+00  0.00000000E+00
 -1.38236353E-10  0.00000000E+00  0.00000000E+00  0.00000000E+00  0.00000000E+00
 -2.23489453E-13  0.00000000E+00 -3.59611700E-13  3.19609329E-13 -9.64383087E-13
  4.15909982E-13  1.71158152E-14  3.81440018E-12  7.99346613E-12  1.70240005E-12
  2.35944553E-05  2.72585382E-03 -1.00023183E-03  0.00000000E+00  0.00000000E+00
  0.00000000E+00  0.00000000E+00  0.00000000E+00  0.00000000E+00  0.00000000E+00
  0.00000000E+00  0.00000000E+00  0.00000000E+00  0.00000000E+00  0.00000000E+00
  0.00000000E+00 -8.49595602E-11  0.00000000E+00  0.00000000E+00  0.00000000E+00
  0.00000000E+00  0.00000000E+00  0.00000000E+00 -1.98487792E-13  6.54506831E-13
 -3.71802978E-14 -5.94495834E-15 -8.57614877E-16  0.00000000E+00  3.25780332E-12
  1.81226751E-23  1.19795396E-10 -1.96850251E-05  1.21264509E-03 -1.56406220E-03
  0.00000000E+00  0.00000000E+00  0.00000000E+00  0.00000000E+00  0.00000000E+00
  0.00000000E+00  0.00000000E+00  0.00000000E+00  0.00000000E+00  0.00000000E+00
  0.00000000E+00  0.00000000E+00  0.00000000E+00  0.00000000E+00 -3.60774501E-11
  0.00000000E+00  0.00000000E+00  0.00000000E+00  0.00000000E+00  0.00000000E+00
  0.00000000E+00 -2.75023636E-14 -4.09372514E-14 -8.79959405E-15  4.04414620E-13
  7.21263759E-25  0.00000000E+00  3.77418501E-13  2.07018598E-24 -2.27685366E-03
  3.53250816E-03 -4.09620043E-05  0.00000000E+00  0.00000000E+00  0.00000000E+00
  0.00000000E+00  0.00000000E+00  0.00000000E+00  0.00000000E+00  0.00000000E+00
  0.00000000E+00  0.00000000E+00  0.00000000E+00  0.00000000E+00  0.00000000E+00
  0.00000000E+00  0.00000000E+00 -1.23453168E-12  0.00000000E+00  0.00000000E+00
  0.00000000E+00  0.00000000E+00  0.00000000E+00  0.00000000E+00  0.00000000E+00
 -2.01867878E-15  0.00000000E+00  5.06626940E-14  3.47733195E-03 -2.31397338E-03
 -8.92429597E-09  0.00000000E+00  0.00000000E+00  0.00000000E+00  0.00000000E+00
  0.00000000E+00  0.00000000E+00  0.00000000E+00  0.00000000E+00  0.00000000E+00
  0.00000000E+00  0.00000000E+00  0.00000000E+00  0.00000000E+00  0.00000000E+00
  0.00000000E+00 -3.26877231E-14
->       8      12       1       2                                 <-   
SCAT-SAVED                                                                      
         1         1
->       8      12       2       8                                 <-   
LAMBDA-D                                                                        
  1.24666998E-02  2.82917004E-02  4.25244011E-02  1.33041993E-01  2.92467207E-01
  6.66487694E-01  1.63478100E+00  3.55460000E+00
->      -8       0       0       0                                 <-   
->       6      12       3       3                                 <-   
SIGNATURE                                                                       
         4         4         4
L_LIBRARY   
->       6      12       1      40                                 <-   
STATE-VECTOR                                                                    
         1         1        33         2         0         0         1         0
         0         0         0         0        12         1         0         0
         0         1         8         0         0         1         0         0
         0         0         0         0         0         0         0         0
         0         0         0         0         0         0         0         0
->       6      12       1       1                                 <-   
ISOTOPESMIX                                                                     
         1
->       6      12       3       3                                 <-   
ISOTOPESUSED                                                                    
         4         4         4
*MAC*RES    
->       6      12       3       3                                 <-   
ISOTOPERNAME                                                                    
         4         4         4
*MAC*RES    
->       6      12       2       1                                 <-   
ISOTOPESDENS                                                                    
  1.00000000E+00
->       6      12       1       1                                 <-   
ISOTOPESTYPE                                                                    
         1
->       6      12       1       1                                 <-   
ISOTOPESTODO                                                                    
         1
->       6      12       2       1                                 <-   
ISOTOPESVOL                                                                     
  2.34294758E+01
->       6      12       2       1                                 <-   
ISOTOPESTEMP                                                                    
  7.13160034E+02
->       6      12       2       1                                 <-   
MIXTURESVOL                                                                     
  2.34294758E+01
->       6      12       2       1                                 <-   
K-EFFECTIVE                                                                     
  1.00000000E+00
->       6      12       2       1                                 <-   
K-INFINITY                                                                      
  1.43488812E+00
->       6      12       2       1                                 <-   
B2  B1HOM                                                                       
  9.03571257E-04
->       6      12       3      24                                 <-   
ADDXSNAME-P0                                                                    
         4         4         4         4         4         4         4         4
         4         4         4         4         4         4         4         4
         4         4         4         4         4         4         4         4
NFTOT   NG      N2N     N3N     N4N     NA      NP      N2A     NNP     ND      
NT      TRANC   
->       6      12       2      34                                 <-   
ENERGY                                                                          
  1.96403300E+07  1.00000000E+07  6.06530700E+06  3.67879400E+06  2.23130200E+06
  1.35335300E+06  8.20850000E+05  4.97870688E+05  3.01973812E+05  1.83156406E+05
  1.11090000E+05  6.73794688E+04  4.08677109E+04  2.47875195E+04  1.50343896E+04
  9.11882031E+03  5.53084424E+03  3.35462598E+03  2.03468396E+03  1.23409802E+03
  7.48518311E+02  4.53999298E+02  3.04324799E+02  1.48575897E+02  9.16608810E+01
  6.79040527E+01  4.01689987E+01  2.26032906E+01  1.37095900E+01  8.31528664E+00
  4.00000000E+00  5.40000975E-01  1.00000098E-01  1.10002802E-04
->       6      12       2      33                                 <-   
DELTAU                                                                          
  6.75000012E-01  4.99999970E-01  5.00000179E-01  4.99999672E-01  5.00000060E-01
  5.00000119E-01  5.00000060E-01  5.00000119E-01  4.99999821E-01  4.99999762E-01
  5.00000358E-01  5.00000060E-01  5.00000060E-01  5.00000060E-01  4.99999762E-01
  4.99999970E-01  5.00000179E-01  4.99999762E-01  5.00000119E-01  4.99999970E-01
  5.00000060E-01  4.00000095E-01  7.16999590E-01  4.83000249E-01  2.99999952E-01
  5.25000155E-01  5.75000048E-01  4.99999881E-01  4.99999970E-01  7.31801212E-01
  2.00247860E+00  1.68639970E+00  6.81242085E+00
->      -6       0       0       0                                 <-   
->       5       0       0      -1                                 <-   00000007
->       6      12      10       1                                 <-   
ISOTOPESLIST                                                                    
->       7       0       0      -1                                 <-   00000001
->       8      12       3       3                                 <-   
ALIAS                                                                           
         4         4         4
*MAC*RES0001
->       8      12       2       1                                 <-   
AWR                                                                             
  3.57101517E+01
->       8      12       2      33                                 <-   
NWT0                                                                            
  3.32837317E-06  4.86038080E-05  2.90660333E-04  4.39006602E-03  2.23625563E-02
  4.27561663E-02  1.10606916E-01  9.20320526E-02  9.76649001E-02  9.42194164E-02
  8.61835107E-02  8.04961696E-02  5.87443970E-02  6.25308827E-02  4.81681079E-02
  2.98557915E-02  2.60066837E-02  1.77829023E-02  1.12371696E-02  5.43528190E-03
  2.78400164E-03  9.42712941E-04  7.69762031E-04  1.26067665E-04  2.54934330E-05
  1.19683509E-05  1.78946004E-06  2.55045649E-07  2.89517832E-08  3.73970632E-09
  6.05759110E-10  1.89117194E-10  1.32576283E-10
->       8      12       2      33                                 <-   
NTOT0                                                                           
  9.38817203E-01  1.06948900E+00  1.38048112E+00  1.34142292E+00  1.03502643E+00
  9.62950826E-01  9.62378860E-01  1.21159768E+00  1.46297681E+00  1.75223494E+00
  2.36122394E+00  1.91317582E+00  2.10202026E+00  2.02906561E+00  2.11383915E+00
  2.28760552E+00  2.22068572E+00  2.23221993E+00  2.20325661E+00  2.25427938E+00
  2.27341247E+00  2.44532514E+00  2.37522221E+00  2.44944048E+00  2.50992250E+00
  2.58306623E+00  2.70791745E+00  2.87439561E+00  3.07560420E+00  3.34917974E+00
  4.11142588E+00  1.03618870E+01  1.43221855E+01
->       8      12       2      33                                 <-   
NG                                                                              
  3.03095876E-04  1.42479432E-04  1.19522927E-04  2.01120856E-04  1.43837548E-04
  2.00709779E-04  4.64656769E-04  2.75922997E-04  1.88378355E-04  4.99422138E-04
  5.89933130E-04  2.96100567E-04  4.55527159E-04  2.77378684E-04  4.59484261E-04
  5.71120530E-04  3.90724803E-04  3.81587830E-04  9.58647812E-04  7.94448145E-03
  6.74919982E-04  2.74502346E-03  1.03658403E-03  2.16398854E-03  1.41411216E-03
  3.68862157E-03  1.97959435E-03  2.50985497E-03  3.44036729E-03  4.22856770E-03
  6.99388189E-03  2.96046045E-02  4.39108759E-02
->       8      12       2      33                                 <-   
N2N                                                                             
  2.97386706E-01  2.13148016E-02  0.00000000E+00  0.00000000E+00  0.00000000E+00
  0.00000000E+00  0.00000000E+00  0.00000000E+00  0.00000000E+00  0.00000000E+00
  0.00000000E+00  0.00000000E+00  0.00000000E+00  0.00000000E+00  0.00000000E+00
  0.00000000E+00  0.00000000E+00  0.00000000E+00  0.00000000E+00  0.00000000E+00
  0.00000000E+00  0.00000000E+00  0.00000000E+00  0.00000000E+00  0.00000000E+00
  0.00000000E+00  0.00000000E+00  0.00000000E+00  0.00000000E+00  0.00000000E+00
  0.00000000E+00  0.00000000E+00  0.00000000E+00
->       8      12       2      33                                 <-   
N3N                                                                             
  7.39137817E-04  0.00000000E+00  0.00000000E+00  0.00000000E+00  0.00000000E+00
  0.00000000E+00  0.00000000E+00  0.00000000E+00  0.00000000E+00  0.00000000E+00
  0.00000000E+00  0.00000000E+00  0.00000000E+00  0.00000000E+00  0.00000000E+00
  0.00000000E+00  0.00000000E+00  0.00000000E+00  0.00000000E+00  0.00000000E+00
  0.00000000E+00  0.00000000E+00  0.00000000E+00  0.00000000E+00  0.00000000E+00
  0.00000000E+00  0.00000000E+00  0.00000000E+00  0.00000000E+00  0.00000000E+00
  0.00000000E+00  0.00000000E+00  0.00000000E+00
->       8      12       2      33                                 <-   
NA                                                                              
  1.17291266E-03  8.33532016E-04  1.36179593E-03  1.57536543E-03  1.93016592E-03
  1.17011194E-03  2.76065967E-03  4.45270957E-03  6.36815187E-03  8.59839283E-03
  1.06127961E-02  1.31177241E-02  1.65742114E-02  2.10943781E-02  2.72757784E-02
  3.54290493E-02  4.53994907E-02  5.82081750E-02  7.51097500E-02  9.66385677E-02
  1.23880453E-01  1.55192807E-01  2.00679466E-01  2.76174515E-01  3.39740634E-01
  4.06553060E-01  5.34397781E-01  6.99412465E-01  8.99159968E-01  1.17159307E+00
  1.93064225E+00  8.15473080E+00  1.20958729E+01
->       8      12       2      33                                 <-   
NP                                                                              
  3.37526784E-03  2.34300341E-03  1.05666777E-03  3.60041653E-04  9.34709897E-05
  1.39840131E-05  1.14730085E-06  2.49218346E-07  7.52907496E-08  2.44114506E-08
  1.12609913E-08  7.46948547E-09  7.50207985E-09  8.24283219E-09  9.09069708E-09
  1.00370912E-08  1.10233316E-08  1.21113963E-08  1.33409515E-08  1.50163917E-08
  1.88759852E-08  2.35655779E-08  3.03624752E-08  4.16254586E-08  5.11003471E-08
  6.10383424E-08  8.00115387E-08  1.04436154E-07  1.33924857E-07  1.74097181E-07
  2.85744221E-07  1.20240759E-06  1.78334051E-06
->       8      12       2      33                                 <-   
N2A                                                                             
  1.50891170E-12  0.00000000E+00  0.00000000E+00  0.00000000E+00  0.00000000E+00
  0.00000000E+00  0.00000000E+00  0.00000000E+00  0.00000000E+00  0.00000000E+00
  0.00000000E+00  0.00000000E+00  0.00000000E+00  0.00000000E+00  0.00000000E+00
  0.00000000E+00  0.00000000E+00  0.00000000E+00  0.00000000E+00  0.00000000E+00
  0.00000000E+00  0.00000000E+00  0.00000000E+00  0.00000000E+00  0.00000000E+00
  0.00000000E+00  0.00000000E+00  0.00000000E+00  0.00000000E+00  0.00000000E+00
  0.00000000E+00  0.00000000E+00  0.00000000E+00
->       8      12       2      33                                 <-   
NNP                                                                             
  5.42936381E-04  8.81668569E-08  0.00000000E+00  0.00000000E+00  0.00000000E+00
  0.00000000E+00  0.00000000E+00  0.00000000E+00  0.00000000E+00  0.00000000E+00
  0.00000000E+00  0.00000000E+00  0.00000000E+00  0.00000000E+00  0.00000000E+00
  0.00000000E+00  0.00000000E+00  0.00000000E+00  0.00000000E+00  0.00000000E+00
  0.00000000E+00  0.00000000E+00  0.00000000E+00  0.00000000E+00  0.00000000E+00
  0.00000000E+00  0.00000000E+00  0.00000000E+00  0.00000000E+00  0.00000000E+00
  0.00000000E+00  0.00000000E+00  0.00000000E+00
->       8      12       2      33                                 <-   
ND                                                                              
  2.35168831E-04  1.66875601E-04  8.51854929E-06  0.00000000E+00  0.00000000E+00
  0.00000000E+00  0.00000000E+00  0.00000000E+00  0.00000000E+00  0.00000000E+00
  0.00000000E+00  0.00000000E+00  0.00000000E+00  0.00000000E+00  0.00000000E+00
  0.00000000E+00  0.00000000E+00  0.00000000E+00  0.00000000E+00  0.00000000E+00
  0.00000000E+00  0.00000000E+00  0.00000000E+00  0.00000000E+00  0.00000000E+00
  0.00000000E+00  0.00000000E+00  0.00000000E+00  0.00000000E+00  0.00000000E+00
  0.00000000E+00  0.00000000E+00  0.00000000E+00
->       8      12       2      33                                 <-   
NT                                                                              
  1.50197184E-05  2.34795124E-16  0.00000000E+00  0.00000000E+00  0.00000000E+00
  0.00000000E+00  0.00000000E+00  0.00000000E+00  0.00000000E+00  0.00000000E+00
  0.00000000E+00  0.00000000E+00  0.00000000E+00  0.00000000E+00  0.00000000E+00
  0.00000000E+00  0.00000000E+00  0.00000000E+00  0.00000000E+00  0.00000000E+00
  0.00000000E+00  0.00000000E+00  0.00000000E+00  0.00000000E+00  0.00000000E+00
  0.00000000E+00  0.00000000E+00  0.00000000E+00  0.00000000E+00  0.00000000E+00
  0.00000000E+00  0.00000000E+00  0.00000000E+00
->       8      12       2      33                                 <-   
H-FACTOR                                                                        
  2.10423075E-16  1.05055862E-16  9.85873691E-17  1.67131578E-16  1.36554747E-16
  1.84432544E-16  3.71840952E-16  2.67357400E-16  2.37194239E-16  4.59932855E-16
  5.76762521E-16  3.69829487E-16  5.96335124E-16  3.71019145E-16  6.46807170E-16
  8.51609784E-16  5.63630864E-16  5.26353579E-16  1.29397560E-15  9.89509479E-15
  8.72883652E-16  4.03604042E-15  1.46498075E-15  2.61341894E-15  1.90768972E-15
  5.22858573E-15  2.65852069E-15  3.35445461E-15  4.51533698E-15  5.64481941E-15
  9.33323074E-15  3.95007852E-14  5.85897297E-14
->       8      12       2      33                                 <-   
OVERV                                                                           
  2.13682252E-10  2.69860440E-10  3.46473517E-10  4.50413318E-10  5.59855995E-10
  7.11066761E-10  9.25260646E-10  1.16584620E-09  1.49148860E-09  1.92678584E-09
  2.47277865E-09  3.15448467E-09  4.03941058E-09  5.15716181E-09  6.65033895E-09
  8.60370797E-09  1.09753060E-08  1.40143976E-08  1.80134982E-08  2.31032402E-08
  2.95469818E-08  3.69455115E-08  4.76905839E-08  6.55315375E-08  8.05698761E-08
  9.63671951E-08  1.26565951E-07  1.65539930E-07  2.12681769E-07  2.77024924E-07
  4.56385180E-07  1.92062998E-06  2.85706597E-06
->       8      12       2      33                                 <-   
STRD                                                                            
  4.54454720E-01  4.78663266E-01  5.77770233E-01  7.48329163E-01  7.19081938E-01
  7.31515408E-01  7.41744995E-01  9.16709065E-01  1.21151900E+00  1.47872198E+00
  1.93216479E+00  1.68771732E+00  1.82435775E+00  1.79973531E+00  1.89613712E+00
  2.05965400E+00  1.98124349E+00  2.00167561E+00  1.97359896E+00  2.02408862E+00
  2.01242161E+00  2.10170484E+00  2.08312798E+00  2.10837650E+00  2.14244604E+00
  2.20314121E+00  2.19322824E+00  2.35040450E+00  2.13838840E+00  2.32519078E+00
  2.10789680E+00  3.06102371E+00  2.98386478E+00
->       8      12       2      33                                 <-   
SIGS00                                                                          
  1.23079872E+00  1.08640039E+00  1.37707794E+00  1.33902252E+00  1.03269088E+00
  9.61564660E-01  9.59151924E-01  1.20686817E+00  1.45641994E+00  1.74313676E+00
  2.35002112E+00  1.89976215E+00  2.08498931E+00  2.00769234E+00  2.08610535E+00
  2.25160432E+00  2.17489529E+00  2.17363048E+00  2.12718940E+00  2.14969540E+00
  2.14885569E+00  2.28738737E+00  2.17350650E+00  2.17110109E+00  2.16876745E+00
  2.17282438E+00  2.17153907E+00  2.17247462E+00  2.17300057E+00  2.17335534E+00
  2.17378592E+00  2.17753506E+00  2.18238258E+00
->       8      12       1      33                                 <-   
NJJS00                                                                          
         1         2         3         4         5         6         7         8
         9        10        11        12        13        14        15        16
        17        18        19        20        21        22        23        24
        25        26        27        28        29        31        33        33
        33
->       8      12       1      33                                 <-   
IJJS00                                                                          
         1         2         3         4         5         6         7         8
         9        10        11        12        13        14        15        16
        17        18        19        20        21        22        23        24
        25        26        27        28        29        31        33        33
        33
->       8      12       2     565                                 <-   
SCAT00                                                                          
  4.61967409E-01  5.93778908E-01  4.42536771E-02  1.01998770E+00  3.95684019E-02
  6.97117746E-02  1.24407017E+00  4.58611771E-02  1.01025045E-01  1.37944713E-01
  9.87210214E-01  6.13479279E-02  7.28268400E-02  1.43289119E-01  1.82605535E-01
  9.22054887E-01  3.64709795E-02  8.03330634E-03  1.01018116E-01  9.52917188E-02
  1.45445615E-01  9.32320535E-01  3.41533385E-02  6.73450110E-03  8.78324825E-03
  6.40734211E-02  5.73454909E-02  9.32610482E-02  1.16342425E+00  2.66993456E-02
  1.90379110E-03  1.31532177E-03  7.20729493E-03  3.79867293E-02  3.01265549E-02
  5.01936190E-02  1.41009307E+00  4.33600023E-02  6.26271358E-05  1.85685209E-03
  4.70658561E-04  4.72983206E-03  1.99846067E-02  1.42551214E-02  2.40094047E-02
  1.69053948E+00  4.62701023E-02  3.88245353E-05  5.23907438E-05  9.34578246E-04
  2.64910515E-04  2.99529894E-03  8.45594890E-03  6.36277068E-03  1.11230249E-02
  2.29321384E+00  5.25756367E-02  4.03939266E-05  2.38561133E-05  8.27694294E-06
  3.66625463E-04  1.23462727E-04  1.15173974E-03  3.88194644E-03  2.88211671E-03
  5.30570932E-03  1.84486389E+00  5.67996986E-02  9.63541243E-06  1.57059967E-05
  1.04141536E-05  4.58977956E-06  1.42817167E-04  5.56915875E-05  4.34395100E-04
  1.73683022E-03  1.28223270E-03  2.53355736E-03  2.01185799E+00  5.48953377E-02
  3.96426185E-06  7.80851951E-06  4.79434675E-07  6.16574152E-06  2.05306355E-06
  4.32252891E-05  2.47118987E-05  1.66788770E-04  7.41459487E-04  6.13682554E-04
  1.25362352E-03  1.94986081E+00  7.28608593E-02  2.75636512E-06  1.52278574E-06
  2.51347683E-06  1.59910968E-07  2.91609899E-06  1.17974378E-06  2.45702140E-05
  1.10753908E-05  6.42004525E-05  3.09781230E-04  2.98502098E-04  6.26441906E-04
  2.03067780E+00  5.72815798E-02  2.70813965E-04  0.00000000E+00  7.85598786E-07
  1.00926752E-06  6.78895447E-08  1.11432121E-06  6.00534975E-07  5.07641089E-05
  4.81516145E-06  2.38976663E-05  1.25703635E-04  1.43665529E-04  3.26039590E-04
  2.18178320E+00  5.54254390E-02  2.97924795E-04  0.00000000E+00  0.00000000E+00
  3.31143809E-07  4.17824708E-07  2.66152327E-08  4.50028693E-07  2.74398502E-07
  2.43419036E-05  2.06975119E-06  8.91205855E-06  5.23952331E-05  7.21656397E-05
  1.45961822E-04  2.11563182E+00  6.98212013E-02  0.00000000E+00  1.61279284E-04
  0.00000000E+00  0.00000000E+00  1.26965716E-07  1.57264964E-07  9.93370364E-09
  1.68047137E-07  1.37036849E-07  5.61295838E-06  1.03297691E-06  3.33079015E-06
  2.09085283E-05  3.47957939E-05  5.65066803E-05  2.11754990E+00  5.92638105E-02
  0.00000000E+00  0.00000000E+00  5.84778099E-05  0.00000000E+00  0.00000000E+00
  4.74595900E-08  5.87509490E-08  3.69023301E-09  6.24549799E-08  7.13274275E-08
  2.35848256E-06  5.75858280E-07  1.24818803E-06  8.38470260E-06  1.59566407E-05
  2.16842127E-05  2.07532811E+00  5.60797490E-02  0.00000000E+00  0.00000000E+00
  0.00000000E+00  2.20914990E-05  0.00000000E+00  0.00000000E+00  6.06312511E-09
  2.22040342E-08  1.36771405E-09  2.32455903E-08  3.57024739E-08  8.31336536E-07
  3.09867715E-07  4.72078256E-07  3.39212124E-06  7.17351122E-06  8.20909918E-06
  2.09877396E+00  5.18611334E-02  0.00000000E+00  0.00000000E+00  0.00000000E+00
  0.00000000E+00  7.49448145E-06  0.00000000E+00  0.00000000E+00  0.00000000E+00
  9.25671273E-09  5.06685638E-10  8.68859917E-09  1.66818417E-08  1.05406478E-07
  1.56789014E-07  1.81952629E-07  1.43583463E-06  3.29022600E-06  3.10589303E-06
  2.10135126E+00  5.09207211E-02  0.00000000E+00  0.00000000E+00  0.00000000E+00
  0.00000000E+00  0.00000000E+00  2.83387385E-06  0.00000000E+00  0.00000000E+00
  0.00000000E+00  3.71555009E-09  1.87936749E-10  3.27406569E-09  7.29541494E-09
  3.21166169E-08  7.32159720E-08  7.18725559E-08  6.54701068E-07  1.64407538E-06
  1.18497780E-06  2.21174097E+00  4.75042537E-02  0.00000000E+00  0.00000000E+00
  0.00000000E+00  0.00000000E+00  0.00000000E+00  4.13377506E-07  6.54078576E-07
  0.00000000E+00  0.00000000E+00  0.00000000E+00  1.20820276E-09  6.08604417E-11
  1.08866194E-09  2.69358402E-09  1.10775495E-08  2.88749007E-08  2.52717562E-08
  2.75089945E-07  8.51242135E-07  3.95863623E-07  2.15218616E+00  7.56461769E-02
  2.76307276E-07  0.00000000E+00  0.00000000E+00  0.00000000E+00  0.00000000E+00
  0.00000000E+00  8.69116207E-07  1.44842645E-08  0.00000000E+00  0.00000000E+00
  0.00000000E+00  7.70634057E-10  3.85554852E-11  7.14491855E-10  1.92393501E-09
  7.74280728E-09  2.37652849E-08  1.81107715E-08  2.44444294E-07  7.82265374E-07
  2.60160164E-07  2.13201642E+00  2.13200040E-02  0.00000000E+00  0.00000000E+00
  0.00000000E+00  0.00000000E+00  0.00000000E+00  0.00000000E+00  0.00000000E+00
  1.75118458E-07  0.00000000E+00  0.00000000E+00  0.00000000E+00  0.00000000E+00
  1.57759625E-10  7.72378689E-12  1.54860624E-10  4.59468574E-10  1.84889282E-09
  6.71735023E-09  4.27317692E-09  7.32137693E-08  1.93865830E-07  5.52111885E-08
  2.09272408E+00  3.87903973E-02  0.00000000E+00  0.00000000E+00  0.00000000E+00
  0.00000000E+00  0.00000000E+00  0.00000000E+00  0.00000000E+00  0.00000000E+00
  4.89872640E-08  0.00000000E+00  0.00000000E+00  0.00000000E+00  0.00000000E+00
  4.51465185E-11  2.24925547E-12  4.79077437E-11  1.51246904E-10  5.92393024E-10
  2.45424792E-09  1.31984734E-09  2.52144190E-08  5.94291514E-08  1.65062701E-08
  2.14823270E+00  7.60437474E-02  2.93150195E-04  0.00000000E+00  0.00000000E+00
  0.00000000E+00  0.00000000E+00  0.00000000E+00  0.00000000E+00  0.00000000E+00
  0.00000000E+00  3.91340045E-08  0.00000000E+00  0.00000000E+00  0.00000000E+00
  0.00000000E+00  3.78282371E-11  1.84186780E-12  4.32612071E-11  1.44377593E-10
  5.64448932E-10  2.52169419E-09  1.29983380E-09  2.39162734E-08  5.00783202E-08
  1.43237759E-08  2.14459658E+00  2.45911945E-02  0.00000000E+00  0.00000000E+00
  0.00000000E+00  0.00000000E+00  0.00000000E+00  0.00000000E+00  0.00000000E+00
  0.00000000E+00  0.00000000E+00  0.00000000E+00  1.46909631E-08  0.00000000E+00
  0.00000000E+00  0.00000000E+00  0.00000000E+00  1.57529927E-11  7.38653767E-13
  2.00174165E-11  7.18235610E-11  2.57913357E-10  1.26079347E-09  6.42375375E-10
  1.12662928E-08  2.03120507E-08  6.24839291E-09  2.14909458E+00  2.69427132E-02
  0.00000000E+00  0.00000000E+00  0.00000000E+00  0.00000000E+00  0.00000000E+00
  0.00000000E+00  0.00000000E+00  0.00000000E+00  0.00000000E+00  0.00000000E+00
  0.00000000E+00  4.47765336E-09  0.00000000E+00  0.00000000E+00  0.00000000E+00
  0.00000000E+00  5.51099270E-12  2.19214932E-13  7.08219724E-12  2.90293102E-11
  1.01509356E-10  5.52016433E-10  2.16756238E-10  4.14663814E-09  6.54752963E-09
  1.34505762E-09  2.14775443E+00  2.33793501E-02  0.00000000E+00  0.00000000E+00
  0.00000000E+00  0.00000000E+00  0.00000000E+00  0.00000000E+00  0.00000000E+00
  0.00000000E+00  0.00000000E+00  0.00000000E+00  0.00000000E+00  0.00000000E+00
  1.71150905E-09  0.00000000E+00  0.00000000E+00  0.00000000E+00  0.00000000E+00
  2.06920744E-12  8.41423217E-14  3.07751914E-12  1.48226952E-11  1.46990354E-11
  2.81139889E-10  1.27551719E-10  2.00188999E-09  2.70887335E-09  7.73402120E-10
  1.27995899E-02  2.16182685E+00  2.52466425E-02  0.00000000E+00  0.00000000E+00
  0.00000000E+00  0.00000000E+00  0.00000000E+00  0.00000000E+00  0.00000000E+00
  0.00000000E+00  0.00000000E+00  0.00000000E+00  0.00000000E+00  0.00000000E+00
  0.00000000E+00  8.20055690E-10  0.00000000E+00  0.00000000E+00  0.00000000E+00
  0.00000000E+00  0.00000000E+00  4.74643450E-14  1.91906170E-12  1.02259694E-11
  1.20555627E-12  1.33606917E-10  1.01404683E-10  1.05855391E-09  1.46422718E-09
  5.75961778E-10 -8.21091746E-08  9.41211474E-04  2.16029024E+00  1.15288282E-02
  0.00000000E+00  0.00000000E+00  0.00000000E+00  0.00000000E+00  0.00000000E+00
  0.00000000E+00  0.00000000E+00  0.00000000E+00  0.00000000E+00  0.00000000E+00
  0.00000000E+00  0.00000000E+00  0.00000000E+00  0.00000000E+00  3.10666715E-10
  0.00000000E+00  0.00000000E+00  0.00000000E+00  0.00000000E+00  0.00000000E+00
  2.33922345E-14  3.22343009E-13  3.30777051E-12  3.42545491E-13  7.26693011E-11
  8.11612930E-11  8.48709325E-10  6.37958630E-10  4.38618114E-10  1.87979057E-01
  2.00965738E+00  6.96830277E-04  0.00000000E+00  0.00000000E+00  0.00000000E+00
  0.00000000E+00  0.00000000E+00  0.00000000E+00  0.00000000E+00  0.00000000E+00
  0.00000000E+00  0.00000000E+00  0.00000000E+00  0.00000000E+00  0.00000000E+00
  0.00000000E+00  0.00000000E+00  1.47268170E-11  0.00000000E+00  0.00000000E+00
  0.00000000E+00  0.00000000E+00  0.00000000E+00  1.70327907E-15  1.01183824E-15
  1.93460509E-13  6.05541525E-15  3.16196375E-12  9.05562344E-12  1.07620191E-10
  5.65174296E-11  4.96599602E-11  1.99440324E+00  1.66936636E-01  1.66327354E-07
  0.00000000E+00  0.00000000E+00  0.00000000E+00  0.00000000E+00  0.00000000E+00
  0.00000000E+00  0.00000000E+00  0.00000000E+00  0.00000000E+00  0.00000000E+00
  0.00000000E+00  0.00000000E+00  0.00000000E+00  0.00000000E+00  0.00000000E+00
  1.80352434E-12  0.00000000E+00  0.00000000E+00  0.00000000E+00  0.00000000E+00
  0.00000000E+00  2.64245030E-16  1.70065727E-16  1.72963948E-15  2.95500599E-16
  1.55252113E-13  1.11006278E-12  7.96471049E-12  1.92081941E-12  5.11215896E-12
->       8      12       2      33                                 <-   
SIGS01                                                                          
  3.93287182E-01  4.73900974E-01  6.79315686E-01  4.86186981E-01  2.46297404E-01
  1.84771001E-01  1.59319684E-01  1.54693425E-01  1.37902468E-01  1.09631941E-01
  9.68867987E-02  5.46593107E-02  4.22490425E-02  2.59881672E-02  2.00987849E-02
  1.83440167E-02  1.48311341E-02  1.36593720E-02  1.20802224E-02  1.15929125E-02
  1.13242874E-02  1.28786974E-02  1.14009269E-02  1.12847742E-02  1.13111986E-02
  1.13277733E-02  1.13451760E-02  1.13557195E-02  1.13617852E-02  1.13661466E-02
  1.19181527E-02  1.19937956E-02  1.20085422E-02
->       8      12       1      33                                 <-   
NJJS01                                                                          
         1         2         3         4         5         6         7         8
         9        10        11        12        13        14        15        16
        17        18        19        20        21        22        23        24
        25        26        27        28        29        31        33        29
        19
->       8      12       1      33                                 <-   
IJJS01                                                                          
         1         2         3         4         5         6         7         8
         9        10        11        12        13        14        15        16
        17        18        19        20        21        22        23        24
        25        26        27        28        29        31        33        33
        33
->       8      12       2     547                                 <-   
SCAT01                                                                          
  3.69307011E-01  4.64470923E-01  7.80916540E-03  6.80565715E-01  2.19733827E-03
  6.36558747E-03  5.00395715E-01 -5.43473102E-03  3.70730553E-03  4.84965136E-03
  2.55040169E-01 -1.40992841E-02  2.08400283E-03  1.81784085E-03  2.39147269E-03
  1.93055049E-01 -8.82637687E-03 -2.12936720E-04  5.73164143E-04  8.86500056E-04
  1.36445032E-03  1.65059894E-01 -8.47040955E-03  2.62041372E-04  2.96733469E-05
  8.27179581E-04  4.88026999E-04  8.22226051E-04  1.67550683E-01 -5.74160460E-03
  1.47572035E-04 -1.85433048E-04  4.08983105E-05  1.07613378E-04  1.78926275E-04
  2.66311021E-04  1.53175443E-01 -1.28561147E-02  2.42273859E-06  3.38828868E-05
  5.93697268E-06  6.64984836E-05  2.72068253E-04  1.13452144E-04  9.40461614E-05
  1.25581190E-01 -1.52719887E-02 -1.15320859E-06 -1.28079444E-06  9.44325620E-06
  1.02640183E-06 -1.07702363E-05  1.62362121E-04  2.51572988E-06 -3.74451556E-05
  1.14032954E-01 -1.59495994E-02 -2.27114356E-07 -4.36176677E-08  2.62238558E-07
  9.08826223E-06  5.29727572E-07 -1.25928664E-05  8.76299819E-05  1.35735891E-05
  2.32208968E-05  7.20666796E-02 -1.71461906E-02  5.81126017E-07 -6.89332978E-07
  1.33780134E-07 -3.43765727E-08 -2.19431622E-05 -2.85886784E-07 -5.47105992E-06
  5.18644520E-05  1.75885725E-05  2.96683884E-05  6.50159195E-02 -1.74051002E-02
  4.47918076E-08 -1.62974374E-07 -3.56978447E-08  9.50881969E-08 -2.08801190E-08
  2.27425312E-06 -2.78164464E-07 -2.05804008E-06  1.28269221E-05 -2.09063998E-07
 -6.07258562E-06  4.47519273E-02 -2.27617212E-02 -2.24581095E-06 -1.62744342E-08
 -5.15486676E-08  1.83945720E-10 -6.72246898E-08  7.28979970E-08 -4.66910706E-07
  9.58931423E-09 -1.35146729E-06  5.62090372E-06  3.90469586E-06  1.48101035E-05
  3.77861299E-02 -1.87618602E-02 -5.13673922E-06  0.00000000E+00  6.36433573E-09
 -8.81715945E-09  1.03748243E-09 -2.68998992E-08  3.16070126E-09  1.39342665E-05
 -9.14312537E-08 -6.55977999E-07  5.10936786E-07  2.42015540E-06  4.88900741E-06
  4.05904427E-02 -1.76875032E-02  1.44532180E-06  0.00000000E+00  0.00000000E+00
 -5.18222709E-09 -1.01148929E-08 -1.33091149E-10 -1.66312280E-08  5.09430365E-09
 -7.10425820E-06 -6.73837803E-08 -3.17493544E-07  7.08488244E-07  3.91749012E-07
 -6.13939392E-06  3.39991450E-02 -2.22464334E-02  0.00000000E+00 -1.62174797E-06
  0.00000000E+00  0.00000000E+00 -2.60035438E-09 -4.94900609E-09 -6.37562295E-11
 -8.59641069E-09  5.86022697E-09  3.89841716E-07  7.79555549E-08 -1.55598201E-07
 -4.31185583E-07  1.97652554E-07 -2.34218351E-06  3.20847034E-02 -1.91680025E-02
  0.00000000E+00  0.00000000E+00 -7.23989501E-07  0.00000000E+00  0.00000000E+00
 -1.70637682E-09 -2.38649767E-09 -3.03335516E-11 -4.07726120E-09  4.75230344E-09
 -2.60560171E-07  5.38065699E-08 -7.36890087E-08 -2.65798548E-07 -3.38518731E-07
 -1.96406882E-06  2.89360490E-02 -1.84253305E-02  0.00000000E+00  0.00000000E+00
  0.00000000E+00 -5.85471923E-07  0.00000000E+00  0.00000000E+00 -2.79948820E-09
 -8.82865281E-10 -1.43594407E-11 -1.92464733E-09  1.42127732E-09 -4.31564132E-07
  2.00673824E-08 -3.33987202E-08 -1.12024289E-07 -1.68513552E-07 -8.53149345E-07
  2.82355957E-02 -1.68558266E-02  0.00000000E+00  0.00000000E+00  0.00000000E+00
  0.00000000E+00 -1.60966778E-07  0.00000000E+00  0.00000000E+00  0.00000000E+00
 -2.52564580E-10 -6.76720355E-12 -9.03620290E-10 -4.11438772E-10 -3.06567536E-08
  2.95223379E-09 -1.53431827E-08 -2.92407325E-08  1.05251146E-07 -3.10550547E-07
  2.68800221E-02 -1.66426804E-02  0.00000000E+00  0.00000000E+00  0.00000000E+00
  0.00000000E+00  0.00000000E+00 -7.90515955E-08  0.00000000E+00  0.00000000E+00
  0.00000000E+00 -3.14058418E-10 -3.17167299E-12 -4.20932983E-10 -9.07067643E-10
 -5.35471711E-09 -1.93676386E-09 -6.96545666E-09  1.03070406E-08  1.94735264E-07
 -1.13184505E-07  3.85715067E-02 -1.55554656E-02  0.00000000E+00  0.00000000E+00
  0.00000000E+00  0.00000000E+00  0.00000000E+00  2.00246348E-07 -1.63302417E-07
  0.00000000E+00  0.00000000E+00  0.00000000E+00 -1.26172933E-10 -1.26257728E-12
 -1.63746794E-10 -5.25187616E-10 -2.11943529E-09 -1.10424969E-09 -2.71706724E-09
  1.62561182E-08  2.46972547E-07 -3.61967309E-08  1.85213089E-02 -2.56928019E-02
 -2.74332422E-07  0.00000000E+00  0.00000000E+00  0.00000000E+00  0.00000000E+00
  0.00000000E+00 -2.14713971E-08 -1.25277690E-08  0.00000000E+00  0.00000000E+00
  0.00000000E+00 -9.84571452E-11 -9.44623720E-13 -1.29034172E-10 -4.27915398E-10
 -1.52936286E-09 -7.30496774E-10 -2.05752571E-09  2.83946875E-08  2.64629477E-07
 -2.22722925E-08  2.44379751E-02 -7.12038297E-03  0.00000000E+00  0.00000000E+00
  0.00000000E+00  0.00000000E+00  0.00000000E+00  0.00000000E+00  0.00000000E+00
 -1.09429639E-08  0.00000000E+00  0.00000000E+00  0.00000000E+00  0.00000000E+00
 -2.51908130E-11 -2.77510626E-13 -3.21631055E-11 -9.91177973E-11 -3.20411697E-10
 -2.57902671E-10 -5.23420807E-10  1.61340044E-08  5.16574943E-08 -4.20558699E-09
  3.64192016E-02 -1.29029090E-02  0.00000000E+00  0.00000000E+00  0.00000000E+00
  0.00000000E+00  0.00000000E+00  0.00000000E+00  0.00000000E+00  0.00000000E+00
 -3.73012377E-09  0.00000000E+00  0.00000000E+00  0.00000000E+00  0.00000000E+00
 -9.24041746E-12 -9.21672000E-14 -9.93131098E-12 -2.97449218E-11 -1.01391354E-10
 -2.09588111E-11 -1.39927833E-10  5.61163471E-09  1.39546383E-08 -1.17537258E-09
  1.98500939E-02 -2.51079910E-02 -2.50292331E-04  0.00000000E+00  0.00000000E+00
  0.00000000E+00  0.00000000E+00  0.00000000E+00  0.00000000E+00  0.00000000E+00
  0.00000000E+00 -3.56839447E-09  0.00000000E+00  0.00000000E+00  0.00000000E+00
  0.00000000E+00 -8.78739963E-12 -8.44499370E-14 -8.31399879E-12 -2.41586785E-11
 -7.20551951E-11  7.10807732E-11 -1.29887184E-10  4.78295936E-09  1.11497664E-08
 -9.30492960E-10  2.02913135E-02 -8.52232240E-03  0.00000000E+00  0.00000000E+00
  0.00000000E+00  0.00000000E+00  0.00000000E+00  0.00000000E+00  0.00000000E+00
  0.00000000E+00  0.00000000E+00  0.00000000E+00 -1.70548242E-09  0.00000000E+00
  0.00000000E+00  0.00000000E+00  0.00000000E+00 -3.98866877E-12 -3.75085501E-14
 -2.94615959E-12 -7.81311300E-12 -3.39546828E-11  3.26669213E-11 -4.68413364E-11
  1.87321536E-09  4.22659507E-09 -3.38824441E-10  1.95554290E-02 -8.94613378E-03
  0.00000000E+00  0.00000000E+00  0.00000000E+00  0.00000000E+00  0.00000000E+00
  0.00000000E+00  0.00000000E+00  0.00000000E+00  0.00000000E+00  0.00000000E+00
  0.00000000E+00 -6.14935325E-10  0.00000000E+00  0.00000000E+00  0.00000000E+00
  0.00000000E+00 -1.41272606E-12 -5.83402879E-15 -1.28591235E-12 -6.85566187E-13
 -6.59244707E-12  6.55767454E-11  3.23974300E-13  5.40060219E-10  1.20686761E-09
  1.16099899E-11  2.00735889E-02 -8.19970760E-03  0.00000000E+00  0.00000000E+00
  0.00000000E+00  0.00000000E+00  0.00000000E+00  0.00000000E+00  0.00000000E+00
  0.00000000E+00  0.00000000E+00  0.00000000E+00  0.00000000E+00  0.00000000E+00
 -3.03933517E-10  0.00000000E+00  0.00000000E+00  0.00000000E+00  0.00000000E+00
 -5.07272555E-13  0.00000000E+00 -8.22360084E-13  1.22873120E-12 -1.98960054E-12
  5.02403362E-11  4.48643570E-14  1.87350233E-10  4.54491972E-10  3.99225401E-12
 -2.54957762E-04  1.51644498E-02 -8.71180184E-03  0.00000000E+00  0.00000000E+00
  0.00000000E+00  0.00000000E+00  0.00000000E+00  0.00000000E+00  0.00000000E+00
  0.00000000E+00  0.00000000E+00  0.00000000E+00  0.00000000E+00  0.00000000E+00
  0.00000000E+00 -1.86796439E-10  0.00000000E+00  0.00000000E+00  0.00000000E+00
  0.00000000E+00  0.00000000E+00  0.00000000E+00 -4.53901890E-13  2.46967984E-12
 -8.96731420E-14 -3.20398265E-12 -1.92008795E-15  0.00000000E+00  1.84801646E-10
  1.03209492E-21  5.56643691E-08 -1.32592337E-04  1.23443287E-02 -3.79830087E-03
  0.00000000E+00  0.00000000E+00  0.00000000E+00  0.00000000E+00  0.00000000E+00
  0.00000000E+00  0.00000000E+00  0.00000000E+00  0.00000000E+00  0.00000000E+00
  0.00000000E+00  0.00000000E+00  0.00000000E+00  0.00000000E+00 -7.93217297E-11
  0.00000000E+00  0.00000000E+00  0.00000000E+00  0.00000000E+00  0.00000000E+00
  0.00000000E+00 -6.28924064E-14 -1.54470376E-13 -1.97500436E-14  5.90796943E-12
  1.49524262E-23  0.00000000E+00  2.18528477E-11  1.17898052E-22 -3.41480002E-02
  4.15869467E-02 -1.71074862E-04  0.00000000E+00  0.00000000E+00  0.00000000E+00
  0.00000000E+00  0.00000000E+00  0.00000000E+00  0.00000000E+00  0.00000000E+00
  0.00000000E+00  0.00000000E+00  0.00000000E+00  0.00000000E+00  0.00000000E+00
  0.00000000E+00  0.00000000E+00 -2.71430426E-12  0.00000000E+00  0.00000000E+00
  0.00000000E+00  0.00000000E+00  0.00000000E+00  0.00000000E+00  0.00000000E+00
 -7.61717163E-15  0.00000000E+00  1.02623173E-12  4.61564809E-02 -2.94605494E-02
 -1.44093889E-07  0.00000000E+00  0.00000000E+00  0.00000000E+00  0.00000000E+00
  0.00000000E+00  0.00000000E+00  0.00000000E+00  0.00000000E+00  0.00000000E+00
  0.00000000E+00  0.00000000E+00  0.00000000E+00  0.00000000E+00  0.00000000E+00
  0.00000000E+00 -7.18688957E-14
->       8      12       1       2                                 <-   
SCAT-SAVED                                                                      
         1         1
->       8      12       2       8                                 <-   
LAMBDA-D                                                                        
  1.24666998E-02  2.82917004E-02  4.25244011E-02  1.33041993E-01  2.92467207E-01
  6.66487694E-01  1.63478100E+00  3.55460000E+00
->      -8       0       0       0                                 <-   
->       6      12       3       3                                 <-   
SIGNATURE                                                                       
         4         4         4
L_LIBRARY   
->       6      12       1      40                                 <-   
STATE-VECTOR                                                                    
         1         1        33         2         0         0         1         0
         0         0         0         0        12         1         0         0
         0         1         8         0         0         1         0         0
         0         0         0         0         0         0         0         0
         0         0         0         0         0         0         0         0
->       6      12       1       1                                 <-   
ISOTOPESMIX                                                                     
         1
->       6      12       3       3                                 <-   
ISOTOPESUSED                                                                    
         4         4         4
*MAC*RES    
->       6      12       3       3                                 <-   
ISOTOPERNAME                                                                    
         4         4         4
*MAC*RES    
->       6      12       2       1                                 <-   
ISOTOPESDENS                                                                    
  1.00000000E+00
->       6      12       1       1                                 <-   
ISOTOPESTYPE                                                                    
         1
->       6      12       1       1                                 <-   
ISOTOPESTODO                                                                    
         1
->       6      12       2       1                                 <-   
ISOTOPESVOL                                                                     
  2.34294758E+01
->       6      12       2       1                                 <-   
ISOTOPESTEMP                                                                    
  7.13160034E+02
->       6      12       2       1                                 <-   
MIXTURESVOL                                                                     
  2.34294758E+01
->       6      12       2       1                                 <-   
K-EFFECTIVE                                                                     
  1.00000000E+00
->       6      12       2       1                                 <-   
K-INFINITY                                                                      
  8.74573886E-01
->       6      12       2       1                                 <-   
B2  B1HOM                                                                       
 -3.46817821E-03
->       6      12       3      24                                 <-   
ADDXSNAME-P0                                                                    
         4         4         4         4         4         4         4         4
         4         4         4         4         4         4         4         4
         4         4         4         4         4         4         4         4
NFTOT   NG      N2N     N3N     N4N     NA      NP      N2A     NNP     ND      
NT      TRANC   
->       6      12       2      34                                 <-   
ENERGY                                                                          
  1.96403300E+07  1.00000000E+07  6.06530700E+06  3.67879400E+06  2.23130200E+06
  1.35335300E+06  8.20850000E+05  4.97870688E+05  3.01973812E+05  1.83156406E+05
  1.11090000E+05  6.73794688E+04  4.08677109E+04  2.47875195E+04  1.50343896E+04
  9.11882031E+03  5.53084424E+03  3.35462598E+03  2.03468396E+03  1.23409802E+03
  7.48518311E+02  4.53999298E+02  3.04324799E+02  1.48575897E+02  9.16608810E+01
  6.79040527E+01  4.01689987E+01  2.26032906E+01  1.37095900E+01  8.31528664E+00
  4.00000000E+00  5.40000975E-01  1.00000098E-01  1.10002802E-04
->       6      12       2      33                                 <-   
DELTAU                                                                          
  6.75000012E-01  4.99999970E-01  5.00000179E-01  4.99999672E-01  5.00000060E-01
  5.00000119E-01  5.00000060E-01  5.00000119E-01  4.99999821E-01  4.99999762E-01
  5.00000358E-01  5.00000060E-01  5.00000060E-01  5.00000060E-01  4.99999762E-01
  4.99999970E-01  5.00000179E-01  4.99999762E-01  5.00000119E-01  4.99999970E-01
  5.00000060E-01  4.00000095E-01  7.16999590E-01  4.83000249E-01  2.99999952E-01
  5.25000155E-01  5.75000048E-01  4.99999881E-01  4.99999970E-01  7.31801212E-01
  2.00247860E+00  1.68639970E+00  6.81242085E+00
->      -6       0       0       0                                 <-   
->       5       0       0      -1                                 <-   00000008
->       6      12      10       1                                 <-   
ISOTOPESLIST                                                                    
->       7       0       0      -1                                 <-   00000001
->       8      12       3       3                                 <-   
ALIAS                                                                           
         4         4         4
*MAC*RES0001
->       8      12       2       1                                 <-   
AWR                                                                             
  1.72470224E+00
->       8      12       2      33                                 <-   
NWT0                                                                            
  1.40413671E-04  2.20977073E-03  1.04608405E-02  3.19698676E-02  5.67371361E-02
  8.79861936E-02  1.74712092E-01  1.57038346E-01  1.77403241E-01  1.76282927E-01
  1.45491898E-01  1.19021714E-01  7.94195831E-02  7.01703355E-02  4.44490947E-02
  1.97816640E-02  1.62612833E-02  8.74509942E-03  4.38502105E-03  1.39466394E-03
  5.03368268E-04  1.07770727E-04  5.97961662E-05  4.66692109E-06  5.43085434E-07
  1.65960202E-07  1.87399820E-08  2.71162048E-09  5.56220570E-10  9.14012255E-10
  2.23636198E-09  2.67939865E-10  1.79606621E-10
->       8      12       2      33                                 <-   
NTOT0                                                                           
  9.01494920E-02  1.05752535E-01  1.13086067E-01  1.13293543E-01  1.04433343E-01
  1.00172006E-01  1.12418450E-01  1.39911979E-01  1.51987791E-01  1.52960077E-01
  1.95728287E-01  1.88687399E-01  2.71418691E-01  2.03586057E-01  2.75477141E-01
  4.31784928E-01  3.59196007E-01  3.61033559E-01  3.34124267E-01  3.81978929E-01
  3.99046481E-01  5.45363963E-01  5.00037670E-01  5.72733283E-01  6.34169519E-01
  7.04007804E-01  8.36031020E-01  1.00425625E+00  1.21676731E+00  1.66434419E+00
  2.26628184E+00  8.53718662E+00  1.22933559E+01
->       8      12       2      33                                 <-   
NG                                                                              
  1.86798206E-05  1.88961149E-05  3.18074126E-05  5.44418290E-05  6.54394826E-05
  8.26167088E-05  1.03755301E-04  1.37830240E-04  1.75168432E-04  2.07004807E-04
  3.02314496E-04  2.63996015E-04  4.19696182E-04  2.94360128E-04  4.69750812E-04
  5.73587778E-04  3.91848444E-04  3.71888425E-04  9.63841274E-04  8.50207824E-03
  6.55497774E-04  2.37905164E-03  1.08080870E-03  2.21371208E-03  1.37217063E-03
  3.05861910E-03  1.98410242E-03  2.52176146E-03  3.46930721E-03  4.91063716E-03
  7.09177088E-03  2.97567137E-02  4.33188677E-02
->       8      12       2      33                                 <-   
N2N                                                                             
  4.79146885E-03  2.26149146E-04  0.00000000E+00  0.00000000E+00  0.00000000E+00
  0.00000000E+00  0.00000000E+00  0.00000000E+00  0.00000000E+00  0.00000000E+00
  0.00000000E+00  0.00000000E+00  0.00000000E+00  0.00000000E+00  0.00000000E+00
  0.00000000E+00  0.00000000E+00  0.00000000E+00  0.00000000E+00  0.00000000E+00
  0.00000000E+00  0.00000000E+00  0.00000000E+00  0.00000000E+00  0.00000000E+00
  0.00000000E+00  0.00000000E+00  0.00000000E+00  0.00000000E+00  0.00000000E+00
  0.00000000E+00  0.00000000E+00  0.00000000E+00
->       8      12       2      33                                 <-   
N3N                                                                             
  7.76698380E-06  0.00000000E+00  0.00000000E+00  0.00000000E+00  0.00000000E+00
  0.00000000E+00  0.00000000E+00  0.00000000E+00  0.00000000E+00  0.00000000E+00
  0.00000000E+00  0.00000000E+00  0.00000000E+00  0.00000000E+00  0.00000000E+00
  0.00000000E+00  0.00000000E+00  0.00000000E+00  0.00000000E+00  0.00000000E+00
  0.00000000E+00  0.00000000E+00  0.00000000E+00  0.00000000E+00  0.00000000E+00
  0.00000000E+00  0.00000000E+00  0.00000000E+00  0.00000000E+00  0.00000000E+00
  0.00000000E+00  0.00000000E+00  0.00000000E+00
->       8      12       2      33                                 <-   
NA                                                                              
  1.16699864E-03  8.32607446E-04  1.25570432E-03  1.59765233E-03  1.95685006E-03
  1.18229049E-03  2.60091596E-03  4.48596384E-03  6.34703552E-03  8.61531030E-03
  1.06646260E-02  1.31008783E-02  1.67810656E-02  2.08808836E-02  2.70803068E-02
  3.55256125E-02  4.52199765E-02  5.77882379E-02  7.46434554E-02  9.62205231E-02
  1.22776747E-01  1.54078692E-01  1.96354881E-01  2.73196250E-01  3.38140547E-01
  4.03022051E-01  5.36702216E-01  7.03507185E-01  9.14563239E-01  1.36027062E+00
  1.95980358E+00  8.20617676E+00  1.19466524E+01
->       8      12       2      33                                 <-   
NP                                                                              
  3.36252409E-03  2.33387155E-03  1.11641141E-03  4.24659869E-04  9.97334791E-05
  1.36090584E-05  1.25042459E-06  2.43137890E-07  7.61535688E-08  2.42426950E-08
  1.11333733E-08  7.49159845E-09  7.53768159E-09  8.21087376E-09  9.06597020E-09
  1.00475646E-08  1.10067369E-08  1.20781705E-08  1.33095623E-08  1.49641348E-08
  1.87102813E-08  2.33990107E-08  2.97169187E-08  4.11811278E-08  5.08621234E-08
  6.05136279E-08  8.03529971E-08  1.05041245E-07  1.36196022E-07  2.01897464E-07
  2.90028368E-07  1.20999118E-06  1.76134665E-06
->       8      12       2      33                                 <-   
N2A                                                                             
  1.55949028E-12  0.00000000E+00  0.00000000E+00  0.00000000E+00  0.00000000E+00
  0.00000000E+00  0.00000000E+00  0.00000000E+00  0.00000000E+00  0.00000000E+00
  0.00000000E+00  0.00000000E+00  0.00000000E+00  0.00000000E+00  0.00000000E+00
  0.00000000E+00  0.00000000E+00  0.00000000E+00  0.00000000E+00  0.00000000E+00
  0.00000000E+00  0.00000000E+00  0.00000000E+00  0.00000000E+00  0.00000000E+00
  0.00000000E+00  0.00000000E+00  0.00000000E+00  0.00000000E+00  0.00000000E+00
  0.00000000E+00  0.00000000E+00  0.00000000E+00
->       8      12       2      33                                 <-   
NNP                                                                             
  5.43243019E-04  8.50252988E-08  0.00000000E+00  0.00000000E+00  0.00000000E+00
  0.00000000E+00  0.00000000E+00  0.00000000E+00  0.00000000E+00  0.00000000E+00
  0.00000000E+00  0.00000000E+00  0.00000000E+00  0.00000000E+00  0.00000000E+00
  0.00000000E+00  0.00000000E+00  0.00000000E+00  0.00000000E+00  0.00000000E+00
  0.00000000E+00  0.00000000E+00  0.00000000E+00  0.00000000E+00  0.00000000E+00
  0.00000000E+00  0.00000000E+00  0.00000000E+00  0.00000000E+00  0.00000000E+00
  0.00000000E+00  0.00000000E+00  0.00000000E+00
->       8      12       2      33                                 <-   
ND                                                                              
  2.24517280E-04  1.66237165E-04  1.13951046E-05  0.00000000E+00  0.00000000E+00
  0.00000000E+00  0.00000000E+00  0.00000000E+00  0.00000000E+00  0.00000000E+00
  0.00000000E+00  0.00000000E+00  0.00000000E+00  0.00000000E+00  0.00000000E+00
  0.00000000E+00  0.00000000E+00  0.00000000E+00  0.00000000E+00  0.00000000E+00
  0.00000000E+00  0.00000000E+00  0.00000000E+00  0.00000000E+00  0.00000000E+00
  0.00000000E+00  0.00000000E+00  0.00000000E+00  0.00000000E+00  0.00000000E+00
  0.00000000E+00  0.00000000E+00  0.00000000E+00
->       8      12       2      33                                 <-   
NT                                                                              
  1.29336740E-05  2.36571567E-18  0.00000000E+00  0.00000000E+00  0.00000000E+00
  0.00000000E+00  0.00000000E+00  0.00000000E+00  0.00000000E+00  0.00000000E+00
  0.00000000E+00  0.00000000E+00  0.00000000E+00  0.00000000E+00  0.00000000E+00
  0.00000000E+00  0.00000000E+00  0.00000000E+00  0.00000000E+00  0.00000000E+00
  0.00000000E+00  0.00000000E+00  0.00000000E+00  0.00000000E+00  0.00000000E+00
  0.00000000E+00  0.00000000E+00  0.00000000E+00  0.00000000E+00  0.00000000E+00
  0.00000000E+00  0.00000000E+00  0.00000000E+00
->       8      12       2      33                                 <-   
H-FACTOR                                                                        
  2.20494472E-17  2.32309159E-17  3.97627507E-17  6.85947861E-17  8.41597113E-17
  1.06569874E-16  1.31511288E-16  1.76737355E-16  2.28245892E-16  2.68952178E-16
  3.85587582E-16  3.45580416E-16  5.51557627E-16  3.91486982E-16  6.61682657E-16
  8.56130663E-16  5.65591533E-16  5.13428386E-16  1.30161022E-15  1.05733378E-14
  8.54911995E-16  3.45179839E-15  1.53784157E-15  2.66596505E-15  1.85097472E-15
  4.30770083E-15  2.66582508E-15  3.37227237E-15  4.56544533E-15  6.55833682E-15
  9.46937180E-15  3.97270277E-14  5.78336749E-14
->       8      12       2      33                                 <-   
OVERV                                                                           
  2.13704152E-10  2.70303502E-10  3.41122908E-10  4.36872566E-10  5.55185953E-10
  7.14435733E-10  9.12851239E-10  1.17359089E-09  1.48819845E-09  1.93123340E-09
  2.48730636E-09  3.14994453E-09  4.09110612E-09  5.10524512E-09  6.60331212E-09
  8.62674732E-09  1.09327072E-08  1.39147236E-08  1.79034103E-08  2.30049100E-08
  2.92854310E-08  3.66826391E-08  4.66684504E-08  6.48254854E-08  8.01915334E-08
  9.55318100E-08  1.27110880E-07  1.66507292E-07  2.16319435E-07  3.21607956E-07
  4.63276905E-07  1.93263440E-06  2.82154474E-06
->       8      12       2      33                                 <-   
STRD                                                                            
  7.97104314E-02  8.30361471E-02  9.55002829E-02  1.02794617E-01  1.14265323E-01
  1.34201393E-01  1.34244680E-01  1.87163636E-01  1.99478224E-01  2.09024101E-01
  2.60759354E-01  2.55759567E-01  2.85249501E-01  2.49547392E-01  3.30320865E-01
  4.83015239E-01  4.07587945E-01  4.08509403E-01  3.78347665E-01  4.18358773E-01
  4.14349645E-01  4.80062127E-01  4.77113992E-01  4.89584833E-01  5.40560544E-01
  5.57360411E-01  4.97453094E-01  6.23740494E-01  4.90285754E-01  4.25893307E-01
  4.48516518E-01  1.42815459E+00  1.36919248E+00
->       8      12       2      33                                 <-   
SIGS00                                                                          
  8.85777548E-02  1.01771548E-01  1.09831564E-01  1.10959351E-01  1.02141507E-01
  9.88904610E-02  1.09712318E-01  1.35287702E-01  1.45465314E-01  1.44137606E-01
  1.84761286E-01  1.75322413E-01  2.54217684E-01  1.82410628E-01  2.47927055E-01
  3.95685494E-01  3.13584030E-01  3.02873373E-01  2.58516878E-01  2.77256131E-01
  2.75613934E-01  3.88905734E-01  3.02601695E-01  2.97322869E-01  2.94656217E-01
  2.97926188E-01  2.97343880E-01  2.98226088E-01  2.98732638E-01  2.99160630E-01
  2.99383283E-01  3.01236242E-01  3.03363264E-01
->       8      12       1      33                                 <-   
NJJS00                                                                          
         1         2         3         4         5         6         7         8
         9        10        11        12        13        14        15        16
        17        18        19        20        21        22        23        24
        25        26        27        28        29        31        33        33
        33
->       8      12       1      33                                 <-   
IJJS00                                                                          
         1         2         3         4         5         6         7         8
         9        10        11        12        13        14        15        16
        17        18        19        20        21        22        23        24
        25        26        27        28        29        31        33        33
        33
->       8      12       2     565                                 <-   
SCAT00                                                                          
  4.35860194E-02  5.80728129E-02  8.78051575E-03  6.99162781E-02  1.16480328E-02
  6.67335978E-03  7.87634179E-02  1.54735399E-02  9.80737712E-03  8.41879193E-03
  7.47245252E-02  2.37274244E-02  8.13739095E-03  9.23261791E-03  8.28249566E-03
  8.00435171E-02  1.87802184E-02  4.10403172E-03  7.71197258E-03  6.28099544E-03
  5.93593344E-03  9.28991362E-02  1.37420120E-02  6.47638924E-03  1.90738728E-03
  4.63323342E-03  3.46521242E-03  3.44627118E-03  1.14039168E-01  1.66809931E-02
  1.88228523E-03  1.23541045E-03  1.21471460E-03  2.16056476E-03  1.72917207E-03
  1.77816674E-03  1.23658426E-01  2.11616307E-02  7.02195539E-05  1.69849000E-03
  4.57898976E-04  6.72093069E-04  1.02465437E-03  8.52752302E-04  8.83257191E-04
  1.22777738E-01  2.17506792E-02  4.47475832E-05  4.23902311E-05  8.08766345E-04
  2.53180246E-04  3.46760848E-04  4.31103050E-04  3.92726273E-04  4.13221482E-04
  1.61860287E-01  2.13382132E-02  4.03651829E-05  2.34400541E-05  9.53016479E-06
  3.72644368E-04  1.18528747E-04  1.33545007E-04  1.91812112E-04  1.66474114E-04
  1.94551554E-04  1.53093308E-01  2.28945632E-02  1.02989025E-05  1.51088079E-05
  9.15055898E-06  5.28291957E-06  1.65911144E-04  5.30955876E-05  5.38493405E-05
  8.48183627E-05  6.96368879E-05  9.27851142E-05  2.26556227E-01  2.22263709E-02
  3.70329576E-06  7.83210271E-06  4.86879742E-07  5.34437140E-06  2.28672752E-06
  5.00587157E-05  2.32525599E-05  2.14808224E-05  3.73585644E-05  3.04441492E-05
  4.57118986E-05  1.57292157E-01  2.73339134E-02  2.77260278E-06  1.32133516E-06
  2.01710145E-06  1.57267280E-07  2.52336008E-06  1.27747603E-06  2.85344831E-05
  1.04614537E-05  8.69809992E-06  1.58425228E-05  1.26991035E-05  2.25900876E-05
  2.25660220E-01  2.45532077E-02  3.27536342E-04  0.00000000E+00  8.35737467E-07
  8.53522693E-07  6.66235707E-08  9.89310138E-07  6.50497782E-07  5.93073419E-05
  4.53962093E-06  3.45901935E-06  6.94358914E-06  5.63822869E-06  1.18044691E-05
  3.60679150E-01  2.22650152E-02  3.27238871E-04  0.00000000E+00  0.00000000E+00
  3.68731776E-07  3.94170740E-07  2.61740123E-08  4.48583762E-07  2.98430081E-07
  2.84464440E-05  1.94863469E-06  1.41676253E-06  3.12977954E-06  2.58734190E-06
  6.13861630E-06  2.88154572E-01  3.50062959E-02  0.00000000E+00  1.58654875E-04
  0.00000000E+00  0.00000000E+00  1.41377527E-07  1.48385169E-07  9.76885772E-09
  1.68436415E-07  1.47366649E-07  6.55497706E-06  9.68844915E-07  5.90952425E-07
  1.44854698E-06  1.20645109E-06  3.16961746E-06  2.78925359E-01  2.54294463E-02
  0.00000000E+00  0.00000000E+00  5.21397633E-05  0.00000000E+00  0.00000000E+00
  5.28467012E-08  5.54390276E-08  3.62900066E-09  6.25997174E-08  7.54012177E-08
  2.75488037E-06  5.38787504E-07  2.51330704E-07  6.98197084E-07  5.76514026E-07
  1.53822168E-06  2.38094479E-01  2.39480622E-02  0.00000000E+00  0.00000000E+00
  0.00000000E+00  1.89909279E-05  0.00000000E+00  0.00000000E+00  6.75134659E-09
  2.13394973E-08  1.34504785E-09  2.32994974E-08  3.75416356E-08  9.70949145E-07
  2.89404426E-07  1.11984193E-07  3.51931220E-07  2.82747493E-07  7.34978528E-07
  2.56354779E-01  2.04224661E-02  0.00000000E+00  0.00000000E+00  0.00000000E+00
  0.00000000E+00  5.62849800E-06  0.00000000E+00  0.00000000E+00  0.00000000E+00
  1.00130464E-08  4.98311392E-10  8.70877237E-09  1.75853909E-08  1.22694786E-07
  1.46253853E-07  5.35021059E-08  1.83811295E-07  1.44096859E-07  3.53358473E-07
  2.57046223E-01  2.09014472E-02  0.00000000E+00  0.00000000E+00  0.00000000E+00
  0.00000000E+00  0.00000000E+00  2.12829309E-06  0.00000000E+00  0.00000000E+00
  0.00000000E+00  4.28691882E-09  1.84845750E-10  3.28168159E-09  7.70032216E-09
  3.73338729E-08  6.82256101E-08  2.69377711E-08  9.93941143E-08  7.72288899E-08
  1.70937611E-07  3.52867931E-01  1.85674299E-02  0.00000000E+00  0.00000000E+00
  0.00000000E+00  0.00000000E+00  0.00000000E+00  4.82976191E-07  4.91225535E-07
  0.00000000E+00  0.00000000E+00  0.00000000E+00  1.39399736E-09  5.98669309E-11
  1.09120180E-09  2.84585022E-09  1.28768383E-08  2.68518576E-08  1.19334445E-08
  4.65881200E-08  3.70134146E-08  7.04096124E-08  2.95814395E-01  3.60378660E-02
  2.18915275E-07  0.00000000E+00  0.00000000E+00  0.00000000E+00  0.00000000E+00
  0.00000000E+00  1.01544572E-06  1.08779590E-08  0.00000000E+00  0.00000000E+00
  0.00000000E+00  8.89140317E-10  3.79371742E-11  7.16164017E-10  2.03388018E-09
  8.99759112E-09  2.20362963E-08  1.09309397E-08  4.49086031E-08  3.56003795E-08
  5.75802410E-08  2.82179594E-01  6.78725867E-03  0.00000000E+00  0.00000000E+00
  0.00000000E+00  0.00000000E+00  0.00000000E+00  0.00000000E+00  0.00000000E+00
  2.04602443E-07  0.00000000E+00  0.00000000E+00  0.00000000E+00  0.00000000E+00
  1.82019552E-10  7.60170225E-12  1.55226110E-10  4.85990359E-10  2.14935736E-09
  6.19244789E-09  3.44973494E-09  1.54194151E-08  1.15134497E-08  1.59006035E-08
  2.60922462E-01  1.49297966E-02  0.00000000E+00  0.00000000E+00  0.00000000E+00
  0.00000000E+00  0.00000000E+00  0.00000000E+00  0.00000000E+00  0.00000000E+00
  5.72350558E-08  0.00000000E+00  0.00000000E+00  0.00000000E+00  0.00000000E+00
  5.20890414E-11  2.21425374E-12  4.80215034E-11  1.60033459E-10  6.88592905E-10
  2.25992447E-09  1.34767508E-09  6.21894847E-09  4.49623405E-09  5.61793900E-09
  2.87547767E-01  3.37337181E-02  2.13447653E-04  0.00000000E+00  0.00000000E+00
  0.00000000E+00  0.00000000E+00  0.00000000E+00  0.00000000E+00  0.00000000E+00
  0.00000000E+00  4.57228353E-08  0.00000000E+00  0.00000000E+00  0.00000000E+00
  0.00000000E+00  4.36453720E-11  1.81439889E-12  4.33645966E-11  1.52812180E-10
  6.56160792E-10  2.32494357E-09  1.50157675E-09  7.03680048E-09  4.99937380E-09
  5.72643222E-09  2.83159405E-01  1.03784101E-02  0.00000000E+00  0.00000000E+00
  0.00000000E+00  0.00000000E+00  0.00000000E+00  0.00000000E+00  0.00000000E+00
  0.00000000E+00  0.00000000E+00  0.00000000E+00  1.71644210E-08  0.00000000E+00
  0.00000000E+00  0.00000000E+00  0.00000000E+00  1.81754507E-11  7.28397052E-13
  2.00656679E-11  7.60493751E-11  2.99705150E-10  1.17067744E-09  9.13384091E-10
  4.32136638E-09  3.02124636E-09  3.12773984E-09  2.83684373E-01  1.41843604E-02
  0.00000000E+00  0.00000000E+00  0.00000000E+00  0.00000000E+00  0.00000000E+00
  0.00000000E+00  0.00000000E+00  0.00000000E+00  0.00000000E+00  0.00000000E+00
  0.00000000E+00  5.23153787E-09  0.00000000E+00  0.00000000E+00  0.00000000E+00
  0.00000000E+00  6.35846063E-12  2.15000381E-13  7.09931289E-12  3.10012953E-11
  1.18174873E-10  5.10862741E-10  4.25389474E-10  2.11777351E-09  1.45636692E-09
  1.34236966E-09  2.78511435E-01  1.45418234E-02  0.00000000E+00  0.00000000E+00
  0.00000000E+00  0.00000000E+00  0.00000000E+00  0.00000000E+00  0.00000000E+00
  0.00000000E+00  0.00000000E+00  0.00000000E+00  0.00000000E+00  0.00000000E+00
  1.99966887E-09  0.00000000E+00  0.00000000E+00  0.00000000E+00  0.00000000E+00
  2.38740516E-12  8.19999383E-14  3.08492056E-12  1.57903725E-11  1.70224477E-11
  2.60277383E-10  2.53930266E-10  1.27602051E-09  8.69491090E-10  7.72253927E-10
  9.64337261E-04  2.59304971E-01  2.02211943E-02  0.00000000E+00  0.00000000E+00
  0.00000000E+00  0.00000000E+00  0.00000000E+00  0.00000000E+00  0.00000000E+00
  0.00000000E+00  0.00000000E+00  0.00000000E+00  0.00000000E+00  0.00000000E+00
  0.00000000E+00  9.58125135E-10  0.00000000E+00  0.00000000E+00  0.00000000E+00
  0.00000000E+00  0.00000000E+00  4.62558357E-14  1.92369298E-12  1.08830618E-11
  1.33690585E-12  1.23035179E-10  2.02609332E-10  1.01428632E-09  6.87810808E-10
  5.75724080E-10 -8.52767172E-08  4.79701936E-04  2.98155338E-01  3.98555920E-02
  0.00000000E+00  0.00000000E+00  0.00000000E+00  0.00000000E+00  0.00000000E+00
  0.00000000E+00  0.00000000E+00  0.00000000E+00  0.00000000E+00  0.00000000E+00
  0.00000000E+00  0.00000000E+00  0.00000000E+00  0.00000000E+00  3.62972430E-10
  0.00000000E+00  0.00000000E+00  0.00000000E+00  0.00000000E+00  0.00000000E+00
  2.27966365E-14  3.22952385E-13  3.51989553E-12  3.81264654E-13  6.68285011E-11
  1.62175537E-10  8.13216550E-10  5.50117674E-10  4.38433345E-10  4.69483882E-02
  2.58403569E-01  2.63678463E-04  0.00000000E+00  0.00000000E+00  0.00000000E+00
  0.00000000E+00  0.00000000E+00  0.00000000E+00  0.00000000E+00  0.00000000E+00
  0.00000000E+00  0.00000000E+00  0.00000000E+00  0.00000000E+00  0.00000000E+00
  0.00000000E+00  0.00000000E+00  1.72063093E-11  0.00000000E+00  0.00000000E+00
  0.00000000E+00  0.00000000E+00  0.00000000E+00  1.65991130E-15  9.94347329E-16
  2.05913818E-13  5.94867173E-15  2.89915162E-12  1.82383744E-11  1.03004161E-10
  5.68433391E-11  4.96281627E-11  2.56414920E-01  4.23528142E-02  2.06805826E-08
  0.00000000E+00  0.00000000E+00  0.00000000E+00  0.00000000E+00  0.00000000E+00
  0.00000000E+00  0.00000000E+00  0.00000000E+00  0.00000000E+00  0.00000000E+00
  0.00000000E+00  0.00000000E+00  0.00000000E+00  0.00000000E+00  0.00000000E+00
  2.10717641E-12  0.00000000E+00  0.00000000E+00  0.00000000E+00  0.00000000E+00
  0.00000000E+00  2.57516968E-16  1.67125927E-16  1.83454123E-15  3.12877745E-16
  1.56776542E-13  2.20623953E-12  7.03853512E-12  1.92997506E-12  5.10476253E-12
->       8      12       2      33                                 <-   
SIGS01                                                                          
  3.93108837E-02  4.71741222E-02  4.60594743E-02  3.57005037E-02  2.27199011E-02
  1.89027302E-02  1.98104735E-02  1.66203417E-02  1.32574653E-02  8.50418117E-03
  8.45812541E-03  8.13196227E-03  9.31134727E-03  4.74416232E-03  5.29270479E-03
  7.30253151E-03  5.93630178E-03  5.92098013E-03  5.17692836E-03  5.04261581E-03
  5.01406705E-03  6.39979821E-03  5.35051292E-03  5.22436714E-03  5.25134476E-03
  5.26751298E-03  5.28548891E-03  5.29585313E-03  5.30195655E-03  5.30785089E-03
  5.38952136E-03  5.39996894E-03  5.37032727E-03
->       8      12       1      33                                 <-   
NJJS01                                                                          
         1         2         3         4         5         6         7         8
         9        10        11        12        13        14        15        16
        17        18        19        20        21        22        23        24
        25        26        27        28        29        31        33        29
        19
->       8      12       1      33                                 <-   
IJJS01                                                                          
         1         2         3         4         5         6         7         8
         9        10        11        12        13        14        15        16
        17        18        19        20        21        22        23        24
        25        26        27        28        29        31        33        33
        33
->       8      12       2     547                                 <-   
SCAT01                                                                          
  3.64179276E-02  4.61170338E-02  1.51949027E-03  4.66489866E-02  3.08022572E-04
  6.79247256E-04  3.86164114E-02 -9.12428484E-04  3.90611094E-04  3.41455045E-04
  2.58691274E-02 -2.71809637E-03  1.99093251E-04  2.79907399E-04  1.87017940E-04
  2.18779538E-02 -3.22466157E-03 -1.89397644E-04  1.00040612E-04  7.54494467E-05
  1.19063377E-04  2.35815998E-02 -3.15428432E-03  2.22778006E-04 -2.30725800E-05
  2.88045267E-05  8.31644957E-06  2.73898040E-05  2.26072334E-02 -3.77204805E-03
  1.43502053E-04 -1.53589703E-04  1.76352660E-05  4.22566700E-06  1.56100941E-06
  1.21028970E-05  2.11835857E-02 -5.98543556E-03  1.49997368E-06  2.31625891E-05
  5.56224177E-06  7.01699128E-06 -3.59079263E-06  5.93050208E-06  1.64522407E-06
  1.47512788E-02 -7.92512298E-03 -1.41234818E-06 -8.97404391E-07  6.52803146E-06
  7.19436628E-07 -3.31696810E-06 -2.76438686E-06 -5.81059749E-06 -1.86479883E-06
  1.45234885E-02 -6.24739053E-03 -2.94543383E-07 -1.39854677E-07  2.72084463E-07
  2.18038149E-05  6.54450844E-07 -3.88988974E-06 -7.46392345E-07 -3.84602026E-06
  1.22466975E-06  1.49186384E-02 -6.06539054E-03  5.91109938E-07 -6.78606852E-07
  1.16319612E-07 -1.85983176E-08 -2.56630592E-05 -4.54681953E-07 -1.40168368E-06
 -5.47122681E-07 -1.47802427E-06  1.61194237E-06  1.55998413E-02 -6.78442093E-03
  3.57773402E-08 -2.24305538E-07 -3.34953150E-08  7.54245519E-08 -2.65283298E-08
  2.66630718E-06 -2.31570212E-07 -6.34281605E-07 -6.98701626E-07 -8.30117358E-07
  1.05006654E-06  1.30409533E-02 -6.28765859E-03 -2.25904114E-06 -1.51445434E-08
 -5.88778519E-08  1.90149937E-10 -5.82220423E-08  7.54164020E-08 -5.40294138E-07
  1.29981572E-08 -3.65076517E-07 -3.80169212E-07 -3.29096167E-07  1.11935503E-06
  1.23024378E-02 -8.29136651E-03 -8.36356662E-07  0.00000000E+00  1.79501178E-08
  4.57379645E-09  1.07247533E-09 -9.31382171E-09  2.31118502E-09  1.63050499E-05
 -8.86597959E-08 -1.82569110E-07 -2.58505338E-07 -2.09266858E-07  8.77442631E-07
  1.80320349E-02 -7.00991973E-03 -1.57195927E-06  0.00000000E+00  0.00000000E+00
 -5.77045922E-09 -9.53780344E-09 -1.37580114E-10 -1.46088563E-08  4.92088503E-09
 -8.30921545E-06 -6.47809983E-08 -9.79650636E-08 -1.31295309E-07 -1.21108272E-07
  6.29175304E-07  1.39491111E-02 -1.07295001E-02  0.00000000E+00 -2.20886523E-06
  0.00000000E+00  0.00000000E+00 -2.89551916E-09 -4.66793448E-09 -6.59066343E-11
 -8.61915606E-09  5.29961186E-09  4.56918286E-07  7.07705752E-08 -5.28586064E-08
 -7.42362616E-08 -5.24593311E-08  5.08875530E-07  1.37726143E-02 -8.01280793E-03
  0.00000000E+00  0.00000000E+00 -6.45520686E-07  0.00000000E+00  0.00000000E+00
 -1.90006633E-09 -2.25124097E-09 -3.13566569E-11 -4.08804901E-09  4.66118832E-09
 -3.04420723E-07  5.05149416E-08 -2.48956074E-08 -3.50151517E-08 -2.67791425E-08
  2.30779165E-07  1.17776375E-02 -7.85163604E-03  0.00000000E+00  0.00000000E+00
  0.00000000E+00 -6.87127056E-07  0.00000000E+00  0.00000000E+00 -3.11725668E-09
 -5.41752310E-10 -1.48437634E-11 -1.92973970E-09  1.55180246E-09 -5.04691116E-07
  1.87089810E-08 -1.01413882E-08 -1.38821594E-08 -1.11937890E-08  9.18045870E-08
  1.19641712E-02 -6.60071103E-03  0.00000000E+00  0.00000000E+00  0.00000000E+00
  0.00000000E+00 -1.20889112E-07  0.00000000E+00  0.00000000E+00  0.00000000E+00
  8.79655099E-11 -6.99545196E-12 -9.06011155E-10 -4.19960761E-10 -3.57786050E-08
  2.32546538E-09 -4.21928359E-09 -6.11450002E-09 -3.19649485E-09  3.58062842E-08
  1.12335188E-02 -6.92155305E-03  0.00000000E+00  0.00000000E+00  0.00000000E+00
  0.00000000E+00  0.00000000E+00 -5.93692562E-08  0.00000000E+00  0.00000000E+00
  0.00000000E+00 -3.62353647E-10 -3.27864884E-12 -4.22046675E-10 -9.57733559E-10
 -6.22177643E-09 -2.15763940E-09 -1.81358328E-09 -2.46314502E-09 -3.93896825E-11
  1.38233389E-08  1.89359207E-02 -6.21923245E-03  0.00000000E+00  0.00000000E+00
  0.00000000E+00  0.00000000E+00  0.00000000E+00  2.33961003E-07 -1.22643215E-07
  0.00000000E+00  0.00000000E+00  0.00000000E+00 -1.45575510E-10 -1.30516225E-12
 -1.64180058E-10 -5.55564705E-10 -2.46284548E-09 -1.16029519E-09 -6.68355205E-10
 -6.31972252E-10  1.68614023E-09  4.47605863E-09  7.74518028E-03 -1.25361281E-02
 -2.17350603E-07  0.00000000E+00  0.00000000E+00  0.00000000E+00  0.00000000E+00
  0.00000000E+00 -2.50864485E-08 -9.40859302E-09  0.00000000E+00  0.00000000E+00
  0.00000000E+00 -1.13597645E-10 -9.76484518E-13 -1.29375566E-10 -4.52759025E-10
 -1.77681991E-09 -7.44069029E-10 -4.53900167E-10 -1.85910162E-10  2.10877205E-09
  2.99377412E-09  1.06895734E-02 -2.39466922E-03  0.00000000E+00  0.00000000E+00
  0.00000000E+00  0.00000000E+00  0.00000000E+00  0.00000000E+00  0.00000000E+00
 -1.27853861E-08  0.00000000E+00  0.00000000E+00  0.00000000E+00  0.00000000E+00
 -2.90645980E-11 -2.86870679E-13 -3.22482006E-11 -1.04829215E-10 -3.71908615E-10
 -2.61679040E-10 -8.94012572E-11  6.87439342E-11  4.09802359E-10  6.90722424E-10
  1.68396346E-02 -5.28269121E-03  0.00000000E+00  0.00000000E+00  0.00000000E+00
  0.00000000E+00  0.00000000E+00  0.00000000E+00  0.00000000E+00  0.00000000E+00
 -4.35814940E-09  0.00000000E+00  0.00000000E+00  0.00000000E+00  0.00000000E+00
 -1.06613876E-11 -9.52758651E-14 -9.95758771E-12 -3.14448294E-11 -1.17669541E-10
 -2.77490964E-11 -2.01918395E-11  3.23153795E-11  1.13665431E-10  1.84259150E-10
  9.10205953E-03 -1.15882931E-02 -1.82512551E-04  0.00000000E+00  0.00000000E+00
  0.00000000E+00  0.00000000E+00  0.00000000E+00  0.00000000E+00  0.00000000E+00
  0.00000000E+00 -4.16919121E-09  0.00000000E+00  0.00000000E+00  0.00000000E+00
  0.00000000E+00 -1.01387050E-11 -8.72983123E-14 -8.33599596E-12 -2.55196298E-11
 -8.34191743E-11  5.82574891E-11 -2.46848878E-11  2.83115736E-11  9.86777535E-11
  1.46947371E-10  9.99526866E-03 -3.83454654E-03  0.00000000E+00  0.00000000E+00
  0.00000000E+00  0.00000000E+00  0.00000000E+00  0.00000000E+00  0.00000000E+00
  0.00000000E+00  0.00000000E+00  0.00000000E+00 -1.99262740E-09  0.00000000E+00
  0.00000000E+00  0.00000000E+00  0.00000000E+00 -4.60203750E-12 -3.87736650E-14
 -2.95395479E-12 -8.22836157E-12 -3.93420470E-11  3.56405218E-11 -1.13232852E-11
  9.40492649E-12  3.96491243E-11  5.45661225E-11  1.04578147E-02 -4.70977742E-03
  0.00000000E+00  0.00000000E+00  0.00000000E+00  0.00000000E+00  0.00000000E+00
  0.00000000E+00  0.00000000E+00  0.00000000E+00  0.00000000E+00  0.00000000E+00
  0.00000000E+00 -7.18469395E-10  0.00000000E+00  0.00000000E+00  0.00000000E+00
  0.00000000E+00 -1.62997166E-12 -6.03080216E-15 -1.28931468E-12 -7.52615852E-13
 -7.62335941E-12  6.34325995E-11  8.76820589E-14  6.05619374E-12  1.05338811E-11
  1.14442978E-11  1.18782753E-02 -5.16196201E-03  0.00000000E+00  0.00000000E+00
  0.00000000E+00  0.00000000E+00  0.00000000E+00  0.00000000E+00  0.00000000E+00
  0.00000000E+00  0.00000000E+00  0.00000000E+00  0.00000000E+00  0.00000000E+00
 -3.55105556E-10  0.00000000E+00  0.00000000E+00  0.00000000E+00  0.00000000E+00
 -5.85279709E-13  0.00000000E+00 -8.24535861E-13  1.30508885E-12 -2.30881069E-12
  4.79558684E-11  2.60098678E-14  2.11432738E-12  4.68672930E-12  3.92694861E-12
  1.40216027E-04  1.70717314E-02 -6.57632155E-03  0.00000000E+00  0.00000000E+00
  0.00000000E+00  0.00000000E+00  0.00000000E+00  0.00000000E+00  0.00000000E+00
  0.00000000E+00  0.00000000E+00  0.00000000E+00  0.00000000E+00  0.00000000E+00
  0.00000000E+00 -2.18246615E-10  0.00000000E+00  0.00000000E+00  0.00000000E+00
  0.00000000E+00  0.00000000E+00  0.00000000E+00 -4.55102861E-13  2.62922149E-12
 -9.98136036E-14 -2.70318923E-12 -3.40771350E-15  0.00000000E+00  1.61878410E-12
  1.01500696E-21  5.77683927E-08 -3.76313292E-05  5.31904912E-03 -1.17638800E-02
  0.00000000E+00  0.00000000E+00  0.00000000E+00  0.00000000E+00  0.00000000E+00
  0.00000000E+00  0.00000000E+00  0.00000000E+00  0.00000000E+00  0.00000000E+00
  0.00000000E+00  0.00000000E+00  0.00000000E+00  0.00000000E+00 -9.26768037E-11
  0.00000000E+00  0.00000000E+00  0.00000000E+00  0.00000000E+00  0.00000000E+00
  0.00000000E+00 -6.30588111E-14 -1.64449170E-13 -2.27271832E-14  5.37870963E-12
  4.05345353E-23  0.00000000E+00  6.47092460E-13  1.15946069E-22 -6.95401896E-03
  1.20620308E-02 -6.97264404E-05  0.00000000E+00  0.00000000E+00  0.00000000E+00
  0.00000000E+00  0.00000000E+00  0.00000000E+00  0.00000000E+00  0.00000000E+00
  0.00000000E+00  0.00000000E+00  0.00000000E+00  0.00000000E+00  0.00000000E+00
  0.00000000E+00  0.00000000E+00 -3.17130090E-12  0.00000000E+00  0.00000000E+00
  0.00000000E+00  0.00000000E+00  0.00000000E+00  0.00000000E+00  0.00000000E+00
 -8.10924102E-15  0.00000000E+00  8.74996527E-13  1.23242848E-02 -6.62443042E-03
 -1.80645756E-08  0.00000000E+00  0.00000000E+00  0.00000000E+00  0.00000000E+00
  0.00000000E+00  0.00000000E+00  0.00000000E+00  0.00000000E+00  0.00000000E+00
  0.00000000E+00  0.00000000E+00  0.00000000E+00  0.00000000E+00  0.00000000E+00
  0.00000000E+00 -8.39691679E-14
->       8      12       1       2                                 <-   
SCAT-SAVED                                                                      
         1         1
->       8      12       2       8                                 <-   
LAMBDA-D                                                                        
  1.24666998E-02  2.82917004E-02  4.25244011E-02  1.33041993E-01  2.92467207E-01
  6.66487694E-01  1.63478100E+00  3.55460000E+00
->      -8       0       0       0                                 <-   
->       6      12       3       3                                 <-   
SIGNATURE                                                                       
         4         4         4
L_LIBRARY   
->       6      12       1      40                                 <-   
STATE-VECTOR                                                                    
         1         1        33         2         0         0         1         0
         0         0         0         0        12         1         0         0
         0         1         8         0         0         1         0         0
         0         0         0         0         0         0         0         0
         0         0         0         0         0         0         0         0
->       6      12       1       1                                 <-   
ISOTOPESMIX                                                                     
         1
->       6      12       3       3                                 <-   
ISOTOPESUSED                                                                    
         4         4         4
*MAC*RES    
->       6      12       3       3                                 <-   
ISOTOPERNAME                                                                    
         4         4         4
*MAC*RES    
->       6      12       2       1                                 <-   
ISOTOPESDENS                                                                    
  1.00000000E+00
->       6      12       1       1                                 <-   
ISOTOPESTYPE                                                                    
         1
->       6      12       1       1                                 <-   
ISOTOPESTODO                                                                    
         1
->       6      12       2       1                                 <-   
ISOTOPESVOL                                                                     
  2.34294758E+01
->       6      12       2       1                                 <-   
ISOTOPESTEMP                                                                    
  7.13160034E+02
->       6      12       2       1                                 <-   
MIXTURESVOL                                                                     
  2.34294758E+01
->       6      12       2       1                                 <-   
K-EFFECTIVE                                                                     
  1.00000024E+00
->       6      12       2       1                                 <-   
K-INFINITY                                                                      
  1.00189328E+00
->       6      12       2       1                                 <-   
B2  B1HOM                                                                       
  6.23430833E-06
->       6      12       3      24                                 <-   
ADDXSNAME-P0                                                                    
         4         4         4         4         4         4         4         4
         4         4         4         4         4         4         4         4
         4         4         4         4         4         4         4         4
NFTOT   NG      N2N     N3N     N4N     NA      NP      N2A     NNP     ND      
NT      TRANC   
->       6      12       2      34                                 <-   
ENERGY                                                                          
  1.96403300E+07  1.00000000E+07  6.06530700E+06  3.67879400E+06  2.23130200E+06
  1.35335300E+06  8.20850000E+05  4.97870688E+05  3.01973812E+05  1.83156406E+05
  1.11090000E+05  6.73794688E+04  4.08677109E+04  2.47875195E+04  1.50343896E+04
  9.11882031E+03  5.53084424E+03  3.35462598E+03  2.03468396E+03  1.23409802E+03
  7.48518311E+02  4.53999298E+02  3.04324799E+02  1.48575897E+02  9.16608810E+01
  6.79040527E+01  4.01689987E+01  2.26032906E+01  1.37095900E+01  8.31528664E+00
  4.00000000E+00  5.40000975E-01  1.00000098E-01  1.10002802E-04
->       6      12       2      33                                 <-   
DELTAU                                                                          
  6.75000012E-01  4.99999970E-01  5.00000179E-01  4.99999672E-01  5.00000060E-01
  5.00000119E-01  5.00000060E-01  5.00000119E-01  4.99999821E-01  4.99999762E-01
  5.00000358E-01  5.00000060E-01  5.00000060E-01  5.00000060E-01  4.99999762E-01
  4.99999970E-01  5.00000179E-01  4.99999762E-01  5.00000119E-01  4.99999970E-01
  5.00000060E-01  4.00000095E-01  7.16999590E-01  4.83000249E-01  2.99999952E-01
  5.25000155E-01  5.75000048E-01  4.99999881E-01  4.99999970E-01  7.31801212E-01
  2.00247860E+00  1.68639970E+00  6.81242085E+00
->      -6       0       0       0                                 <-   
->       5       0       0      -1                                 <-   00000009
->       6      12      10       1                                 <-   
ISOTOPESLIST                                                                    
->       7       0       0      -1                                 <-   00000001
->       8      12       3       3                                 <-   
ALIAS                                                                           
         4         4         4
*MAC*RES0001
->       8      12       2       1                                 <-   
AWR                                                                             
  6.26101303E+01
->       8      12       2      33                                 <-   
NWT0                                                                            
  2.53212738E-06  3.73571820E-05  2.30862133E-04  4.07420518E-03  2.33132821E-02
  4.05784138E-02  1.19273946E-01  7.59128183E-02  8.05270895E-02  8.05965662E-02
  7.92325363E-02  8.09062198E-02  6.92497194E-02  8.10494870E-02  7.25702494E-02
  6.12765588E-02  6.31863475E-02  5.92351444E-02  5.42929731E-02  4.58998047E-02
  4.03290465E-02  2.71875579E-02  4.23262119E-02  2.31565349E-02  1.23825800E-02
  1.84068810E-02  1.59609728E-02  1.12597663E-02  9.09527950E-03  1.04227625E-02
  1.59976352E-02  4.57747187E-03  1.23440172E-03
->       8      12       2      33                                 <-   
NTOT0                                                                           
  1.57593024E+00  1.79203856E+00  2.34901714E+00  2.27042460E+00  1.72758245E+00
  1.59643424E+00  1.56189609E+00  1.96231997E+00  2.43186855E+00  2.94795012E+00
  3.97662115E+00  3.19229364E+00  3.36473274E+00  3.34150887E+00  3.40968704E+00
  3.50838780E+00  3.47460294E+00  3.48343682E+00  3.48419118E+00  3.49767208E+00
  3.50004077E+00  3.53336287E+00  3.50982213E+00  3.51126695E+00  3.51246834E+00
  3.51335049E+00  3.51420593E+00  3.51482701E+00  3.51531315E+00  3.51590562E+00
  3.51765609E+00  3.52374125E+00  3.54400444E+00
->       8      12       2      33                                 <-   
NG                                                                              
  5.25910291E-04  2.31723476E-04  1.69467268E-04  2.81539920E-04  1.60341981E-04
  2.22945178E-04  6.49339403E-04  2.95211765E-04  7.56689260E-05  5.93590143E-04
  6.09807146E-04  1.27209525E-04  1.42046425E-04  5.01217655E-05  7.39894531E-05
  1.59580610E-04  7.97998073E-05  5.73070793E-05  2.13709078E-04  2.68028979E-03
  1.10201254E-04  5.66593430E-04  2.50678248E-04  3.06416739E-04  3.78701778E-04
  4.71063337E-04  6.27565139E-04  8.27730342E-04  1.06735318E-03  1.45886082E-03
  2.79347110E-03  6.90767961E-03  1.60216019E-02
->       8      12       2      33                                 <-   
N2N                                                                             
  5.35842657E-01  3.82124484E-02  0.00000000E+00  0.00000000E+00  0.00000000E+00
  0.00000000E+00  0.00000000E+00  0.00000000E+00  0.00000000E+00  0.00000000E+00
  0.00000000E+00  0.00000000E+00  0.00000000E+00  0.00000000E+00  0.00000000E+00
  0.00000000E+00  0.00000000E+00  0.00000000E+00  0.00000000E+00  0.00000000E+00
  0.00000000E+00  0.00000000E+00  0.00000000E+00  0.00000000E+00  0.00000000E+00
  0.00000000E+00  0.00000000E+00  0.00000000E+00  0.00000000E+00  0.00000000E+00
  0.00000000E+00  0.00000000E+00  0.00000000E+00
->       8      12       2      33                                 <-   
N3N                                                                             
  1.34441501E-03  0.00000000E+00  0.00000000E+00  0.00000000E+00  0.00000000E+00
  0.00000000E+00  0.00000000E+00  0.00000000E+00  0.00000000E+00  0.00000000E+00
  0.00000000E+00  0.00000000E+00  0.00000000E+00  0.00000000E+00  0.00000000E+00
  0.00000000E+00  0.00000000E+00  0.00000000E+00  0.00000000E+00  0.00000000E+00
  0.00000000E+00  0.00000000E+00  0.00000000E+00  0.00000000E+00  0.00000000E+00
  0.00000000E+00  0.00000000E+00  0.00000000E+00  0.00000000E+00  0.00000000E+00
  0.00000000E+00  0.00000000E+00  0.00000000E+00
->       8      12       2      33                                 <-   
NA                                                                              
  2.66016985E-04  7.93715662E-05  3.57299928E-06  8.82454501E-08  8.75462725E-09
  8.86011597E-10  1.10475788E-10  7.61639623E-12  5.21626145E-12  4.18519169E-12
  2.60674078E-12  1.12577222E-12  1.17426956E-12  1.42205930E-12  2.12862171E-12
  3.03268760E-12  4.20681198E-12  6.09498086E-12  9.10674574E-12  1.16588197E-11
  2.39492089E-11  4.10708551E-10  1.66114500E-08  3.55240601E-08  4.31947420E-08
  5.30525845E-08  6.99739431E-08  9.13911862E-08  1.17327922E-07  1.59865053E-07
  3.05266013E-07  7.53436609E-07  1.74699062E-06
->       8      12       2      33                                 <-   
NP                                                                              
  9.30258422E-04  4.94202599E-04  1.49593834E-04  3.39492217E-05  4.09934228E-06
  2.78673127E-07  3.08293302E-09  1.21199396E-11  2.01793140E-19  6.38118596E-20
  1.72103853E-21  0.00000000E+00  0.00000000E+00  0.00000000E+00  0.00000000E+00
  0.00000000E+00  0.00000000E+00  0.00000000E+00  0.00000000E+00  0.00000000E+00
  0.00000000E+00  0.00000000E+00  0.00000000E+00  0.00000000E+00  0.00000000E+00
  0.00000000E+00  0.00000000E+00  0.00000000E+00  0.00000000E+00  0.00000000E+00
  0.00000000E+00  0.00000000E+00  0.00000000E+00
->       8      12       2      33                                 <-   
N2A                                                                             
  6.56393993E-13  0.00000000E+00  0.00000000E+00  0.00000000E+00  0.00000000E+00
  0.00000000E+00  0.00000000E+00  0.00000000E+00  0.00000000E+00  0.00000000E+00
  0.00000000E+00  0.00000000E+00  0.00000000E+00  0.00000000E+00  0.00000000E+00
  0.00000000E+00  0.00000000E+00  0.00000000E+00  0.00000000E+00  0.00000000E+00
  0.00000000E+00  0.00000000E+00  0.00000000E+00  0.00000000E+00  0.00000000E+00
  0.00000000E+00  0.00000000E+00  0.00000000E+00  0.00000000E+00  0.00000000E+00
  0.00000000E+00  0.00000000E+00  0.00000000E+00
->       8      12       2      33                                 <-   
NNP                                                                             
  1.25554056E-04  3.55608654E-09  0.00000000E+00  0.00000000E+00  0.00000000E+00
  0.00000000E+00  0.00000000E+00  0.00000000E+00  0.00000000E+00  0.00000000E+00
  0.00000000E+00  0.00000000E+00  0.00000000E+00  0.00000000E+00  0.00000000E+00
  0.00000000E+00  0.00000000E+00  0.00000000E+00  0.00000000E+00  0.00000000E+00
  0.00000000E+00  0.00000000E+00  0.00000000E+00  0.00000000E+00  0.00000000E+00
  0.00000000E+00  0.00000000E+00  0.00000000E+00  0.00000000E+00  0.00000000E+00
  0.00000000E+00  0.00000000E+00  0.00000000E+00
->       8      12       2      33                                 <-   
ND                                                                              
  3.22822707E-05  2.56924206E-08  3.79969252E-17  0.00000000E+00  0.00000000E+00
  0.00000000E+00  0.00000000E+00  0.00000000E+00  0.00000000E+00  0.00000000E+00
  0.00000000E+00  0.00000000E+00  0.00000000E+00  0.00000000E+00  0.00000000E+00
  0.00000000E+00  0.00000000E+00  0.00000000E+00  0.00000000E+00  0.00000000E+00
  0.00000000E+00  0.00000000E+00  0.00000000E+00  0.00000000E+00  0.00000000E+00
  0.00000000E+00  0.00000000E+00  0.00000000E+00  0.00000000E+00  0.00000000E+00
  0.00000000E+00  0.00000000E+00  0.00000000E+00
->       8      12       2      33                                 <-   
NT                                                                              
  3.89825254E-06  4.20491772E-16  0.00000000E+00  0.00000000E+00  0.00000000E+00
  0.00000000E+00  0.00000000E+00  0.00000000E+00  0.00000000E+00  0.00000000E+00
  0.00000000E+00  0.00000000E+00  0.00000000E+00  0.00000000E+00  0.00000000E+00
  0.00000000E+00  0.00000000E+00  0.00000000E+00  0.00000000E+00  0.00000000E+00
  0.00000000E+00  0.00000000E+00  0.00000000E+00  0.00000000E+00  0.00000000E+00
  0.00000000E+00  0.00000000E+00  0.00000000E+00  0.00000000E+00  0.00000000E+00
  0.00000000E+00  0.00000000E+00  0.00000000E+00
->       8      12       2      33                                 <-   
H-FACTOR                                                                        
  3.51811985E-16  1.57144226E-16  1.18639643E-16  1.96710524E-16  1.17296421E-16
  1.61375989E-16  4.48674940E-16  2.20030374E-16  8.21747161E-17  4.27560632E-16
  4.61739682E-16  1.31292304E-16  1.78852794E-16  6.39707737E-17  1.08079081E-16
  2.41836350E-16  1.19405877E-16  8.01577454E-17  2.86800909E-16  3.30749658E-15
  1.43107461E-16  8.39708706E-16  3.31065871E-16  3.93225040E-16  4.84828318E-16
  6.02379339E-16  8.01869098E-16  1.05722153E-15  1.36300963E-15  1.86271333E-15
  3.56639072E-15  8.81864551E-15  2.04537654E-14
->       8      12       2      33                                 <-   
OVERV                                                                           
  2.13667334E-10  2.69952061E-10  3.46749712E-10  4.51794963E-10  5.60090252E-10
  7.06513015E-10  9.35146294E-10  1.16104037E-09  1.49505164E-09  1.92417948E-09
  2.46968579E-09  3.16006021E-09  4.04439326E-09  5.20396837E-09  6.68105038E-09
  8.61327987E-09  1.10312142E-08  1.41465648E-08  1.81709119E-08  2.33209150E-08
  2.99311154E-08  3.74240372E-08  4.95073174E-08  6.68570834E-08  8.13585430E-08
  9.98578358E-08  1.31395936E-07  1.72001975E-07  2.20853607E-07  3.00913626E-07
  5.74668604E-07  1.41816417E-06  3.30947614E-06
->       8      12       2      33                                 <-   
STRD                                                                            
  4.58622009E-01  4.82460380E-01  5.82948387E-01  7.75244415E-01  7.69425154E-01
  7.95070171E-01  8.26846242E-01  9.93998110E-01  1.33803391E+00  1.64934504E+00
  2.16511965E+00  1.91675949E+00  2.10149646E+00  2.08939338E+00  2.19422197E+00
  2.38132572E+00  2.32441092E+00  2.37950706E+00  2.38536096E+00  2.49392319E+00
  2.55246139E+00  2.73416162E+00  2.76483154E+00  2.90020847E+00  3.00757909E+00
  3.09180522E+00  3.09043407E+00  3.16325021E+00  3.15666056E+00  3.18087006E+00
  3.18020916E+00  3.34890199E+00  3.40454578E+00
->       8      12       2      33                                 <-   
SIGS00                                                                          
  2.11222935E+00  1.82932603E+00  2.34857392E+00  2.27004337E+00  1.72740102E+00
  1.59621406E+00  1.56124580E+00  1.96202385E+00  2.43179297E+00  2.94735694E+00
  3.97601008E+00  3.19216800E+00  3.36459041E+00  3.34145808E+00  3.40961528E+00
  3.50822759E+00  3.47452211E+00  3.48338008E+00  3.48397946E+00  3.49499154E+00
  3.49992800E+00  3.53279662E+00  3.50957203E+00  3.51096058E+00  3.51208973E+00
  3.51287961E+00  3.51358032E+00  3.51400137E+00  3.51424432E+00  3.51444697E+00
  3.51486206E+00  3.51683235E+00  3.52798080E+00
->       8      12       1      33                                 <-   
NJJS00                                                                          
         1         2         3         4         5         6         7         8
         9        10        11        12        13        14        15        16
        17        18        19        20        21        22        23        24
        25        26        27        28        29        31        33        33
        33
->       8      12       1      33                                 <-   
IJJS00                                                                          
         1         2         3         4         5         6         7         8
         9        10        11        12        13        14        15        16
        17        18        19        20        21        22        23        24
        25        26        27        28        29        31        33        33
        33
->       8      12       2     565                                 <-   
SCAT00                                                                          
  7.77037263E-01  9.96645391E-01  6.65868819E-02  1.76097810E+00  5.35795428E-02
  1.17023468E-01  2.15585113E+00  5.63960634E-02  1.69602618E-01  2.39141747E-01
  1.68917274E+00  6.90996274E-02  1.21192664E-01  2.47947425E-01  3.21066678E-01
  1.55829298E+00  3.49690206E-02  6.85098441E-03  1.72922492E-01  1.64620072E-01
  2.56775618E-01  1.54536712E+00  3.55928205E-02  2.66939611E-03  1.22342650E-02
  1.09540872E-01  9.95015129E-02  1.65175036E-01  1.92013693E+00  1.58314910E-02
  8.66300717E-04  3.95449286E-04  1.07691372E-02  6.58770278E-02  5.23779429E-02
  8.90045241E-02  2.38308263E+00  4.18565869E-02  2.03843010E-05  8.24232236E-04
  9.54602219E-05  7.39587890E-03  3.48335020E-02  2.47243494E-02  4.25228737E-02
  2.88837171E+00  4.86922637E-02  1.07083879E-05  2.37159729E-05  3.90180910E-04
  5.42859307E-05  4.85270098E-03  1.47675537E-02  1.10106850E-02  1.96909774E-02
  3.91095948E+00  5.89799173E-02  1.28046504E-05  9.99425993E-06  1.55550697E-06
  1.41019540E-04  2.57728425E-05  1.86146598E-03  6.80336310E-03  5.00005484E-03
  9.39535815E-03  3.12842727E+00  6.50516450E-02  8.62058016E-07  5.49865172E-06
  4.64829509E-06  8.83530731E-07  5.10073914E-05  1.10940146E-05  6.98427088E-04
  3.04849166E-03  2.22908682E-03  4.48650029E-03  3.28610516E+00  6.37390167E-02
  7.14100850E-08  2.65417361E-06  1.87221136E-08  2.69584575E-06  3.47537878E-07
  1.51862196E-05  4.66166784E-06  2.67292140E-04  1.30032399E-03  1.07020291E-03
  2.22014170E-03  3.27767634E+00  7.83659816E-02  1.21130586E-06  2.84773378E-08
  9.45712941E-07  3.60965359E-12  1.26853342E-06  1.91931420E-07  8.91926993E-06
  1.87950695E-06  1.02411985E-04  5.42802678E-04  5.23535535E-04  1.10988249E-03
  3.34306049E+00  6.35515675E-02  1.19632801E-04  0.00000000E+00  1.38529153E-08
  3.68435650E-07  1.32335226E-10  4.81233883E-07  1.05139833E-07  1.89850234E-05
  7.52061339E-07  3.78801124E-05  2.19269277E-04  2.52562982E-04  5.77596365E-04
  3.43397546E+00  6.65541142E-02  1.17358461E-04  0.00000000E+00  0.00000000E+00
  5.74938230E-09  1.42963714E-07  6.76394774E-11  1.85691420E-07  5.03656459E-08
  9.11331517E-06  2.99384482E-07  1.40013790E-05  9.08942457E-05  1.27177904E-04
  2.57342122E-04  3.40498757E+00  7.42523074E-02  0.00000000E+00  6.94453483E-05
  0.00000000E+00  0.00000000E+00  2.20440310E-09  5.37886393E-08  2.51971777E-11
  6.92088662E-08  2.59573270E-08  2.09584209E-06  1.21808611E-07  5.17538228E-06
  3.59093137E-05  6.13467055E-05  9.84747821E-05  3.41504288E+00  6.95348680E-02
  0.00000000E+00  0.00000000E+00  2.76905339E-05  0.00000000E+00  0.00000000E+00
  8.24002477E-10  2.00893702E-08  9.36211612E-12  2.57228496E-08  1.41764307E-08
  8.81372387E-07  5.18595265E-08  1.91429194E-06  1.41849241E-05  2.80801851E-05
  3.73147959E-05  3.41572547E+00  6.83375746E-02  0.00000000E+00  0.00000000E+00
  0.00000000E+00  1.08172480E-05  0.00000000E+00  0.00000000E+00  1.05269127E-10
  7.54857865E-09  3.47803427E-12  9.57473301E-09  7.28766736E-09  3.10539519E-07
  2.28765664E-08  7.09649441E-07  5.61236857E-06  1.25797114E-05  1.38987589E-05
  3.42711115E+00  6.82537407E-02  0.00000000E+00  0.00000000E+00  0.00000000E+00
  0.00000000E+00  4.08062169E-06  0.00000000E+00  0.00000000E+00  0.00000000E+00
  3.02307779E-09  1.29497617E-12  3.57929264E-09  3.44016726E-09  3.88614829E-08
  1.01129114E-08  2.64386642E-07  2.31036370E-06  5.74338401E-06  5.14512612E-06
  3.43251181E+00  6.78802133E-02  0.00000000E+00  0.00000000E+00  0.00000000E+00
  0.00000000E+00  0.00000000E+00  1.54299755E-06  0.00000000E+00  0.00000000E+00
  0.00000000E+00  1.18374233E-09  4.84649972E-13  1.34905831E-09  1.51412183E-09
  1.17791128E-08  4.48366499E-09  9.93575711E-08  1.02313879E-06  2.85978354E-06
  1.90785363E-06  3.44566703E+00  6.74157888E-02  0.00000000E+00  0.00000000E+00
  0.00000000E+00  0.00000000E+00  0.00000000E+00  1.62293901E-07  3.56135047E-07
  0.00000000E+00  0.00000000E+00  0.00000000E+00  3.84907384E-10  1.59079306E-13
  4.48734411E-10  5.61116986E-10  4.06346778E-09  1.71444181E-09  3.28192300E-08
  4.19987060E-07  1.48491267E-06  6.16595855E-07  3.46464038E+00  8.71296152E-02
  0.00000000E+00  0.00000000E+00  0.00000000E+00  0.00000000E+00  0.00000000E+00
  0.00000000E+00  3.41219021E-07  7.88644350E-09  0.00000000E+00  0.00000000E+00
  0.00000000E+00  2.45497511E-10  1.03951299E-13  2.94614916E-10  4.02907624E-10
  2.83693713E-09  1.37264999E-09  2.14818954E-08  3.65498863E-07  1.36199469E-06
  3.87095838E-07  3.44207883E+00  4.49319333E-02  0.00000000E+00  0.00000000E+00
  0.00000000E+00  0.00000000E+00  0.00000000E+00  0.00000000E+00  0.00000000E+00
  6.87523141E-08  0.00000000E+00  0.00000000E+00  0.00000000E+00  0.00000000E+00
  5.02634948E-11  2.13338461E-14  6.39195433E-11  9.68701716E-11  6.78882173E-10
  3.43206685E-10  4.35735670E-09  1.05487302E-07  3.32843030E-07  7.60773631E-08
  3.39745593E+00  6.88807145E-02  0.00000000E+00  0.00000000E+00  0.00000000E+00
  0.00000000E+00  0.00000000E+00  0.00000000E+00  0.00000000E+00  0.00000000E+00
  1.92326262E-08  0.00000000E+00  0.00000000E+00  0.00000000E+00  0.00000000E+00
  1.43864044E-11  6.37009561E-15  1.97889344E-11  3.20091766E-11  2.17482310E-10
  1.21713806E-10  1.13152199E-09  3.46210705E-08  1.00354718E-07  2.12804334E-08
  3.45074439E+00  1.14633776E-01  6.01965041E-07  0.00000000E+00  0.00000000E+00
  0.00000000E+00  0.00000000E+00  0.00000000E+00  0.00000000E+00  0.00000000E+00
  0.00000000E+00  1.53641899E-08  0.00000000E+00  0.00000000E+00  0.00000000E+00
  0.00000000E+00  1.20570290E-11  5.55774570E-15  1.78834014E-11  3.06523314E-11
  2.07316650E-10  1.23693722E-10  9.86467796E-10  3.07276196E-08  8.24637851E-08
  1.70052168E-08  3.45638752E+00  6.21352755E-02  0.00000000E+00  0.00000000E+00
  0.00000000E+00  0.00000000E+00  0.00000000E+00  0.00000000E+00  0.00000000E+00
  0.00000000E+00  0.00000000E+00  0.00000000E+00  5.76773962E-09  0.00000000E+00
  0.00000000E+00  0.00000000E+00  0.00000000E+00  5.02263032E-12  2.44604946E-15
  8.28352751E-12  1.53107197E-11  9.46087306E-11  5.87101479E-11  3.49470813E-10
  1.26234010E-08  3.17278221E-08  6.32693054E-09  3.44826007E+00  5.71919195E-02
  0.00000000E+00  0.00000000E+00  0.00000000E+00  0.00000000E+00  0.00000000E+00
  0.00000000E+00  0.00000000E+00  0.00000000E+00  0.00000000E+00  0.00000000E+00
  0.00000000E+00  1.75794734E-09  0.00000000E+00  0.00000000E+00  0.00000000E+00
  0.00000000E+00  1.75787423E-12  3.91057774E-16  2.93165644E-12  6.14578484E-12
  3.73383408E-11  2.14097177E-11  2.81089683E-11  3.67886543E-09  9.39601108E-09
  2.26494642E-10  3.44842243E+00  6.57414198E-02  0.00000000E+00  0.00000000E+00
  0.00000000E+00  0.00000000E+00  0.00000000E+00  0.00000000E+00  0.00000000E+00
  0.00000000E+00  0.00000000E+00  0.00000000E+00  0.00000000E+00  0.00000000E+00
  6.71946332E-10  0.00000000E+00  0.00000000E+00  0.00000000E+00  0.00000000E+00
  7.32474628E-13  0.00000000E+00  1.27317330E-12  3.09705018E-12  5.16008026E-12
  1.05174914E-11  1.57168046E-11  1.31406419E-09  3.42711237E-09  1.19569590E-10
  9.24076606E-03  3.45909619E+00  6.58215433E-02  0.00000000E+00  0.00000000E+00
  0.00000000E+00  0.00000000E+00  0.00000000E+00  0.00000000E+00  0.00000000E+00
  0.00000000E+00  0.00000000E+00  0.00000000E+00  0.00000000E+00  0.00000000E+00
  0.00000000E+00  3.21957627E-10  0.00000000E+00  0.00000000E+00  0.00000000E+00
  0.00000000E+00  0.00000000E+00  0.00000000E+00  7.94252142E-13  2.12909573E-12
  3.02016496E-13  4.48720748E-12  1.23184960E-11  7.65261118E-11  1.47672374E-09
  7.72220413E-11 -1.38026729E-10  5.12699820E-02  3.48162746E+00  5.53508252E-02
  0.00000000E+00  0.00000000E+00  0.00000000E+00  0.00000000E+00  0.00000000E+00
  0.00000000E+00  0.00000000E+00  0.00000000E+00  0.00000000E+00  0.00000000E+00
  0.00000000E+00  0.00000000E+00  0.00000000E+00  0.00000000E+00  1.21969185E-10
  0.00000000E+00  0.00000000E+00  0.00000000E+00  0.00000000E+00  0.00000000E+00
  0.00000000E+00  1.29869517E-13  6.73409896E-13  9.06334537E-14  2.77281800E-12
  9.85575684E-12  6.13563783E-11  2.10736956E-10  6.08703365E-11  1.81543022E-01
  3.40751553E+00  2.39929054E-02  0.00000000E+00  0.00000000E+00  0.00000000E+00
  0.00000000E+00  0.00000000E+00  0.00000000E+00  0.00000000E+00  0.00000000E+00
  0.00000000E+00  0.00000000E+00  0.00000000E+00  0.00000000E+00  0.00000000E+00
  0.00000000E+00  0.00000000E+00  5.78181556E-12  0.00000000E+00  0.00000000E+00
  0.00000000E+00  0.00000000E+00  0.00000000E+00  0.00000000E+00  0.00000000E+00
  3.83914905E-14  0.00000000E+00  1.14105950E-13  1.09153691E-12  7.79703472E-12
  5.64937940E-12  7.05578131E-12  3.34643841E+00  5.80472723E-02  7.02593695E-07
  0.00000000E+00  0.00000000E+00  0.00000000E+00  0.00000000E+00  0.00000000E+00
  0.00000000E+00  0.00000000E+00  0.00000000E+00  0.00000000E+00  0.00000000E+00
  0.00000000E+00  0.00000000E+00  0.00000000E+00  0.00000000E+00  0.00000000E+00
  7.08071893E-13  0.00000000E+00  0.00000000E+00  0.00000000E+00  0.00000000E+00
  0.00000000E+00  0.00000000E+00  0.00000000E+00  0.00000000E+00  0.00000000E+00
  2.79478309E-15  1.53980642E-13  7.45655165E-13  3.23834465E-13  9.20450456E-13
->       8      12       2      33                                 <-   
SIGS01                                                                          
  6.58264339E-01  7.94908106E-01  1.17215431E+00  8.28904331E-01  4.15471584E-01
  3.09303641E-01  2.54977494E-01  2.53532588E-01  2.30998144E-01  1.86572090E-01
  1.62963763E-01  8.68989453E-02  6.05897829E-02  3.85450087E-02  2.76703443E-02
  2.18550395E-02  1.72345340E-02  1.49924317E-02  1.35266492E-02  1.28158014E-02
  1.24275303E-02  1.25778913E-02  1.21215284E-02  1.20989466E-02  1.21105565E-02
  1.21187251E-02  1.21260146E-02  1.21302987E-02  1.21327229E-02  1.21345147E-02
  1.30191948E-02  1.31360693E-02  1.32088698E-02
->       8      12       1      33                                 <-   
NJJS01                                                                          
         1         2         3         4         5         6         7         8
         9        10        11        12        13        14        15        16
        17        18        19        20        21        22        23        24
        25        26        27        28        29        31        33        29
        19
->       8      12       1      33                                 <-   
IJJS01                                                                          
         1         2         3         4         5         6         7         8
         9        10        11        12        13        14        15        16
        17        18        19        20        21        22        23        24
        25        26        27        28        29        31        33        33
        33
->       8      12       2     547                                 <-   
SCAT01                                                                          
  6.18946970E-01  7.78988659E-01  1.18433647E-02  1.17343295E+00  3.78045719E-03
  1.05456952E-02  8.50139380E-01 -8.45853426E-03  6.21330133E-03  8.35980289E-03
  4.25671577E-01 -2.15040892E-02  3.52358678E-03  2.90280022E-03  4.12123930E-03
  3.18031609E-01 -1.02218864E-02  1.20472750E-05  8.98056896E-04  1.52143987E-03
  2.32029194E-03  2.59532124E-01 -8.81017372E-03  1.06016174E-04  1.48490100E-04
  1.47068896E-03  8.83456960E-04  1.46338297E-03  2.65965998E-01 -4.55533527E-03
  6.99052689E-05 -8.55111284E-05  4.32074339E-05  1.93400920E-04  3.27104033E-04
  4.70200350E-04  2.46199802E-01 -1.24333743E-02  1.26741531E-06  1.28800348E-05
  1.38283906E-06  1.15636241E-04  5.02363255E-04  1.98608075E-04  1.69636216E-04
  2.04882190E-01 -1.52014233E-02 -2.95048039E-08 -6.83021256E-07  3.11377585E-06
  2.80557629E-07 -1.95737448E-05  3.00478598E-04  1.25771103E-05 -6.56340417E-05
  1.83531269E-01 -1.83102526E-02 -1.08364837E-08 -2.97035054E-08  1.04891313E-07
  1.35975415E-06  1.99927292E-08 -1.63447057E-05  1.60389653E-04  3.02414846E-05
  4.06800391E-05  1.07552268E-01 -2.05675159E-02  1.99885648E-07 -2.23689767E-07
  6.10446023E-08 -9.35638500E-09 -8.23609571E-06 -1.49523586E-07 -7.86979308E-06
  9.46524524E-05  3.42424682E-05  5.18806082E-05  8.62870589E-02 -2.06523407E-02
  8.69589623E-10 -2.20911573E-08 -1.62247051E-08  3.49701246E-08 -7.46552686E-09
  8.64527976E-07 -1.03993855E-07 -2.84400585E-06  2.40400514E-05  7.69247663E-07
 -1.25733259E-05  5.94075881E-02 -2.56943591E-02 -9.86938971E-07 -2.93764429E-10
 -1.69470802E-08  3.11470099E-12 -2.91926270E-08  1.41860390E-08 -1.47829326E-07
 -4.22049737E-08 -1.95845223E-06  1.06331299E-05  7.62049058E-06  2.54580718E-05
  4.95069884E-02 -2.08629202E-02 -2.90452181E-06  0.00000000E+00  5.11649646E-11
 -6.02858519E-09  1.75673989E-11 -1.33193625E-08  1.76760360E-11  5.24235793E-06
 -3.05037560E-08 -9.34749096E-07  1.23046550E-06  4.72533247E-06  7.68991686E-06
  4.63495143E-02 -2.18366981E-02  1.50536869E-06  0.00000000E+00  0.00000000E+00
 -8.99748193E-11 -3.46503937E-09 -2.25359488E-12 -7.27220506E-09  7.93298871E-10
 -2.66891698E-06 -2.06518607E-08 -4.44455281E-07  1.44292619E-06  8.91773880E-07
 -1.20737468E-05  4.02334929E-02 -2.44944710E-02  0.00000000E+00 -4.12365495E-07
  0.00000000E+00  0.00000000E+00 -4.51478507E-11 -1.69418735E-09 -1.07956634E-12
 -3.59984687E-09  1.26220800E-09  1.47397401E-07 -6.92311630E-09 -2.10894441E-07
 -6.95476047E-07  4.38693803E-07 -4.98380314E-06  3.76333706E-02 -2.29989551E-02
  0.00000000E+00  0.00000000E+00 -3.42824990E-07  0.00000000E+00  0.00000000E+00
 -2.96264367E-11 -8.16708312E-10 -5.13629504E-13 -1.70740033E-09  1.01167408E-09
 -9.75601466E-08 -2.54984078E-09 -9.99465044E-08 -4.40521831E-07 -5.73529064E-07
 -3.90487912E-06  3.61056291E-02 -2.26409324E-02  0.00000000E+00  0.00000000E+00
  0.00000000E+00 -1.93899965E-07  0.00000000E+00  0.00000000E+00 -4.86052483E-11
 -3.34420214E-10 -2.43144345E-13 -8.05968348E-10  2.55630961E-10 -1.62060445E-07
 -1.05771603E-09 -4.66863277E-08 -1.87422160E-07 -2.88943056E-07 -1.68408496E-06
  3.52665223E-02 -2.25789789E-02  0.00000000E+00  0.00000000E+00  0.00000000E+00
  0.00000000E+00 -8.76437483E-08  0.00000000E+00  0.00000000E+00  0.00000000E+00
 -1.22604704E-10 -1.14587146E-13 -3.78401477E-10 -1.10106015E-10 -1.14419807E-08
 -6.60170862E-10 -2.18527116E-08 -4.63953569E-08  1.96039437E-07 -6.16256557E-07
  3.47184055E-02 -2.24507265E-02  0.00000000E+00  0.00000000E+00  0.00000000E+00
  0.00000000E+00  0.00000000E+00 -4.30422915E-08  0.00000000E+00  0.00000000E+00
  0.00000000E+00 -1.00137364E-10 -5.37050466E-14 -1.76270554E-10 -2.04448791E-10
 -1.97194416E-09 -3.54115959E-10 -1.00629922E-08  2.11393285E-08  3.53742280E-07
 -2.25609710E-07  4.15648520E-02 -2.22908817E-02  0.00000000E+00  0.00000000E+00
  0.00000000E+00  0.00000000E+00  0.00000000E+00  7.86176315E-08 -8.89154705E-08
  0.00000000E+00  0.00000000E+00  0.00000000E+00 -4.02293338E-11 -2.13788643E-14
 -6.85708712E-11 -1.16906262E-10 -7.80529197E-10 -1.49276258E-10 -3.98423206E-09
  2.99304190E-08  4.45775186E-07 -7.22243527E-08  2.69823261E-02 -2.89869606E-02
  0.00000000E+00  0.00000000E+00  0.00000000E+00  0.00000000E+00  0.00000000E+00
  0.00000000E+00 -8.42976888E-09 -6.82116408E-09  0.00000000E+00  0.00000000E+00
  0.00000000E+00 -3.13985608E-11 -1.59950483E-14 -5.40345511E-11 -9.52007223E-11
 -5.62802971E-10 -8.02975325E-11 -3.07871328E-09  5.13471008E-08  4.77693845E-07
 -4.47760975E-08  3.48809622E-02 -1.48607912E-02  0.00000000E+00  0.00000000E+00
  0.00000000E+00  0.00000000E+00  0.00000000E+00  0.00000000E+00  0.00000000E+00
 -4.29625802E-09  0.00000000E+00  0.00000000E+00  0.00000000E+00  0.00000000E+00
 -8.02477182E-12 -4.69900930E-15 -1.34686724E-11 -2.21043461E-11 -1.17555576E-10
 -4.36217902E-11 -8.16116674E-10  2.90740392E-08  9.32538882E-08 -8.63027694E-09
  5.00289090E-02 -2.27814578E-02  0.00000000E+00  0.00000000E+00  0.00000000E+00
  0.00000000E+00  0.00000000E+00  0.00000000E+00  0.00000000E+00  0.00000000E+00
 -1.46446377E-09  0.00000000E+00  0.00000000E+00  0.00000000E+00  0.00000000E+00
 -2.94149774E-12 -1.56064126E-15 -4.15885165E-12 -6.65136479E-12 -3.72161607E-11
 -1.18562018E-11 -2.26386063E-10  1.01126636E-08  2.51858800E-08 -2.40021669E-09
  3.26715969E-02 -3.79183553E-02 -5.57598071E-07  0.00000000E+00  0.00000000E+00
  0.00000000E+00  0.00000000E+00  0.00000000E+00  0.00000000E+00  0.00000000E+00
  0.00000000E+00 -1.40096812E-09  0.00000000E+00  0.00000000E+00  0.00000000E+00
  0.00000000E+00 -2.79606178E-12 -1.42996706E-15 -3.48158308E-12 -5.42842897E-12
 -2.63022416E-11 -6.98797097E-12 -2.03117703E-10  8.62097504E-09  2.01095798E-08
 -1.90192084E-09  3.10363341E-02 -2.05528606E-02  0.00000000E+00  0.00000000E+00
  0.00000000E+00  0.00000000E+00  0.00000000E+00  0.00000000E+00  0.00000000E+00
  0.00000000E+00  0.00000000E+00  0.00000000E+00 -6.69580169E-10  0.00000000E+00
  0.00000000E+00  0.00000000E+00  0.00000000E+00 -1.26794267E-12 -6.35121715E-16
 -1.23373848E-12 -1.78682167E-12 -1.24512128E-11 -4.02313512E-12 -7.03213182E-11
  3.37913475E-09  7.61907071E-09 -6.94070801E-10  3.38748805E-02 -1.89103168E-02
  0.00000000E+00  0.00000000E+00  0.00000000E+00  0.00000000E+00  0.00000000E+00
  0.00000000E+00  0.00000000E+00  0.00000000E+00  0.00000000E+00  0.00000000E+00
  0.00000000E+00 -2.41426434E-10  0.00000000E+00  0.00000000E+00  0.00000000E+00
  0.00000000E+00 -4.48465890E-13 -9.87859652E-17 -5.38490639E-13 -1.74097471E-13
 -2.40604628E-12 -5.50200076E-13  2.14259301E-13  9.69637592E-10  2.17727081E-09
  5.08962317E-12  3.38978656E-02 -2.17445903E-02  0.00000000E+00  0.00000000E+00
  0.00000000E+00  0.00000000E+00  0.00000000E+00  0.00000000E+00  0.00000000E+00
  0.00000000E+00  0.00000000E+00  0.00000000E+00  0.00000000E+00  0.00000000E+00
 -1.19325688E-10  0.00000000E+00  0.00000000E+00  0.00000000E+00  0.00000000E+00
 -1.78370637E-13  0.00000000E+00 -3.44372805E-13  2.59394042E-13 -7.38485119E-13
  4.20812636E-13  2.29218127E-14  3.36496636E-10  8.18788592E-10  1.73466471E-12
 -3.35116929E-04  3.03993728E-02 -2.17651539E-02  0.00000000E+00  0.00000000E+00
  0.00000000E+00  0.00000000E+00  0.00000000E+00  0.00000000E+00  0.00000000E+00
  0.00000000E+00  0.00000000E+00  0.00000000E+00  0.00000000E+00  0.00000000E+00
  0.00000000E+00 -7.33371419E-11  0.00000000E+00  0.00000000E+00  0.00000000E+00
  0.00000000E+00  0.00000000E+00  0.00000000E+00 -1.90076673E-13  5.28656058E-13
 -2.85774788E-14 -1.31439015E-14 -4.33438406E-16  0.00000000E+00  3.33483574E-10
  1.84671423E-23  9.73493786E-11 -8.19598045E-03  1.87064111E-02 -1.82648581E-02
  0.00000000E+00  0.00000000E+00  0.00000000E+00  0.00000000E+00  0.00000000E+00
  0.00000000E+00  0.00000000E+00  0.00000000E+00  0.00000000E+00  0.00000000E+00
  0.00000000E+00  0.00000000E+00  0.00000000E+00  0.00000000E+00 -3.11420750E-11
  0.00000000E+00  0.00000000E+00  0.00000000E+00  0.00000000E+00  0.00000000E+00
  0.00000000E+00 -2.63369259E-14 -3.30657065E-14 -6.73869936E-15  4.31940562E-13
  2.34261490E-25  0.00000000E+00  3.86342729E-11  2.10953476E-24 -3.55686769E-02
  3.20091024E-02 -5.35150105E-03  0.00000000E+00  0.00000000E+00  0.00000000E+00
  0.00000000E+00  0.00000000E+00  0.00000000E+00  0.00000000E+00  0.00000000E+00
  0.00000000E+00  0.00000000E+00  0.00000000E+00  0.00000000E+00  0.00000000E+00
  0.00000000E+00  0.00000000E+00 -1.06564833E-12  0.00000000E+00  0.00000000E+00
  0.00000000E+00  0.00000000E+00  0.00000000E+00  0.00000000E+00  0.00000000E+00
 -1.63052085E-15  0.00000000E+00  5.56068490E-14  4.87775542E-02 -1.06770555E-02
 -6.03050012E-07  0.00000000E+00  0.00000000E+00  0.00000000E+00  0.00000000E+00
  0.00000000E+00  0.00000000E+00  0.00000000E+00  0.00000000E+00  0.00000000E+00
  0.00000000E+00  0.00000000E+00  0.00000000E+00  0.00000000E+00  0.00000000E+00
  0.00000000E+00 -2.82160600E-14
->       8      12       1       2                                 <-   
SCAT-SAVED                                                                      
         1         1
->       8      12       2       8                                 <-   
LAMBDA-D                                                                        
  1.24666998E-02  2.82917004E-02  4.25244011E-02  1.33041993E-01  2.92467207E-01
  6.66487694E-01  1.63478100E+00  3.55460000E+00
->      -8       0       0       0                                 <-   
->       6      12       3       3                                 <-   
SIGNATURE                                                                       
         4         4         4
L_LIBRARY   
->       6      12       1      40                                 <-   
STATE-VECTOR                                                                    
         1         1        33         2         0         0         1         0
         0         0         0         0        12         1         0         0
         0         1         8         0         0         1         0         0
         0         0         0         0         0         0         0         0
         0         0         0         0         0         0         0         0
->       6      12       1       1                                 <-   
ISOTOPESMIX                                                                     
         1
->       6      12       3       3                                 <-   
ISOTOPESUSED                                                                    
         4         4         4
*MAC*RES    
->       6      12       3       3                                 <-   
ISOTOPERNAME                                                                    
         4         4         4
*MAC*RES    
->       6      12       2       1                                 <-   
ISOTOPESDENS                                                                    
  1.00000000E+00
->       6      12       1       1                                 <-   
ISOTOPESTYPE                                                                    
         1
->       6      12       1       1                                 <-   
ISOTOPESTODO                                                                    
         1
->       6      12       2       1                                 <-   
ISOTOPESVOL                                                                     
  2.34294758E+01
->       6      12       2       1                                 <-   
ISOTOPESTEMP                                                                    
  7.13160034E+02
->       6      12       2       1                                 <-   
MIXTURESVOL                                                                     
  2.34294758E+01
->       6      12       2       1                                 <-   
K-EFFECTIVE                                                                     
  1.00000000E+00
->       6      12       2       1                                 <-   
K-INFINITY                                                                      
  1.14961684E+00
->       6      12       2       1                                 <-   
B2  B1HOM                                                                       
  3.70020862E-03
->       6      12       3      24                                 <-   
ADDXSNAME-P0                                                                    
         4         4         4         4         4         4         4         4
         4         4         4         4         4         4         4         4
         4         4         4         4         4         4         4         4
NFTOT   NG      N2N     N3N     N4N     NA      NP      N2A     NNP     ND      
NT      TRANC   
->       6      12       2      34                                 <-   
ENERGY                                                                          
  1.96403300E+07  1.00000000E+07  6.06530700E+06  3.67879400E+06  2.23130200E+06
  1.35335300E+06  8.20850000E+05  4.97870688E+05  3.01973812E+05  1.83156406E+05
  1.11090000E+05  6.73794688E+04  4.08677109E+04  2.47875195E+04  1.50343896E+04
  9.11882031E+03  5.53084424E+03  3.35462598E+03  2.03468396E+03  1.23409802E+03
  7.48518311E+02  4.53999298E+02  3.04324799E+02  1.48575897E+02  9.16608810E+01
  6.79040527E+01  4.01689987E+01  2.26032906E+01  1.37095900E+01  8.31528664E+00
  4.00000000E+00  5.40000975E-01  1.00000098E-01  1.10002802E-04
->       6      12       2      33                                 <-   
DELTAU                                                                          
  6.75000012E-01  4.99999970E-01  5.00000179E-01  4.99999672E-01  5.00000060E-01
  5.00000119E-01  5.00000060E-01  5.00000119E-01  4.99999821E-01  4.99999762E-01
  5.00000358E-01  5.00000060E-01  5.00000060E-01  5.00000060E-01  4.99999762E-01
  4.99999970E-01  5.00000179E-01  4.99999762E-01  5.00000119E-01  4.99999970E-01
  5.00000060E-01  4.00000095E-01  7.16999590E-01  4.83000249E-01  2.99999952E-01
  5.25000155E-01  5.75000048E-01  4.99999881E-01  4.99999970E-01  7.31801212E-01
  2.00247860E+00  1.68639970E+00  6.81242085E+00
->      -6       0       0       0                                 <-   
->       5       0       0      -1                                 <-   00000010
->       6      12      10       1                                 <-   
ISOTOPESLIST                                                                    
->       7       0       0      -1                                 <-   00000001
->       8      12       3       3                                 <-   
ALIAS                                                                           
         4         4         4
*MAC*RES0001
->       8      12       2       1                                 <-   
AWR                                                                             
  1.07627416E+00
->       8      12       2      33                                 <-   
NWT0                                                                            
  1.78934759E-04  2.85941921E-03  1.33928787E-02  4.03738357E-02  6.51107058E-02
  9.14891586E-02  1.90286323E-01  1.61875024E-01  1.89352646E-01  1.89380139E-01
  1.59886852E-01  1.30005941E-01  9.38597023E-02  9.86996442E-02  5.93853220E-02
  3.42356041E-02  3.91937494E-02  2.66807675E-02  1.82082281E-02  8.08629952E-03
  4.68069827E-03  1.63209788E-03  1.54749944E-03  2.87291681E-04  6.40359358E-05
  3.54119002E-05  7.29534031E-06  1.42860085E-06  2.59041599E-07  7.42384572E-08
  1.36773323E-07  4.55241249E-08  4.18393782E-08
->       8      12       2      33                                 <-   
NTOT0                                                                           
  3.92890275E-02  4.63070869E-02  5.30701466E-02  5.13889901E-02  4.25090566E-02
  3.85232195E-02  4.08333465E-02  4.86356057E-02  5.55225164E-02  5.90745769E-02
  8.28859806E-02  7.08655864E-02  9.64528024E-02  5.14997132E-02  7.92855993E-02
  1.47524834E-01  1.04505986E-01  1.03118159E-01  9.94001031E-02  1.09467424E-01
  1.09397106E-01  1.33217961E-01  1.17682613E-01  1.18205026E-01  1.19254276E-01
  1.19933195E-01  1.20683879E-01  1.21235542E-01  1.21665470E-01  1.22204319E-01
  1.23302847E-01  1.30602881E-01  1.36367202E-01
->       8      12       2      33                                 <-   
NG                                                                              
  1.10496585E-05  8.47613046E-06  1.20194445E-05  1.95312950E-05  1.97318932E-05
  2.51723031E-05  3.65134147E-05  4.44218022E-05  5.28489145E-05  6.44502215E-05
  1.05617211E-04  7.42892225E-05  1.16049159E-04  6.23162196E-05  7.14834678E-05
  1.58284325E-04  7.92518113E-05  5.47397358E-05  2.18270507E-04  2.97117396E-03
  1.06832536E-04  4.39385010E-04  2.51275254E-04  2.98303115E-04  3.72545968E-04
  4.53381101E-04  6.03982015E-04  7.97552464E-04  1.02918863E-03  1.42369536E-03
  2.40264647E-03  9.28413961E-03  1.44419791E-02
->       8      12       2      33                                 <-   
N2N                                                                             
  5.98761206E-03  3.74230469E-04  0.00000000E+00  0.00000000E+00  0.00000000E+00
  0.00000000E+00  0.00000000E+00  0.00000000E+00  0.00000000E+00  0.00000000E+00
  0.00000000E+00  0.00000000E+00  0.00000000E+00  0.00000000E+00  0.00000000E+00
  0.00000000E+00  0.00000000E+00  0.00000000E+00  0.00000000E+00  0.00000000E+00
  0.00000000E+00  0.00000000E+00  0.00000000E+00  0.00000000E+00  0.00000000E+00
  0.00000000E+00  0.00000000E+00  0.00000000E+00  0.00000000E+00  0.00000000E+00
  0.00000000E+00  0.00000000E+00  0.00000000E+00
->       8      12       2      33                                 <-   
N3N                                                                             
  1.35819027E-05  0.00000000E+00  0.00000000E+00  0.00000000E+00  0.00000000E+00
  0.00000000E+00  0.00000000E+00  0.00000000E+00  0.00000000E+00  0.00000000E+00
  0.00000000E+00  0.00000000E+00  0.00000000E+00  0.00000000E+00  0.00000000E+00
  0.00000000E+00  0.00000000E+00  0.00000000E+00  0.00000000E+00  0.00000000E+00
  0.00000000E+00  0.00000000E+00  0.00000000E+00  0.00000000E+00  0.00000000E+00
  0.00000000E+00  0.00000000E+00  0.00000000E+00  0.00000000E+00  0.00000000E+00
  0.00000000E+00  0.00000000E+00  0.00000000E+00
->       8      12       2      33                                 <-   
NA                                                                              
  2.56076280E-04  7.76954184E-05  4.48428955E-06  1.40708224E-07  9.58683977E-09
  8.58391580E-10  1.38878062E-10  7.42677187E-12  5.24509949E-12  4.16334458E-12
  2.43444457E-12  1.11219714E-12  1.16446468E-12  1.36497031E-12  2.06151220E-12
  3.02364665E-12  4.09201709E-12  5.89286389E-12  8.83282249E-12  1.12353130E-11
  5.75605622E-12  6.03653716E-12  1.30795763E-10  3.49857476E-10  4.29422026E-10
  5.16599763E-10  6.80391632E-10  8.90254481E-10  1.14292065E-09  1.57521973E-09
  2.65216005E-09  1.02220694E-08  1.58996958E-08
->       8      12       2      33                                 <-   
NP                                                                              
  9.10273171E-04  4.91113402E-04  1.61691249E-04  4.56256166E-05  4.56815087E-06
  2.66819967E-07  4.20711288E-09  1.07405083E-11  2.06062956E-19  6.19779679E-20
  1.54653098E-21  0.00000000E+00  0.00000000E+00  0.00000000E+00  0.00000000E+00
  0.00000000E+00  0.00000000E+00  0.00000000E+00  0.00000000E+00  0.00000000E+00
  0.00000000E+00  0.00000000E+00  0.00000000E+00  0.00000000E+00  0.00000000E+00
  0.00000000E+00  0.00000000E+00  0.00000000E+00  0.00000000E+00  0.00000000E+00
  0.00000000E+00  0.00000000E+00  0.00000000E+00
->       8      12       2      33                                 <-   
N2A                                                                             
  6.63138056E-13  0.00000000E+00  0.00000000E+00  0.00000000E+00  0.00000000E+00
  0.00000000E+00  0.00000000E+00  0.00000000E+00  0.00000000E+00  0.00000000E+00
  0.00000000E+00  0.00000000E+00  0.00000000E+00  0.00000000E+00  0.00000000E+00
  0.00000000E+00  0.00000000E+00  0.00000000E+00  0.00000000E+00  0.00000000E+00
  0.00000000E+00  0.00000000E+00  0.00000000E+00  0.00000000E+00  0.00000000E+00
  0.00000000E+00  0.00000000E+00  0.00000000E+00  0.00000000E+00  0.00000000E+00
  0.00000000E+00  0.00000000E+00  0.00000000E+00
->       8      12       2      33                                 <-   
NNP                                                                             
  1.23181875E-04  3.42414386E-09  0.00000000E+00  0.00000000E+00  0.00000000E+00
  0.00000000E+00  0.00000000E+00  0.00000000E+00  0.00000000E+00  0.00000000E+00
  0.00000000E+00  0.00000000E+00  0.00000000E+00  0.00000000E+00  0.00000000E+00
  0.00000000E+00  0.00000000E+00  0.00000000E+00  0.00000000E+00  0.00000000E+00
  0.00000000E+00  0.00000000E+00  0.00000000E+00  0.00000000E+00  0.00000000E+00
  0.00000000E+00  0.00000000E+00  0.00000000E+00  0.00000000E+00  0.00000000E+00
  0.00000000E+00  0.00000000E+00  0.00000000E+00
->       8      12       2      33                                 <-   
ND                                                                              
  1.27790436E-05  2.47439242E-08  5.25585863E-17  0.00000000E+00  0.00000000E+00
  0.00000000E+00  0.00000000E+00  0.00000000E+00  0.00000000E+00  0.00000000E+00
  0.00000000E+00  0.00000000E+00  0.00000000E+00  0.00000000E+00  0.00000000E+00
  0.00000000E+00  0.00000000E+00  0.00000000E+00  0.00000000E+00  0.00000000E+00
  0.00000000E+00  0.00000000E+00  0.00000000E+00  0.00000000E+00  0.00000000E+00
  0.00000000E+00  0.00000000E+00  0.00000000E+00  0.00000000E+00  0.00000000E+00
  0.00000000E+00  0.00000000E+00  0.00000000E+00
->       8      12       2      33                                 <-   
NT                                                                              
  1.08233444E-07  4.04890765E-18  0.00000000E+00  0.00000000E+00  0.00000000E+00
  0.00000000E+00  0.00000000E+00  0.00000000E+00  0.00000000E+00  0.00000000E+00
  0.00000000E+00  0.00000000E+00  0.00000000E+00  0.00000000E+00  0.00000000E+00
  0.00000000E+00  0.00000000E+00  0.00000000E+00  0.00000000E+00  0.00000000E+00
  0.00000000E+00  0.00000000E+00  0.00000000E+00  0.00000000E+00  0.00000000E+00
  0.00000000E+00  0.00000000E+00  0.00000000E+00  0.00000000E+00  0.00000000E+00
  0.00000000E+00  0.00000000E+00  0.00000000E+00
->       8      12       2      33                                 <-   
H-FACTOR                                                                        
  1.08111695E-17  9.29224756E-18  1.41209574E-17  2.29012480E-17  2.41078795E-17
  3.06163467E-17  4.19868078E-17  5.45252446E-17  6.70109999E-17  7.86303994E-17
  1.28502177E-16  9.43197260E-17  1.47558248E-16  7.98315119E-17  1.05278162E-16
  2.40959698E-16  1.19143482E-16  7.72229615E-17  2.93576802E-16  3.66330188E-15
  1.39329455E-16  6.43222050E-16  3.35953490E-16  3.84279552E-16  4.78609508E-16
  5.81789186E-16  7.74340315E-16  1.02204128E-15  1.31857111E-15  1.82371085E-15
  3.07737128E-15  1.18906646E-14  1.84965263E-14
->       8      12       2      33                                 <-   
OVERV                                                                           
  2.13738277E-10  2.70397621E-10  3.40937445E-10  4.36585046E-10  5.55030799E-10
  7.11915304E-10  9.12345366E-10  1.17654220E-09  1.48581347E-09  1.93339122E-09
  2.49880716E-09  3.15372484E-09  4.11007894E-09  5.11258147E-09  6.63065824E-09
  8.72607409E-09  1.09646709E-08  1.40000536E-08  1.80291835E-08  2.32118662E-08
  2.95777998E-08  3.69464956E-08  4.78588618E-08  6.56508874E-08  8.06554468E-08
  9.69435874E-08  1.27470827E-07  1.66965364E-07  2.14476941E-07  2.95676358E-07
  4.97745077E-07  1.91499544E-06  2.99047997E-06
->       8      12       2      33                                 <-   
STRD                                                                            
  7.61416629E-02  7.90085718E-02  9.03364271E-02  9.61263627E-02  1.05438456E-01
  1.23779334E-01  1.22247890E-01  1.67938605E-01  1.80690765E-01  1.87981933E-01
  2.33909607E-01  2.31311351E-01  2.39374116E-01  2.16093794E-01  2.89143592E-01
  4.13125575E-01  3.42477769E-01  3.45633626E-01  3.18719655E-01  3.50780398E-01
  3.43214869E-01  4.03411865E-01  3.72551680E-01  3.77952456E-01  3.81743312E-01
  3.84605706E-01  3.68465871E-01  4.01228070E-01  3.55421126E-01  3.99682164E-01
  4.16213036E-01  1.16749978E+00  1.22167134E+00
->       8      12       2      33                                 <-   
SIGS00                                                                          
  4.39829603E-02  4.61027138E-02  5.28907254E-02  5.13228960E-02  4.24845666E-02
  3.84978019E-02  4.07968275E-02  4.85911816E-02  5.54696694E-02  5.90101108E-02
  8.27803463E-02  7.07913041E-02  9.63366777E-02  5.14373817E-02  7.92141035E-02
  1.47366494E-01  1.04426719E-01  1.03063427E-01  9.91818309E-02  1.06496245E-01
  1.09290235E-01  1.32778585E-01  1.17431350E-01  1.17906727E-01  1.18881747E-01
  1.19479820E-01  1.20079897E-01  1.20438039E-01  1.20636255E-01  1.20780624E-01
  1.20900199E-01  1.21318713E-01  1.21925212E-01
->       8      12       1      33                                 <-   
NJJS00                                                                          
         1         2         3         4         5         6         7         8
         9        10        11        12        13        14        15        16
        17        18        19        20        21        22        23        24
        25        26        27        28        29        31        33        33
        33
->       8      12       1      33                                 <-   
IJJS00                                                                          
         1         2         3         4         5         6         7         8
         9        10        11        12        13        14        15        16
        17        18        19        20        21        22        23        24
        25        26        27        28        29        31        33        33
        33
->       8      12       2     565                                 <-   
SCAT00                                                                          
  1.94604658E-02  2.62274407E-02  2.32438813E-03  3.57639603E-02  2.89919856E-03
  2.88191903E-03  4.17426042E-02  4.09577508E-03  4.60782088E-03  4.57928143E-03
  3.52789015E-02  6.33815769E-03  3.78644862E-03  5.05640171E-03  5.41287940E-03
  3.43198441E-02  4.14304622E-03  1.25635299E-03  4.12958162E-03  3.43250367E-03
  4.17608116E-03  3.88057269E-02  2.02064938E-03  2.52374355E-03  8.20261252E-04
  2.63689039E-03  1.98099902E-03  2.56192987E-03  4.61764485E-02  1.94571901E-03
  8.53733975E-04  3.51898809E-04  5.83633140E-04  1.33555348E-03  1.01386092E-03
  1.34941109E-03  5.21098860E-02  2.38433876E-03  2.60742963E-05  7.11551809E-04
  9.16201898E-05  3.15244775E-04  6.60248566E-04  4.93831234E-04  6.55159762E-04
  5.63462377E-02  3.34218098E-03  1.41112887E-05  1.49274792E-05  3.08027607E-04
  5.18585766E-05  1.65697551E-04  2.72954348E-04  2.22782211E-04  3.02843779E-04
  8.00187141E-02  2.65906285E-03  1.26720442E-05  8.93152810E-06  2.09173163E-06
  1.45206926E-04  2.50418962E-05  6.18512931E-05  1.19735174E-04  9.51186958E-05
  1.42847377E-04  6.67875037E-02  2.76152277E-03  9.55021733E-07  4.91063793E-06
  3.63463437E-06  1.24146686E-06  6.63816754E-05  1.08335662E-05  2.38247194E-05
  5.19609894E-05  4.00763856E-05  6.82095852E-05  9.16504711E-02  4.00257297E-03
  6.34492920E-08  2.78893435E-06  1.62226783E-08  2.05136394E-06  5.02440059E-07
  1.97183672E-05  4.55154941E-06  9.30603346E-06  2.19337708E-05  1.78297469E-05
  3.37908932E-05  4.91893217E-02  4.53579472E-03  1.22609788E-06  1.96350403E-08
  6.42778616E-07  4.01047034E-12  9.58878786E-07  2.64759819E-07  1.16031724E-05
  1.82846463E-06  3.65889809E-06  9.15046985E-06  8.02366230E-06  1.69965697E-05
  7.45019615E-02  2.00545858E-03  1.50391148E-04  0.00000000E+00  1.56332902E-08
  2.56605176E-07  1.47029749E-10  3.87600153E-07  1.40307435E-07  2.48027118E-05
  7.30972943E-07  1.39314500E-06  3.79492803E-06  3.64625384E-06  8.92869502E-06
  1.38809368E-01  4.71143145E-03  1.40170639E-04  0.00000000E+00  0.00000000E+00
  7.17821580E-09  1.09853644E-07  7.51501777E-11  1.91691214E-07  6.61302622E-08
  1.19084452E-05  2.91079516E-07  5.43052693E-07  1.59482636E-06  1.71961244E-06
  4.32366187E-06  9.95040610E-02  8.55708681E-03  0.00000000E+00  6.78073193E-05
  0.00000000E+00  0.00000000E+00  2.75224021E-09  4.13392911E-08  2.79950767E-11
  7.22722788E-08  3.30208501E-08  2.73746537E-06  1.18572252E-07  2.14720345E-07
  6.54611824E-07  7.94872165E-07  1.96681685E-06  9.82160866E-02  4.92266100E-03
  0.00000000E+00  0.00000000E+00  2.22695344E-05  0.00000000E+00  0.00000000E+00
  1.02878317E-09  1.54415432E-08  1.04016873E-11  2.68614286E-08  1.73216392E-08
  1.15134310E-06  5.07050117E-08  8.57703952E-08  2.72212958E-07  3.58067098E-07
  8.66601738E-07  9.47367847E-02  4.84735612E-03  0.00000000E+00  0.00000000E+00
  0.00000000E+00  8.33589820E-06  0.00000000E+00  0.00000000E+00  1.31430561E-10
  6.08615958E-09  3.86423575E-12  9.99854333E-09  8.79866402E-09  4.05629379E-07
  2.24957066E-08  3.53534624E-08  1.15513288E-07  1.59780342E-07  3.77884874E-07
  1.01596847E-01  4.44506342E-03  0.00000000E+00  0.00000000E+00  0.00000000E+00
  0.00000000E+00  2.73917408E-06  0.00000000E+00  0.00000000E+00  0.00000000E+00
  3.26260152E-09  1.43877054E-12  3.73772391E-09  4.17501500E-09  5.06478983E-08
  1.00006545E-08  1.54049307E-08  5.10500762E-08  7.30632124E-08  1.66313725E-07
  1.04818419E-01  4.89940075E-03  0.00000000E+00  0.00000000E+00  0.00000000E+00
  0.00000000E+00  0.00000000E+00  1.03575860E-06  0.00000000E+00  0.00000000E+00
  0.00000000E+00  1.48351442E-09  5.38465594E-13  1.40877221E-09  1.84226301E-09
  1.53377755E-08  4.45221904E-09  7.04140346E-09  2.38540370E-08  3.60887640E-08
  7.39845802E-08  1.24458872E-01  4.47182823E-03  0.00000000E+00  0.00000000E+00
  0.00000000E+00  0.00000000E+00  0.00000000E+00  1.88001835E-07  2.39060597E-07
  0.00000000E+00  0.00000000E+00  0.00000000E+00  4.82381690E-10  1.76743508E-13
  4.68596884E-10  6.84068524E-10  5.29099431E-09  1.70955383E-09  2.85017010E-09
  1.00010764E-08  1.79064550E-08  2.81583521E-08  1.15224496E-01  8.31967872E-03
  0.00000000E+00  0.00000000E+00  0.00000000E+00  0.00000000E+00  0.00000000E+00
  0.00000000E+00  3.95269325E-07  5.29388489E-09  0.00000000E+00  0.00000000E+00
  0.00000000E+00  3.07667558E-10  1.15494067E-13  3.07655568E-10  4.91716334E-10
  3.69386455E-09  1.37295308E-09  2.35421393E-09  8.64195382E-09  1.62740861E-08
  2.09077182E-08  1.13901928E-01  2.20686430E-03  0.00000000E+00  0.00000000E+00
  0.00000000E+00  0.00000000E+00  0.00000000E+00  0.00000000E+00  0.00000000E+00
  7.96429305E-08  0.00000000E+00  0.00000000E+00  0.00000000E+00  0.00000000E+00
  6.29922781E-11  2.37027584E-14  6.67488356E-11  1.18325960E-10  8.83942419E-10
  3.40931949E-10  6.38701314E-10  2.60603605E-09  4.15159018E-09  5.03552711E-09
  1.11045577E-01  4.00443841E-03  0.00000000E+00  0.00000000E+00  0.00000000E+00
  0.00000000E+00  0.00000000E+00  0.00000000E+00  0.00000000E+00  0.00000000E+00
  2.22791421E-08  0.00000000E+00  0.00000000E+00  0.00000000E+00  0.00000000E+00
  1.80296333E-11  7.07743250E-15  2.06648570E-11  3.91194750E-11  2.83145368E-10
  1.20777305E-10  2.29446226E-10  9.29007371E-10  1.32715750E-09  1.60564217E-09
  1.16695315E-01  7.83615746E-03  3.67648710E-07  0.00000000E+00  0.00000000E+00
  0.00000000E+00  0.00000000E+00  0.00000000E+00  0.00000000E+00  0.00000000E+00
  0.00000000E+00  1.77979320E-08  0.00000000E+00  0.00000000E+00  0.00000000E+00
  0.00000000E+00  1.51103626E-11  6.17487908E-15  1.86749800E-11  3.74792974E-11
  2.69919809E-10  1.22950830E-10  2.41647674E-10  9.18685350E-10  1.19636390E-09
  1.47165335E-09  1.17008798E-01  2.78451201E-03  0.00000000E+00  0.00000000E+00
  0.00000000E+00  0.00000000E+00  0.00000000E+00  0.00000000E+00  0.00000000E+00
  0.00000000E+00  0.00000000E+00  0.00000000E+00  6.68137057E-09  0.00000000E+00
  0.00000000E+00  0.00000000E+00  0.00000000E+00  6.29456556E-12  2.71765905E-15
  8.65018474E-12  1.87318876E-11  1.23144370E-10  5.73875114E-11  1.37912876E-10
  4.73222961E-10  5.49659818E-10  6.89564017E-10  1.17574915E-01  3.07110604E-03
  0.00000000E+00  0.00000000E+00  0.00000000E+00  0.00000000E+00  0.00000000E+00
  0.00000000E+00  0.00000000E+00  0.00000000E+00  0.00000000E+00  0.00000000E+00
  0.00000000E+00  2.03641259E-09  0.00000000E+00  0.00000000E+00  0.00000000E+00
  0.00000000E+00  2.20304005E-12  4.34480865E-16  3.06142134E-12  7.66791231E-12
  4.86963629E-11  1.99808971E-11  5.75584753E-11  1.95922487E-10  2.10170048E-10
  2.25380575E-10  1.17588520E-01  2.86312355E-03  0.00000000E+00  0.00000000E+00
  0.00000000E+00  0.00000000E+00  0.00000000E+00  0.00000000E+00  0.00000000E+00
  0.00000000E+00  0.00000000E+00  0.00000000E+00  0.00000000E+00  0.00000000E+00
  7.78385079E-10  0.00000000E+00  0.00000000E+00  0.00000000E+00  0.00000000E+00
  9.17967308E-13  0.00000000E+00  1.32952828E-12  3.84369056E-12  6.73788065E-12
  9.81203140E-12  3.37249152E-11  1.07044686E-10  1.05100317E-10  1.19166121E-10
  2.96343555E-04  1.15972638E-01  3.04772751E-03  0.00000000E+00  0.00000000E+00
  0.00000000E+00  0.00000000E+00  0.00000000E+00  0.00000000E+00  0.00000000E+00
  0.00000000E+00  0.00000000E+00  0.00000000E+00  0.00000000E+00  0.00000000E+00
  0.00000000E+00  3.72956888E-10  0.00000000E+00  0.00000000E+00  0.00000000E+00
  0.00000000E+00  0.00000000E+00  0.00000000E+00  8.29408428E-13  2.63658453E-12
  3.93065084E-13  4.18041643E-12  2.67471496E-11  7.44159595E-11  7.17168408E-11
  7.72340802E-11 -1.69877418E-10  1.68331695E-04  1.20440632E-01  4.80797887E-03
  0.00000000E+00  0.00000000E+00  0.00000000E+00  0.00000000E+00  0.00000000E+00
  0.00000000E+00  0.00000000E+00  0.00000000E+00  0.00000000E+00  0.00000000E+00
  0.00000000E+00  0.00000000E+00  0.00000000E+00  0.00000000E+00  1.41289550E-10
  0.00000000E+00  0.00000000E+00  0.00000000E+00  0.00000000E+00  0.00000000E+00
  0.00000000E+00  1.35617984E-13  8.33923100E-13  1.18296255E-13  2.58484640E-12
  2.13896071E-11  5.96646621E-11  4.77648546E-11  6.08795514E-11  1.27548948E-02
  1.07696854E-01  1.63224293E-04  0.00000000E+00  0.00000000E+00  0.00000000E+00
  0.00000000E+00  0.00000000E+00  0.00000000E+00  0.00000000E+00  0.00000000E+00
  0.00000000E+00  0.00000000E+00  0.00000000E+00  0.00000000E+00  0.00000000E+00
  0.00000000E+00  0.00000000E+00  6.69767670E-12  0.00000000E+00  0.00000000E+00
  0.00000000E+00  0.00000000E+00  0.00000000E+00  0.00000000E+00  0.00000000E+00
  4.75424381E-14  0.00000000E+00  1.05856526E-13  2.52031230E-12  7.57987076E-12
  5.65825381E-12  7.05508612E-12  1.09170318E-01  1.34535134E-02  1.02527560E-08
  0.00000000E+00  0.00000000E+00  0.00000000E+00  0.00000000E+00  0.00000000E+00
  0.00000000E+00  0.00000000E+00  0.00000000E+00  0.00000000E+00  0.00000000E+00
  0.00000000E+00  0.00000000E+00  0.00000000E+00  0.00000000E+00  0.00000000E+00
  8.20233096E-13  0.00000000E+00  0.00000000E+00  0.00000000E+00  0.00000000E+00
  0.00000000E+00  0.00000000E+00  0.00000000E+00  0.00000000E+00  0.00000000E+00
  2.81580920E-15  3.57635877E-13  7.04525143E-13  3.25771230E-13  9.19635245E-13
->       8      12       2      33                                 <-   
SIGS01                                                                          
  1.72706116E-02  2.16885079E-02  2.46179607E-02  1.88149102E-02  1.05534941E-02
  8.37930385E-03  7.75025180E-03  6.43242057E-03  5.80174942E-03  3.66649101E-03
  3.70072736E-03  2.96239601E-03  2.95455637E-03  7.90743681E-04  1.03571755E-03
  1.87685352E-03  1.18727097E-03  1.14642654E-03  1.00272638E-03  9.98929958E-04
  1.02939038E-03  1.31326658E-03  1.12282694E-03  1.12745073E-03  1.13909238E-03
  1.14623678E-03  1.15341251E-03  1.15769333E-03  1.16006343E-03  1.16178836E-03
  1.19526824E-03  1.19885046E-03  1.20047608E-03
->       8      12       1      33                                 <-   
NJJS01                                                                          
         1         2         3         4         5         6         7         8
         9        10        11        12        13        14        15        16
        17        18        19        20        21        22        23        24
        25        26        27        28        29        31        33        29
        19
->       8      12       1      33                                 <-   
IJJS01                                                                          
         1         2         3         4         5         6         7         8
         9        10        11        12        13        14        15        16
        17        18        19        20        21        22        23        24
        25        26        27        28        29        31        33        33
        33
->       8      12       2     547                                 <-   
SCAT01                                                                          
  1.61464140E-02  2.09465083E-02  4.43463039E-04  2.43403912E-02  3.35485878E-04
  2.49355915E-04  1.91049334E-02  3.54063959E-05  2.15562366E-04  1.96447756E-04
  1.09112412E-02 -2.11542589E-04  1.35307811E-04  1.12602618E-04  1.29737527E-04
  8.80136807E-03 -3.77367163E-04 -9.06630376E-05  7.62946947E-05  5.20042013E-05
  6.51159862E-05  8.27769935E-03 -4.99263173E-04  8.77211787E-05  4.17752290E-06
  2.24033865E-05  1.73457665E-05  2.43096856E-05  7.42552755E-03 -5.27735683E-04
  6.73769173E-05 -6.94343325E-05  7.96030417E-06  2.68769782E-06  8.05446871E-06
  1.01747382E-05  7.32469000E-03 -9.92902787E-04  5.51186531E-07  5.18356865E-06
  1.33773369E-06  3.25034739E-06  2.75216121E-06  4.66009624E-06  2.57566148E-06
  4.56662988E-03 -1.52263627E-03 -1.49559511E-07 -3.95470494E-07  1.44365720E-06
  2.65421562E-07 -7.76740819E-07  1.49836865E-06 -2.05334254E-06 -1.04825745E-06
  4.44794213E-03 -9.00273910E-04 -8.12706276E-08 -8.91614462E-08  1.27489173E-07
  9.82211168E-06  9.10888147E-08 -1.34781465E-06  8.91948787E-07 -1.12919133E-06
  9.24989138E-07  4.33044741E-03 -7.47215294E-04  2.19837560E-07 -2.08415230E-07
  4.72302979E-08 -1.65041669E-09 -1.07685382E-05 -1.56134860E-07 -5.77340359E-07
  5.49676543E-07 -2.06757136E-07  1.11997679E-06  4.59320517E-03 -1.36705232E-03
  4.32954589E-10 -5.46253673E-08 -1.40586787E-08  2.06298676E-08 -1.11058904E-08
  1.13122815E-06 -1.01011963E-07 -2.11854157E-07 -3.15556470E-08 -2.44368437E-07
  3.81365027E-07  1.42066786E-03 -1.63892820E-03 -9.98991027E-07 -2.57736749E-10
 -2.40090241E-08  3.46055801E-12 -2.20681322E-08  1.66593974E-08 -1.91445025E-07
 -4.33913598E-08 -1.54737762E-07 -3.36180399E-08 -2.77534635E-08  6.99804389E-07
  2.48464290E-03 -6.27606991E-04  2.80336906E-07  0.00000000E+00  5.26516608E-10
 -1.16855103E-09  1.95180868E-11  2.24403984E-09 -4.14685009E-10  6.85636405E-06
 -2.98088771E-08 -6.95275233E-08 -7.33451699E-08 -1.47027812E-08  4.51344846E-07
  4.62510251E-03 -1.44899671E-03 -7.02504224E-07  0.00000000E+00  0.00000000E+00
 -1.12335315E-10 -2.66101585E-09 -2.50383460E-12 -5.74958747E-09  7.74235231E-10
 -3.48934782E-06 -2.02069383E-08 -3.61640318E-08 -3.11439479E-08 -2.48034624E-08
  1.87460586E-07  2.79616727E-03 -2.74824840E-03  0.00000000E+00 -9.45686111E-07
  0.00000000E+00  0.00000000E+00 -5.63679728E-11 -1.30151012E-09 -1.19944148E-12
 -3.75918807E-09  1.11025800E-09  1.93027390E-07 -6.51885079E-09 -1.83329885E-08
 -3.00299803E-08 -1.00641167E-08  1.84735015E-07  2.75655976E-03 -1.60889630E-03
  0.00000000E+00  0.00000000E+00 -2.75709851E-07  0.00000000E+00  0.00000000E+00
 -3.69891826E-11 -6.27508545E-10 -5.70662983E-13 -1.78297566E-09  1.06192233E-09
 -1.27439236E-07 -2.29338970E-09 -8.75014283E-09 -1.51223691E-08 -1.14472920E-08
  7.09728880E-08  2.44885078E-03 -1.61013298E-03  0.00000000E+00  0.00000000E+00
  0.00000000E+00 -2.40960190E-07  0.00000000E+00  0.00000000E+00 -6.06845962E-11
 -4.30886403E-11 -2.70143174E-13 -8.41643255E-10  3.40933337E-10 -2.11854726E-07
 -9.22542043E-10 -3.52089491E-09 -6.15332096E-09 -5.07158981E-09  2.73819136E-08
  2.59226141E-03 -1.44612440E-03  0.00000000E+00  0.00000000E+00  0.00000000E+00
  0.00000000E+00 -5.88320930E-08  0.00000000E+00  0.00000000E+00  0.00000000E+00
  1.45480877E-10 -1.27310922E-13 -3.95150773E-10 -1.25011043E-10 -1.49330539E-08
 -6.02870143E-10 -1.41774836E-09 -2.25810037E-09  9.74286984E-10  1.10123528E-08
  2.48266826E-03 -1.59333122E-03  0.00000000E+00  0.00000000E+00  0.00000000E+00
  0.00000000E+00  0.00000000E+00 -2.88927389E-08  0.00000000E+00  0.00000000E+00
  0.00000000E+00 -1.25496238E-10 -5.96684635E-14 -1.84072882E-10 -2.48177062E-10
 -2.56438137E-09 -3.32037120E-10 -6.03131434E-10 -4.71405137E-10  3.02191205E-09
  4.40201386E-09  4.06657113E-03 -1.45327859E-03  0.00000000E+00  0.00000000E+00
  0.00000000E+00  0.00000000E+00  0.00000000E+00  9.10709446E-08 -5.96857461E-08
  0.00000000E+00  0.00000000E+00  0.00000000E+00 -5.04170490E-11 -2.37527791E-14
 -7.16060475E-11 -1.42538883E-10 -1.01512998E-09 -1.37713840E-10 -2.23561586E-10
  1.31211680E-10  4.18882662E-09  1.43403056E-09  1.85663579E-03 -2.75330525E-03
  0.00000000E+00  0.00000000E+00  0.00000000E+00  0.00000000E+00  0.00000000E+00
  0.00000000E+00 -9.76507408E-09 -4.57880134E-09  0.00000000E+00  0.00000000E+00
  0.00000000E+00 -3.93499643E-11 -1.77711409E-14 -5.64263046E-11 -1.16132444E-10
 -7.31892880E-10 -6.70480824E-11 -1.51344340E-10  4.99913611E-10  4.57338567E-09
  9.80108328E-10  2.46036099E-03 -7.33808789E-04  0.00000000E+00  0.00000000E+00
  0.00000000E+00  0.00000000E+00  0.00000000E+00  0.00000000E+00  0.00000000E+00
 -4.97680031E-09  0.00000000E+00  0.00000000E+00  0.00000000E+00  0.00000000E+00
 -1.00569726E-11 -5.22078794E-15 -1.40648413E-11 -2.69383821E-11 -1.52778928E-10
 -4.16784628E-11 -3.05389047E-11  3.12708859E-10  8.94775531E-10  2.36463238E-10
  3.75145534E-03 -1.33256917E-03  0.00000000E+00  0.00000000E+00  0.00000000E+00
  0.00000000E+00  0.00000000E+00  0.00000000E+00  0.00000000E+00  0.00000000E+00
 -1.69644010E-09  0.00000000E+00  0.00000000E+00  0.00000000E+00  0.00000000E+00
 -3.68640535E-12 -1.73393531E-15 -4.34293617E-12 -8.09750097E-12 -4.83574882E-11
 -1.11524670E-11 -5.97684575E-12  1.07565824E-10  2.42032644E-10  6.20230395E-11
  2.07683141E-03 -2.61236285E-03 -3.40759101E-07  0.00000000E+00  0.00000000E+00
  0.00000000E+00  0.00000000E+00  0.00000000E+00  0.00000000E+00  0.00000000E+00
  0.00000000E+00 -1.62288660E-09  0.00000000E+00  0.00000000E+00  0.00000000E+00
  0.00000000E+00 -3.50413947E-12 -1.58875079E-15 -3.63568962E-12 -6.59683246E-12
 -3.41020198E-11 -6.03653846E-12 -8.53639468E-12  9.30209729E-11  1.93590366E-10
  4.92975036E-11  2.15397310E-03 -9.30594513E-04  0.00000000E+00  0.00000000E+00
  0.00000000E+00  0.00000000E+00  0.00000000E+00  0.00000000E+00  0.00000000E+00
  0.00000000E+00  0.00000000E+00  0.00000000E+00 -7.75644105E-10  0.00000000E+00
  0.00000000E+00  0.00000000E+00  0.00000000E+00 -1.58903771E-12 -7.05645784E-16
 -1.28834790E-12 -2.15671816E-12 -1.61565067E-11 -3.62917552E-12 -3.88481695E-12
  3.73391595E-11  7.36238848E-11  1.83390733E-11  2.12583179E-03 -1.00056035E-03
  0.00000000E+00  0.00000000E+00  0.00000000E+00  0.00000000E+00  0.00000000E+00
  0.00000000E+00  0.00000000E+00  0.00000000E+00  0.00000000E+00  0.00000000E+00
  0.00000000E+00 -2.79669260E-10  0.00000000E+00  0.00000000E+00  0.00000000E+00
  0.00000000E+00 -5.62035769E-13 -1.09755174E-16 -5.62326065E-13 -2.27169385E-13
 -3.12232813E-12 -4.73765829E-13  1.58759995E-13  1.11427881E-11  2.12425893E-11
  5.00121082E-12  2.15871818E-03 -9.68138920E-04  0.00000000E+00  0.00000000E+00
  0.00000000E+00  0.00000000E+00  0.00000000E+00  0.00000000E+00  0.00000000E+00
  0.00000000E+00  0.00000000E+00  0.00000000E+00  0.00000000E+00  0.00000000E+00
 -1.38227318E-10  0.00000000E+00  0.00000000E+00  0.00000000E+00  0.00000000E+00
 -2.23541387E-13  0.00000000E+00 -3.59615902E-13  3.19688015E-13 -9.64293641E-13
  4.15864120E-13  1.71163539E-14  3.81438501E-12  7.99343057E-12  1.70240178E-12
  2.36572741E-05  2.70389323E-03 -9.98654868E-04  0.00000000E+00  0.00000000E+00
  0.00000000E+00  0.00000000E+00  0.00000000E+00  0.00000000E+00  0.00000000E+00
  0.00000000E+00  0.00000000E+00  0.00000000E+00  0.00000000E+00  0.00000000E+00
  0.00000000E+00 -8.49540091E-11  0.00000000E+00  0.00000000E+00  0.00000000E+00
  0.00000000E+00  0.00000000E+00  0.00000000E+00 -1.98490109E-13  6.54665992E-13
 -3.71769232E-14 -5.93926628E-15 -8.57598042E-16  0.00000000E+00  3.25779161E-12
  1.81226941E-23  1.19781782E-10 -1.96659639E-05  1.21254451E-03 -1.54210487E-03
  0.00000000E+00  0.00000000E+00  0.00000000E+00  0.00000000E+00  0.00000000E+00
  0.00000000E+00  0.00000000E+00  0.00000000E+00  0.00000000E+00  0.00000000E+00
  0.00000000E+00  0.00000000E+00  0.00000000E+00  0.00000000E+00 -3.60750908E-11
  0.00000000E+00  0.00000000E+00  0.00000000E+00  0.00000000E+00  0.00000000E+00
  0.00000000E+00 -2.75026838E-14 -4.09472091E-14 -8.79878259E-15  4.04421939E-13
  7.21211793E-25  0.00000000E+00  3.77417119E-13  2.07018795E-24 -2.27661128E-03
  3.53268976E-03 -4.09245367E-05  0.00000000E+00  0.00000000E+00  0.00000000E+00
  0.00000000E+00  0.00000000E+00  0.00000000E+00  0.00000000E+00  0.00000000E+00
  0.00000000E+00  0.00000000E+00  0.00000000E+00  0.00000000E+00  0.00000000E+00
  0.00000000E+00  0.00000000E+00 -1.23445080E-12  0.00000000E+00  0.00000000E+00
  0.00000000E+00  0.00000000E+00  0.00000000E+00  0.00000000E+00  0.00000000E+00
 -2.01916985E-15  0.00000000E+00  5.06631107E-14  3.47708678E-03 -2.31417338E-03
 -8.91992169E-09  0.00000000E+00  0.00000000E+00  0.00000000E+00  0.00000000E+00
  0.00000000E+00  0.00000000E+00  0.00000000E+00  0.00000000E+00  0.00000000E+00
  0.00000000E+00  0.00000000E+00  0.00000000E+00  0.00000000E+00  0.00000000E+00
  0.00000000E+00 -3.26855852E-14
->       8      12       1       2                                 <-   
SCAT-SAVED                                                                      
         1         1
->       8      12       2       8                                 <-   
LAMBDA-D                                                                        
  1.24666998E-02  2.82917004E-02  4.25244011E-02  1.33041993E-01  2.92467207E-01
  6.66487694E-01  1.63478100E+00  3.55460000E+00
->      -8       0       0       0                                 <-   
->       6      12       3       3                                 <-   
SIGNATURE                                                                       
         4         4         4
L_LIBRARY   
->       6      12       1      40                                 <-   
STATE-VECTOR                                                                    
         1         1        33         2         0         0         1         0
         0         0         0         0        12         1         0         0
         0         1         8         0         0         1         0         0
         0         0         0         0         0         0         0         0
         0         0         0         0         0         0         0         0
->       6      12       1       1                                 <-   
ISOTOPESMIX                                                                     
         1
->       6      12       3       3                                 <-   
ISOTOPESUSED                                                                    
         4         4         4
*MAC*RES    
->       6      12       3       3                                 <-   
ISOTOPERNAME                                                                    
         4         4         4
*MAC*RES    
->       6      12       2       1                                 <-   
ISOTOPESDENS                                                                    
  1.00000000E+00
->       6      12       1       1                                 <-   
ISOTOPESTYPE                                                                    
         1
->       6      12       1       1                                 <-   
ISOTOPESTODO                                                                    
         1
->       6      12       2       1                                 <-   
ISOTOPESVOL                                                                     
  2.34294758E+01
->       6      12       2       1                                 <-   
ISOTOPESTEMP                                                                    
  7.13160034E+02
->       6      12       2       1                                 <-   
MIXTURESVOL                                                                     
  2.34294758E+01
->       6      12       2       1                                 <-   
K-EFFECTIVE                                                                     
  1.00000000E+00
->       6      12       2       1                                 <-   
K-INFINITY                                                                      
  1.43541586E+00
->       6      12       2       1                                 <-   
B2  B1HOM                                                                       
  9.03916254E-04
->       6      12       3      24                                 <-   
ADDXSNAME-P0                                                                    
         4         4         4         4         4         4         4         4
         4         4         4         4         4         4         4         4
         4         4         4         4         4         4         4         4
NFTOT   NG      N2N     N3N     N4N     NA      NP      N2A     NNP     ND      
NT      TRANC   
->       6      12       2      34                                 <-   
ENERGY                                                                          
  1.96403300E+07  1.00000000E+07  6.06530700E+06  3.67879400E+06  2.23130200E+06
  1.35335300E+06  8.20850000E+05  4.97870688E+05  3.01973812E+05  1.83156406E+05
  1.11090000E+05  6.73794688E+04  4.08677109E+04  2.47875195E+04  1.50343896E+04
  9.11882031E+03  5.53084424E+03  3.35462598E+03  2.03468396E+03  1.23409802E+03
  7.48518311E+02  4.53999298E+02  3.04324799E+02  1.48575897E+02  9.16608810E+01
  6.79040527E+01  4.01689987E+01  2.26032906E+01  1.37095900E+01  8.31528664E+00
  4.00000000E+00  5.40000975E-01  1.00000098E-01  1.10002802E-04
->       6      12       2      33                                 <-   
DELTAU                                                                          
  6.75000012E-01  4.99999970E-01  5.00000179E-01  4.99999672E-01  5.00000060E-01
  5.00000119E-01  5.00000060E-01  5.00000119E-01  4.99999821E-01  4.99999762E-01
  5.00000358E-01  5.00000060E-01  5.00000060E-01  5.00000060E-01  4.99999762E-01
  4.99999970E-01  5.00000179E-01  4.99999762E-01  5.00000119E-01  4.99999970E-01
  5.00000060E-01  4.00000095E-01  7.16999590E-01  4.83000249E-01  2.99999952E-01
  5.25000155E-01  5.75000048E-01  4.99999881E-01  4.99999970E-01  7.31801212E-01
  2.00247860E+00  1.68639970E+00  6.81242085E+00
->      -6       0       0       0                                 <-   
->       5       0       0      -1                                 <-   00000011
->       6      12      10       1                                 <-   
ISOTOPESLIST                                                                    
->       7       0       0      -1                                 <-   00000001
->       8      12       3       3                                 <-   
ALIAS                                                                           
         4         4         4
*MAC*RES0001
->       8      12       2       1                                 <-   
AWR                                                                             
  1.82709732E+01
->       8      12       2      33                                 <-   
NWT0                                                                            
  5.91631215E-06  8.61494846E-05  4.97184054E-04  5.80051914E-03  2.50101835E-02
  4.82338965E-02  1.10838704E-01  9.61035267E-02  1.04239158E-01  1.02632985E-01
  9.44310725E-02  8.70774612E-02  6.63271323E-02  7.21335709E-02  5.45598641E-02
  3.51598375E-02  3.14364880E-02  2.17197519E-02  1.38076432E-02  6.96705747E-03
  3.67526547E-03  1.32308120E-03  1.01942965E-03  1.74328568E-04  3.59418264E-05
  1.73106673E-05  2.62203366E-06  3.55468956E-07  4.12772998E-08  5.19345766E-09
  7.68742181E-10  2.26805116E-10  1.58850863E-10
->       8      12       2      33                                 <-   
NTOT0                                                                           
  5.07880509E-01  5.78720391E-01  7.33926058E-01  7.23800778E-01  5.72354734E-01
  5.33313096E-01  5.42573571E-01  6.92526281E-01  8.12602162E-01  9.58417773E-01
  1.27956605E+00  1.05146337E+00  1.19886518E+00  1.06978714E+00  1.13558805E+00
  1.31204855E+00  1.21647859E+00  1.22682619E+00  1.23279893E+00  1.27447033E+00
  1.29699385E+00  1.38151491E+00  1.37803376E+00  1.44408536E+00  1.49491811E+00
  1.55402863E+00  1.65619624E+00  1.79291320E+00  1.95618999E+00  2.17887592E+00
  2.79636288E+00  7.89075327E+00  1.11228476E+01
->       8      12       2      33                                 <-   
NG                                                                              
  1.55640213E-04  7.60638068E-05  6.80752783E-05  1.12566653E-04  8.27455806E-05
  1.18640251E-04  2.57455627E-04  1.67881852E-04  1.30229804E-04  2.84829934E-04
  3.75992648E-04  1.97325746E-04  3.10218718E-04  1.54201465E-04  1.93964879E-04
  4.00049350E-04  2.34762716E-04  1.98671216E-04  5.64434275E-04  7.04264687E-03
  4.43698314E-04  1.33617525E-03  6.40391954E-04  1.43179938E-03  1.01290352E-03
  2.45525618E-03  1.45249604E-03  1.85661076E-03  2.51397933E-03  3.11927754E-03
  5.14219236E-03  2.17950586E-02  3.23464423E-02
->       8      12       2      33                                 <-   
N2N                                                                             
  1.48121610E-01  1.06247403E-02  0.00000000E+00  0.00000000E+00  0.00000000E+00
  0.00000000E+00  0.00000000E+00  0.00000000E+00  0.00000000E+00  0.00000000E+00
  0.00000000E+00  0.00000000E+00  0.00000000E+00  0.00000000E+00  0.00000000E+00
  0.00000000E+00  0.00000000E+00  0.00000000E+00  0.00000000E+00  0.00000000E+00
  0.00000000E+00  0.00000000E+00  0.00000000E+00  0.00000000E+00  0.00000000E+00
  0.00000000E+00  0.00000000E+00  0.00000000E+00  0.00000000E+00  0.00000000E+00
  0.00000000E+00  0.00000000E+00  0.00000000E+00
->       8      12       2      33                                 <-   
N3N                                                                             
  3.65941291E-04  0.00000000E+00  0.00000000E+00  0.00000000E+00  0.00000000E+00
  0.00000000E+00  0.00000000E+00  0.00000000E+00  0.00000000E+00  0.00000000E+00
  0.00000000E+00  0.00000000E+00  0.00000000E+00  0.00000000E+00  0.00000000E+00
  0.00000000E+00  0.00000000E+00  0.00000000E+00  0.00000000E+00  0.00000000E+00
  0.00000000E+00  0.00000000E+00  0.00000000E+00  0.00000000E+00  0.00000000E+00
  0.00000000E+00  0.00000000E+00  0.00000000E+00  0.00000000E+00  0.00000000E+00
  0.00000000E+00  0.00000000E+00  0.00000000E+00
->       8      12       2      33                                 <-   
NA                                                                              
  1.17486762E-03  5.97893901E-04  1.07136893E-03  1.28508022E-03  1.57877139E-03
  9.61094629E-04  2.19186302E-03  3.63672921E-03  5.18856710E-03  7.00450875E-03
  8.65592342E-03  1.06966104E-02  1.35714402E-02  1.72741823E-02  2.22118776E-02
  2.89315898E-02  3.69810648E-02  4.75023277E-02  6.12520464E-02  7.88317695E-02
  1.01024032E-01  1.26715541E-01  1.63785905E-01  2.25117356E-01  2.76916236E-01
  3.31598669E-01  4.35094774E-01  5.70540428E-01  7.32673526E-01  9.54426467E-01
  1.56948900E+00  6.64364147E+00  9.86054420E+00
->       8      12       2      33                                 <-   
NP                                                                              
  2.22801114E-03  1.24646304E-03  4.30942921E-04  1.57099421E-04  4.59042712E-05
  6.15815952E-06  8.37418725E-07  2.00689513E-07  6.14119813E-08  1.99205434E-08
  9.15998211E-09  6.08225648E-09  6.12512041E-09  6.72970302E-09  7.40637995E-09
  8.18605272E-09  8.98187746E-09  9.87536541E-09  1.08749942E-08  1.22450876E-08
  1.53931392E-08  1.92408205E-08  2.47800411E-08  3.39299646E-08  4.16508747E-08
  4.97845534E-08  6.51442704E-08  8.51921627E-08  1.09127782E-07  1.41827016E-07
  2.32296344E-07  9.79599008E-07  1.45377760E-06
->       8      12       2      33                                 <-   
N2A                                                                             
  1.45515577E-12  0.00000000E+00  0.00000000E+00  0.00000000E+00  0.00000000E+00
  0.00000000E+00  0.00000000E+00  0.00000000E+00  0.00000000E+00  0.00000000E+00
  0.00000000E+00  0.00000000E+00  0.00000000E+00  0.00000000E+00  0.00000000E+00
  0.00000000E+00  0.00000000E+00  0.00000000E+00  0.00000000E+00  0.00000000E+00
  0.00000000E+00  0.00000000E+00  0.00000000E+00  0.00000000E+00  0.00000000E+00
  0.00000000E+00  0.00000000E+00  0.00000000E+00  0.00000000E+00  0.00000000E+00
  0.00000000E+00  0.00000000E+00  0.00000000E+00
->       8      12       2      33                                 <-   
NNP                                                                             
  2.80885200E-04  8.05547273E-09  0.00000000E+00  0.00000000E+00  0.00000000E+00
  0.00000000E+00  0.00000000E+00  0.00000000E+00  0.00000000E+00  0.00000000E+00
  0.00000000E+00  0.00000000E+00  0.00000000E+00  0.00000000E+00  0.00000000E+00
  0.00000000E+00  0.00000000E+00  0.00000000E+00  0.00000000E+00  0.00000000E+00
  0.00000000E+00  0.00000000E+00  0.00000000E+00  0.00000000E+00  0.00000000E+00
  0.00000000E+00  0.00000000E+00  0.00000000E+00  0.00000000E+00  0.00000000E+00
  0.00000000E+00  0.00000000E+00  0.00000000E+00
->       8      12       2      33                                 <-   
ND                                                                              
  1.80576884E-04  1.35941096E-04  7.14858697E-06  0.00000000E+00  0.00000000E+00
  0.00000000E+00  0.00000000E+00  0.00000000E+00  0.00000000E+00  0.00000000E+00
  0.00000000E+00  0.00000000E+00  0.00000000E+00  0.00000000E+00  0.00000000E+00
  0.00000000E+00  0.00000000E+00  0.00000000E+00  0.00000000E+00  0.00000000E+00
  0.00000000E+00  0.00000000E+00  0.00000000E+00  0.00000000E+00  0.00000000E+00
  0.00000000E+00  0.00000000E+00  0.00000000E+00  0.00000000E+00  0.00000000E+00
  0.00000000E+00  0.00000000E+00  0.00000000E+00
->       8      12       2      33                                 <-   
NT                                                                              
  3.94661693E-05  1.16949310E-16  0.00000000E+00  0.00000000E+00  0.00000000E+00
  0.00000000E+00  0.00000000E+00  0.00000000E+00  0.00000000E+00  0.00000000E+00
  0.00000000E+00  0.00000000E+00  0.00000000E+00  0.00000000E+00  0.00000000E+00
  0.00000000E+00  0.00000000E+00  0.00000000E+00  0.00000000E+00  0.00000000E+00
  0.00000000E+00  0.00000000E+00  0.00000000E+00  0.00000000E+00  0.00000000E+00
  0.00000000E+00  0.00000000E+00  0.00000000E+00  0.00000000E+00  0.00000000E+00
  0.00000000E+00  0.00000000E+00  0.00000000E+00
->       8      12       2      33                                 <-   
H-FACTOR                                                                        
  1.10928884E-16  5.86417321E-17  5.96507270E-17  9.81743148E-17  8.09549754E-17
  1.11885416E-16  2.14256190E-16  1.70215956E-16  1.61891118E-16  2.71962586E-16
  3.85342102E-16  2.44033580E-16  3.95387039E-16  2.02499002E-16  2.81851748E-16
  5.99853698E-16  3.43451373E-16  2.74184830E-16  7.62719288E-16  8.69580710E-15
  5.66665783E-16  1.90402503E-15  8.71209279E-16  1.71953798E-15  1.33529810E-15
  3.43143381E-15  1.90353799E-15  2.42200304E-15  3.23383394E-15  4.06660264E-15
  6.70327729E-15  2.84119110E-14  4.21672381E-14
->       8      12       2      33                                 <-   
OVERV                                                                           
  2.13691204E-10  2.69810146E-10  3.46006612E-10  4.48287907E-10  5.58622648E-10
  7.15818849E-10  9.19505527E-10  1.16856380E-09  1.49127832E-09  1.92594318E-09
  2.47519383E-09  3.15653947E-09  4.05922229E-09  5.18200727E-09  6.64545130E-09
  8.62088179E-09  1.09702754E-08  1.40334988E-08  1.80254744E-08  2.31252582E-08
  2.95666194E-08  3.70153543E-08  4.77608069E-08  6.55457271E-08  8.05828293E-08
  9.64479980E-08  1.26446338E-07  1.65700470E-07  2.12653461E-07  2.76919423E-07
  4.55257180E-07  1.92003540E-06  2.85795454E-06
->       8      12       2      33                                 <-   
STRD                                                                            
  4.48410124E-01  4.72690374E-01  5.68531096E-01  7.23722279E-01  6.86007857E-01
  6.83956504E-01  6.94502473E-01  8.52071941E-01  1.12012184E+00  1.35687077E+00
  1.77581215E+00  1.54798472E+00  1.66594005E+00  1.63968813E+00  1.74020088E+00
  1.91908741E+00  1.84046280E+00  1.87575197E+00  1.86880779E+00  1.93566823E+00
  1.93688214E+00  2.04127932E+00  2.02526021E+00  2.06287527E+00  2.09711838E+00
  2.15813327E+00  2.16197133E+00  2.31830716E+00  2.11918283E+00  2.30861235E+00
  2.10118890E+00  3.06064510E+00  2.98393297E+00
->       8      12       2      33                                 <-   
SIGS00                                                                          
  6.50649250E-01  5.86562395E-01  7.31668413E-01  7.22039104E-01  5.70510924E-01
  5.32225788E-01  5.40122926E-01  6.88720942E-01  8.07283044E-01  9.51128304E-01
  1.27053380E+00  1.04057002E+00  1.18498302E+00  1.05235863E+00  1.11318266E+00
  1.28271663E+00  1.17926252E+00  1.17912507E+00  1.17098260E+00  1.18859601E+00
  1.19552493E+00  1.25346255E+00  1.21360767E+00  1.21753550E+00  1.21698844E+00
  1.21997416E+00  1.21964860E+00  1.22051573E+00  1.22100043E+00  1.22132790E+00
  1.22172856E+00  1.22530305E+00  1.22993481E+00
->       8      12       1      33                                 <-   
NJJS00                                                                          
         1         2         3         4         5         6         7         8
         9        10        11        12        13        14        15        16
        17        18        19        20        21        22        23        24
        25        26        27        28        29        31        33        33
        33
->       8      12       1      33                                 <-   
IJJS00                                                                          
         1         2         3         4         5         6         7         8
         9        10        11        12        13        14        15        16
        17        18        19        20        21        22        23        24
        25        26        27        28        29        31        33        33
        33
->       8      12       2     565                                 <-   
SCAT00                                                                          
  2.47759923E-01  3.19722652E-01  2.94345450E-02  5.33285797E-01  2.91314498E-02
  3.83624136E-02  6.50737822E-01  3.54825072E-02  5.44736497E-02  7.18739554E-02
  5.26526690E-01  5.14357649E-02  3.92182693E-02  7.49064162E-02  9.35090557E-02
  4.96401459E-01  3.66969556E-02  4.91567748E-03  5.25488146E-02  4.97940183E-02
  7.40242749E-02  5.09901822E-01  3.10395584E-02  5.97369904E-03  5.29390387E-03
  3.34076621E-02  2.96759196E-02  4.73020338E-02  6.44085884E-01  3.01086009E-02
  1.57145760E-03  8.60301661E-04  4.31574043E-03  1.96097437E-02  1.55150490E-02
  2.54061259E-02  7.61087716E-01  4.45642024E-02  5.65695445E-05  1.64437492E-03
  2.20445436E-04  2.69400235E-03  1.02862613E-02  7.33563630E-03  1.21539375E-02
  9.00190294E-01  4.61530872E-02  3.01455802E-05  4.27354244E-05  8.92627926E-04
  1.27229214E-04  1.64005323E-03  4.33466630E-03  3.27464473E-03  5.62692899E-03
  1.21623433E+00  5.09268045E-02  2.94626643E-05  2.16470944E-05  6.34924254E-06
  3.66600318E-04  6.08793889E-05  6.26220077E-04  1.97588443E-03  1.47603638E-03
  2.68084160E-03  9.86608386E-01  5.42990342E-02  2.01087278E-06  1.25762617E-05
  9.10803283E-06  3.64614948E-06  1.48694147E-04  2.62876711E-05  2.34626510E-04
  8.80407519E-04  6.54041010E-04  1.27957552E-03  1.11749816E+00  5.39588146E-02
  1.56423653E-07  6.08860682E-06  3.07274632E-07  5.64791071E-06  1.56384772E-06
  4.41983066E-05  1.10269812E-05  8.99627630E-05  3.74661817E-04  3.11218377E-04
  6.32913085E-04  1.00041294E+00  6.72029555E-02  2.68138206E-06  5.93156990E-08
  1.89665036E-06  9.70585319E-08  2.69968700E-06  8.45086220E-07  2.58135096E-05
  4.43761837E-06  3.46756788E-05  1.56440350E-04  1.50876353E-04  3.16554972E-04
  1.06022096E+00  5.14319390E-02  2.81830289E-04  0.00000000E+00  3.16601358E-08
  7.42935356E-07  3.67877036E-08  1.04899186E-06  4.17268240E-07  5.49250435E-05
  1.76871822E-06  1.28893889E-05  6.34463577E-05  7.23302510E-05  1.64863202E-04
  1.21837902E+00  5.29602543E-02  2.71512399E-04  0.00000000E+00  0.00000000E+00
  1.34584983E-08  2.95657514E-07  1.38943381E-08  4.43196257E-07  1.88035500E-07
  2.63664915E-05  7.02680950E-07  4.80708877E-06  2.63699731E-05  3.61835264E-05
  7.41443728E-05  1.12536776E+00  6.43376112E-02  0.00000000E+00  1.45687169E-04
  0.00000000E+00  0.00000000E+00  5.16019893E-09  1.11243843E-07  5.18744914E-09
  1.65875960E-07  9.17717102E-08  6.06440244E-06  2.84622558E-07  1.79777487E-06
  1.04749561E-05  1.73902681E-05  2.90051230E-05  1.12753594E+00  5.38950227E-02
  0.00000000E+00  0.00000000E+00  6.04666748E-05  0.00000000E+00  0.00000000E+00
  1.92887439E-09  4.15494767E-08  1.92700789E-09  6.16492244E-08  4.66663685E-08
  2.55011628E-06  1.20719818E-07  6.74339731E-07  4.17085721E-06  7.95297274E-06
  1.12380321E-05  1.12051904E+00  5.15892096E-02  0.00000000E+00  0.00000000E+00
  0.00000000E+00  2.34434028E-05  0.00000000E+00  0.00000000E+00  2.46420301E-10
  1.58159477E-08  7.13935633E-10  2.29463826E-08  2.30582664E-08  8.98505789E-07
  5.30096997E-08  2.55193527E-07  1.66994755E-06  3.56370310E-06  4.29827969E-06
  1.13867331E+00  5.04634567E-02  0.00000000E+00  0.00000000E+00  0.00000000E+00
  0.00000000E+00  8.64543745E-06  0.00000000E+00  0.00000000E+00  0.00000000E+00
  6.92599533E-09  2.64268163E-10  8.57722782E-09  1.07199156E-08  1.12484194E-07
  2.33316833E-08  9.83191200E-08  6.95814094E-07  1.62777212E-06  1.64509493E-06
  1.14859462E+00  4.99226078E-02  0.00000000E+00  0.00000000E+00  0.00000000E+00
  0.00000000E+00  0.00000000E+00  3.26908253E-06  0.00000000E+00  0.00000000E+00
  0.00000000E+00  2.85976864E-09  9.78758741E-11  3.23237215E-09  4.67541206E-09
  3.40996884E-08  1.03007931E-08  3.87579391E-08  3.11393194E-07  8.10376093E-07
  6.34984929E-07  1.18771553E+00  4.69300561E-02  0.00000000E+00  0.00000000E+00
  0.00000000E+00  0.00000000E+00  0.00000000E+00  4.04425919E-07  7.54528060E-07
  0.00000000E+00  0.00000000E+00  0.00000000E+00  9.29886501E-10  3.16241720E-11
  1.07494369E-09  1.72326653E-09  1.17619576E-08  3.92738775E-09  1.35404417E-08
  1.28656609E-07  4.18987156E-07  2.13853880E-07  1.19140708E+00  6.57473505E-02
  2.30004446E-07  0.00000000E+00  0.00000000E+00  0.00000000E+00  0.00000000E+00
  0.00000000E+00  8.50295862E-07  1.67086682E-08  0.00000000E+00  0.00000000E+00
  0.00000000E+00  5.93090299E-10  1.99278267E-11  7.05588976E-10  1.22909904E-09
  8.21565038E-09  3.13131832E-09  9.54656887E-09  1.11991476E-07  3.83793235E-07
  1.40771746E-07  1.17699027E+00  2.22008713E-02  0.00000000E+00  0.00000000E+00
  0.00000000E+00  0.00000000E+00  0.00000000E+00  0.00000000E+00  0.00000000E+00
  1.71326349E-07  0.00000000E+00  0.00000000E+00  0.00000000E+00  0.00000000E+00
  1.21430116E-10  3.97506420E-12  1.52989843E-10  2.93341490E-10  1.96349004E-09
  7.79523668E-10  2.14321316E-09  3.26680301E-08  9.43093141E-08  2.94813507E-08
  1.13819623E+00  3.99559140E-02  0.00000000E+00  0.00000000E+00  0.00000000E+00
  0.00000000E+00  0.00000000E+00  0.00000000E+00  0.00000000E+00  0.00000000E+00
  4.79264628E-08  0.00000000E+00  0.00000000E+00  0.00000000E+00  0.00000000E+00
  3.47556983E-11  1.15231175E-12  4.73425639E-11  9.65246216E-11  6.28782748E-10
  2.75609091E-10  6.30621610E-10  1.09087015E-08  2.86474009E-08  8.62133831E-09
  1.19306111E+00  7.87920356E-02  5.89136034E-04  0.00000000E+00  0.00000000E+00
  0.00000000E+00  0.00000000E+00  0.00000000E+00  0.00000000E+00  0.00000000E+00
  0.00000000E+00  3.82865721E-08  0.00000000E+00  0.00000000E+00  0.00000000E+00
  0.00000000E+00  2.91282241E-11  9.32168947E-13  4.27635115E-11  9.21089038E-11
  5.99202798E-10  2.79677781E-10  5.96985017E-10  9.88338300E-09  2.38328344E-08
  7.25436555E-09  1.19359946E+00  2.69132685E-02  0.00000000E+00  0.00000000E+00
  0.00000000E+00  0.00000000E+00  0.00000000E+00  0.00000000E+00  0.00000000E+00
  0.00000000E+00  0.00000000E+00  0.00000000E+00  1.43728363E-08  0.00000000E+00
  0.00000000E+00  0.00000000E+00  0.00000000E+00  1.21340264E-11  3.66558048E-13
  1.97951135E-11  4.58037809E-11  2.73318840E-10  1.31992597E-10  2.76163203E-10
  4.25971702E-09  9.41521172E-09  2.97971203E-09  1.19434369E+00  2.60489136E-02
  0.00000000E+00  0.00000000E+00  0.00000000E+00  0.00000000E+00  0.00000000E+00
  0.00000000E+00  0.00000000E+00  0.00000000E+00  0.00000000E+00  0.00000000E+00
  0.00000000E+00  4.38069137E-09  0.00000000E+00  0.00000000E+00  0.00000000E+00
  0.00000000E+00  4.24679736E-12  1.20001434E-13  7.00440140E-12  1.86261267E-11
  1.08002753E-10  4.74628080E-11  7.79151535E-11  1.34559175E-09  2.88401902E-09
  5.05651021E-10  1.19443047E+00  2.61720438E-02  0.00000000E+00  0.00000000E+00
  0.00000000E+00  0.00000000E+00  0.00000000E+00  0.00000000E+00  0.00000000E+00
  0.00000000E+00  0.00000000E+00  0.00000000E+00  0.00000000E+00  0.00000000E+00
  1.67444703E-09  0.00000000E+00  0.00000000E+00  0.00000000E+00  0.00000000E+00
  1.76956399E-12  5.10879994E-14  3.04301723E-12  9.37538068E-12  1.50153084E-11
  2.32609695E-11  4.42750420E-11  5.55983648E-10  1.12107523E-09  2.66936001E-10
  7.06680072E-03  1.21061671E+00  2.65699886E-02  0.00000000E+00  0.00000000E+00
  0.00000000E+00  0.00000000E+00  0.00000000E+00  0.00000000E+00  0.00000000E+00
  0.00000000E+00  0.00000000E+00  0.00000000E+00  0.00000000E+00  0.00000000E+00
  0.00000000E+00  8.02297728E-10  0.00000000E+00  0.00000000E+00  0.00000000E+00
  0.00000000E+00  0.00000000E+00  2.88185376E-14  1.89785405E-12  6.42969445E-12
  9.44552054E-13  9.85764942E-12  3.48095615E-11  1.70189265E-10  5.47219547E-10
  1.72436163E-10 -1.75638959E-07  5.77127328E-04  1.21410489E+00  1.07111018E-02
  0.00000000E+00  0.00000000E+00  0.00000000E+00  0.00000000E+00  0.00000000E+00
  0.00000000E+00  0.00000000E+00  0.00000000E+00  0.00000000E+00  0.00000000E+00
  0.00000000E+00  0.00000000E+00  0.00000000E+00  0.00000000E+00  3.03939374E-10
  0.00000000E+00  0.00000000E+00  0.00000000E+00  0.00000000E+00  0.00000000E+00
  1.42028714E-14  3.15526441E-13  2.08182473E-12  3.04566539E-13  6.06432309E-12
  2.78163777E-11  1.36433642E-10  1.73910372E-10  1.35875936E-10  1.21408634E-01
  1.11572504E+00  5.56462910E-04  0.00000000E+00  0.00000000E+00  0.00000000E+00
  0.00000000E+00  0.00000000E+00  0.00000000E+00  0.00000000E+00  0.00000000E+00
  0.00000000E+00  0.00000000E+00  0.00000000E+00  0.00000000E+00  0.00000000E+00
  0.00000000E+00  0.00000000E+00  1.44079124E-11  0.00000000E+00  0.00000000E+00
  0.00000000E+00  0.00000000E+00  0.00000000E+00  1.03416603E-15  6.15703855E-16
  1.21914997E-13  3.71642609E-15  2.49977448E-13  3.14696685E-12  1.73358584E-11
  1.26015838E-11  1.57462741E-11  1.10852635E+00  1.09000772E-01  9.41828588E-08
  0.00000000E+00  0.00000000E+00  0.00000000E+00  0.00000000E+00  0.00000000E+00
  0.00000000E+00  0.00000000E+00  0.00000000E+00  0.00000000E+00  0.00000000E+00
  0.00000000E+00  0.00000000E+00  0.00000000E+00  0.00000000E+00  0.00000000E+00
  1.76446965E-12  0.00000000E+00  0.00000000E+00  0.00000000E+00  0.00000000E+00
  0.00000000E+00  1.60439488E-16  1.03485053E-16  1.13134146E-15  1.90967178E-16
  6.26589489E-15  4.44545632E-13  1.65194085E-12  7.21134740E-13  2.05394642E-12
->       8      12       2      33                                 <-   
SIGS01                                                                          
  2.12249324E-01  2.53758281E-01  3.53298426E-01  2.58899420E-01  1.31955743E-01
  9.98144448E-02  9.24082696E-02  8.81069750E-02  7.51782805E-02  5.96110374E-02
  5.32741807E-02  3.31542306E-02  2.83671822E-02  1.74762774E-02  1.46073774E-02
  1.48765026E-02  1.22107705E-02  1.15637248E-02  1.08987009E-02  1.07115954E-02
  1.06673818E-02  1.13065010E-02  1.07787158E-02  1.07775871E-02  1.08046411E-02
  1.08209010E-02  1.08376443E-02  1.08479802E-02  1.08540365E-02  1.08587043E-02
  1.11719500E-02  1.12170959E-02  1.11559760E-02
->       8      12       1      33                                 <-   
NJJS01                                                                          
         1         2         3         4         5         6         7         8
         9        10        11        12        13        14        15        16
        17        18        19        20        21        22        23        24
        25        26        27        28        29        31        33        29
        19
->       8      12       1      33                                 <-   
IJJS01                                                                          
         1         2         3         4         5         6         7         8
         9        10        11        12        13        14        15        16
        17        18        19        20        21        22        23        24
        25        26        27        28        29        31        33        33
        33
->       8      12       2     547                                 <-   
SCAT01                                                                          
  1.98752686E-01  2.49688789E-01  4.96414397E-03  3.55615288E-01  4.87663405E-04
  3.56837781E-03  2.68875539E-01 -4.37295344E-03  1.84925483E-03  2.49610678E-03
  1.40497968E-01 -9.75954439E-03  1.05453446E-03  1.05854368E-03  1.14707230E-03
  1.07285440E-01 -8.58730916E-03 -2.78833264E-04  2.14703963E-04  3.51632159E-04
  7.34367815E-04  9.78252813E-02 -7.64340302E-03  2.19105088E-04  2.47820153E-05
  4.31672612E-04  1.93226981E-04  4.08193533E-04  1.01197936E-01 -5.41802309E-03
  1.22123340E-04 -1.77311158E-04  3.03027573E-05  6.63256142E-05  6.20072387E-05
  1.27668813E-04  9.03294459E-02 -1.30906403E-02  1.82525400E-06  4.00058343E-05
  3.21420407E-06  3.35099467E-05  1.32605026E-04  5.44369141E-05  4.28898165E-05
  7.47111663E-02 -1.51505647E-02 -3.07406879E-07 -1.11501595E-06  1.15330677E-05
  7.73419799E-07 -9.58634428E-06  7.87456884E-05 -2.48574452E-06 -2.15678756E-05
  6.89696223E-02 -1.51004707E-02 -6.89096851E-08 -1.10955277E-07  3.07761525E-07
  1.34251095E-05  8.17373618E-08 -1.03518259E-05  4.32462075E-05  4.53438543E-06
  1.09020120E-05  4.96734828E-02 -1.56954341E-02  4.66150198E-07 -4.85014311E-07
  1.22687581E-07 -3.20578444E-08 -2.38326120E-05 -3.40894900E-07 -3.76912499E-06
  2.55898758E-05  7.82546249E-06  1.51464310E-05  4.67742682E-02 -1.65170860E-02
  1.72120063E-09 -7.50427631E-08 -3.45620492E-08  1.12028275E-07 -2.05981117E-08
  2.50155449E-06 -2.35609591E-07 -1.13655801E-06  6.04944807E-06 -4.44860262E-07
 -2.39313999E-06  3.39974537E-02 -1.84029583E-02 -2.18471700E-06 -6.41717957E-10
 -4.36974048E-08  7.36569486E-12 -6.21285565E-08  4.22959694E-08 -4.21443900E-07
 -9.93939366E-08 -7.97112023E-07  2.57318311E-06  1.79797962E-06  7.88113630E-06
  3.12924013E-02 -1.65192317E-02 -4.12742611E-06  0.00000000E+00  3.33395311E-10
 -9.98261207E-09  4.15436678E-11 -1.79223978E-08  2.78968293E-10  1.51677541E-05
 -6.92450541E-08 -3.79759143E-07  1.32439482E-07  1.13646342E-06  2.86259547E-06
  3.47209983E-02 -1.66851785E-02  3.38979760E-07  0.00000000E+00  0.00000000E+00
 -2.10618439E-10 -7.16481230E-09 -5.32933723E-12 -1.56910236E-08  2.36377518E-09
 -7.71976465E-06 -4.63244554E-08 -1.82246481E-07  2.99338609E-07  1.63672595E-07
 -2.69207999E-06  2.90967971E-02 -1.98445003E-02  0.00000000E+00 -5.94514574E-07
  0.00000000E+00  0.00000000E+00 -1.05684787E-10 -3.50346019E-09 -2.55297563E-12
 -8.54002558E-09  3.10209503E-09  4.26976527E-07 -1.53572213E-08 -8.73531079E-08
 -2.37509511E-07  8.42412931E-08 -8.96367112E-07  2.80207153E-02 -1.68860294E-02
  0.00000000E+00  0.00000000E+00 -7.48612706E-07  0.00000000E+00  0.00000000E+00
 -6.93513372E-11 -1.68896430E-09 -1.21463917E-12 -4.05051725E-09  2.72345124E-09
 -2.81963366E-07 -5.58036195E-09 -4.16981827E-08 -1.43144888E-07 -1.73451355E-07
 -8.50042625E-07  2.69554779E-02 -1.64569877E-02  0.00000000E+00  0.00000000E+00
  0.00000000E+00 -4.64974448E-07  0.00000000E+00  0.00000000E+00 -1.13778077E-10
 -5.38168399E-10 -5.74991660E-13 -1.91202298E-09  8.26485325E-10 -4.68703377E-07
 -2.30456898E-09 -1.86067552E-08 -5.91598273E-08 -8.57270592E-08 -3.73182274E-07
  2.68392749E-02 -1.60567742E-02  0.00000000E+00  0.00000000E+00  0.00000000E+00
  0.00000000E+00 -1.85687057E-07  0.00000000E+00  0.00000000E+00  0.00000000E+00
 -8.16058471E-11 -2.70977549E-13 -8.97693142E-10 -2.87877305E-10 -3.30422445E-08
 -1.46325918E-09 -8.36127523E-09 -1.59169478E-08  5.08315772E-08 -1.34585576E-07
  2.59815250E-02 -1.61276758E-02  0.00000000E+00  0.00000000E+00  0.00000000E+00
  0.00000000E+00  0.00000000E+00 -9.11918576E-08  0.00000000E+00  0.00000000E+00
  0.00000000E+00 -2.41918929E-10 -1.27002562E-13 -4.18171969E-10 -5.83862458E-10
 -5.67636516E-09 -7.93759281E-10 -3.76777232E-09  4.74742468E-09  9.61400417E-08
 -4.86468572E-08  3.33406962E-02 -1.53139131E-02  0.00000000E+00  0.00000000E+00
  0.00000000E+00  0.00000000E+00  0.00000000E+00  1.95910076E-07 -1.88381378E-07
  0.00000000E+00  0.00000000E+00  0.00000000E+00 -9.71888681E-11 -5.05570825E-14
 -1.62672736E-10 -3.35874800E-10 -2.24702079E-09 -3.31773692E-10 -1.46513524E-09
  8.19381718E-09  1.22595452E-07 -1.55305777E-08  1.82424486E-02 -2.20341999E-02
 -2.28360520E-07  0.00000000E+00  0.00000000E+00  0.00000000E+00  0.00000000E+00
  0.00000000E+00 -2.10064410E-08 -1.44517065E-08  0.00000000E+00  0.00000000E+00
  0.00000000E+00 -7.58548641E-11 -3.78253472E-14 -1.28187808E-10 -2.73296247E-10
 -1.62008340E-09 -1.75009937E-10 -1.09932330E-09  1.43672398E-08  1.31330580E-07
 -9.44655554E-09  2.46572979E-02 -7.46373273E-03  0.00000000E+00  0.00000000E+00
  0.00000000E+00  0.00000000E+00  0.00000000E+00  0.00000000E+00  0.00000000E+00
 -1.07059970E-08  0.00000000E+00  0.00000000E+00  0.00000000E+00  0.00000000E+00
 -1.93868116E-11 -1.11122922E-14 -3.19521354E-11 -6.33684563E-11 -3.38191836E-10
 -9.64409733E-11 -2.75927947E-10  8.14703682E-09  2.56336889E-08 -1.72548642E-09
  3.67809497E-02 -1.33685768E-02  0.00000000E+00  0.00000000E+00  0.00000000E+00
  0.00000000E+00  0.00000000E+00  0.00000000E+00  0.00000000E+00  0.00000000E+00
 -3.64934949E-09  0.00000000E+00  0.00000000E+00  0.00000000E+00  0.00000000E+00
 -7.10627824E-12 -3.69062928E-15 -9.86616865E-12 -1.90391904E-11 -1.07052589E-10
 -2.60619287E-11 -7.02818637E-11  2.83802648E-09  6.92530167E-09 -4.86724550E-10
  2.05319524E-02 -2.59763114E-02 -5.11135382E-04  0.00000000E+00  0.00000000E+00
  0.00000000E+00  0.00000000E+00  0.00000000E+00  0.00000000E+00  0.00000000E+00
  0.00000000E+00 -3.49112250E-09  0.00000000E+00  0.00000000E+00  0.00000000E+00
  0.00000000E+00 -6.75492431E-12 -3.38160879E-15 -8.25946429E-12 -1.54973239E-11
 -7.55226576E-11 -1.49403944E-11 -6.89334353E-11  2.41371878E-09  5.53588775E-09
 -3.85192184E-10  1.96509939E-02 -9.71105229E-03  0.00000000E+00  0.00000000E+00
  0.00000000E+00  0.00000000E+00  0.00000000E+00  0.00000000E+00  0.00000000E+00
  0.00000000E+00  0.00000000E+00  0.00000000E+00 -1.66855074E-09  0.00000000E+00
  0.00000000E+00  0.00000000E+00  0.00000000E+00 -3.06318556E-12 -1.50194601E-15
 -2.92683499E-12 -5.05134476E-12 -3.57761425E-11 -8.61748607E-12 -2.55467748E-11
  9.38337408E-10  2.09975792E-09 -1.39881995E-10  2.04825085E-02 -8.81335326E-03
  0.00000000E+00  0.00000000E+00  0.00000000E+00  0.00000000E+00  0.00000000E+00
  0.00000000E+00  0.00000000E+00  0.00000000E+00  0.00000000E+00  0.00000000E+00
  0.00000000E+00 -6.01619143E-10  0.00000000E+00  0.00000000E+00  0.00000000E+00
  0.00000000E+00 -1.08343564E-12 -2.33610628E-16 -1.27747769E-12 -5.05653570E-13
 -6.90789136E-12 -1.11803427E-12  4.53511333E-13  2.73037565E-10  5.99433447E-10
  1.13260755E-11  2.04892345E-02 -9.63453110E-03  0.00000000E+00  0.00000000E+00
  0.00000000E+00  0.00000000E+00  0.00000000E+00  0.00000000E+00  0.00000000E+00
  0.00000000E+00  0.00000000E+00  0.00000000E+00  0.00000000E+00  0.00000000E+00
 -2.97351949E-10  0.00000000E+00  0.00000000E+00  0.00000000E+00  0.00000000E+00
 -4.30920409E-13  0.00000000E+00 -8.16965961E-13  7.61769608E-13 -2.13051582E-12
  9.78234204E-13  4.87974664E-14  9.46998799E-11  2.25930608E-10  3.86159073E-12
 -2.22728005E-07  1.44409500E-02 -9.63519793E-03  0.00000000E+00  0.00000000E+00
  0.00000000E+00  0.00000000E+00  0.00000000E+00  0.00000000E+00  0.00000000E+00
  0.00000000E+00  0.00000000E+00  0.00000000E+00  0.00000000E+00  0.00000000E+00
  0.00000000E+00 -1.82751425E-10  0.00000000E+00  0.00000000E+00  0.00000000E+00
  0.00000000E+00  0.00000000E+00  0.00000000E+00 -4.50924617E-13  1.55112349E-12
 -8.18736761E-14 -2.52540298E-14 -1.20862348E-15  0.00000000E+00  9.17651788E-11
  4.11138747E-23  1.20136235E-07 -7.05705534E-05  1.13209868E-02 -3.58224451E-03
  0.00000000E+00  0.00000000E+00  0.00000000E+00  0.00000000E+00  0.00000000E+00
  0.00000000E+00  0.00000000E+00  0.00000000E+00  0.00000000E+00  0.00000000E+00
  0.00000000E+00  0.00000000E+00  0.00000000E+00  0.00000000E+00 -7.76040412E-11
  0.00000000E+00  0.00000000E+00  0.00000000E+00  0.00000000E+00  0.00000000E+00
  0.00000000E+00 -6.24798810E-14 -9.70176833E-14 -1.94497366E-14  9.31519402E-13
  7.30265402E-25  0.00000000E+00  1.09910614E-11  4.69651180E-24 -2.02657823E-02
  2.92524025E-02 -1.48731968E-04  0.00000000E+00  0.00000000E+00  0.00000000E+00
  0.00000000E+00  0.00000000E+00  0.00000000E+00  0.00000000E+00  0.00000000E+00
  0.00000000E+00  0.00000000E+00  0.00000000E+00  0.00000000E+00  0.00000000E+00
  0.00000000E+00  0.00000000E+00 -2.65552706E-12  0.00000000E+00  0.00000000E+00
  0.00000000E+00  0.00000000E+00  0.00000000E+00  0.00000000E+00  0.00000000E+00
 -4.78409121E-15  0.00000000E+00  1.18602881E-13  3.14216428E-02 -1.79647319E-02
 -8.17696062E-08  0.00000000E+00  0.00000000E+00  0.00000000E+00  0.00000000E+00
  0.00000000E+00  0.00000000E+00  0.00000000E+00  0.00000000E+00  0.00000000E+00
  0.00000000E+00  0.00000000E+00  0.00000000E+00  0.00000000E+00  0.00000000E+00
  0.00000000E+00 -7.03126048E-14
->       8      12       1       2                                 <-   
SCAT-SAVED                                                                      
         1         1
->       8      12       2       8                                 <-   
LAMBDA-D                                                                        
  1.24666998E-02  2.82917004E-02  4.25244011E-02  1.33041993E-01  2.92467207E-01
  6.66487694E-01  1.63478100E+00  3.55460000E+00
->      -8       0       0       0                                 <-   
->       6      12       3       3                                 <-   
SIGNATURE                                                                       
         4         4         4
L_LIBRARY   
->       6      12       1      40                                 <-   
STATE-VECTOR                                                                    
         1         1        33         2         0         0         1         0
         0         0         0         0        12         1         0         0
         0         1         8         0         0         1         0         0
         0         0         0         0         0         0         0         0
         0         0         0         0         0         0         0         0
->       6      12       1       1                                 <-   
ISOTOPESMIX                                                                     
         1
->       6      12       3       3                                 <-   
ISOTOPESUSED                                                                    
         4         4         4
*MAC*RES    
->       6      12       3       3                                 <-   
ISOTOPERNAME                                                                    
         4         4         4
*MAC*RES    
->       6      12       2       1                                 <-   
ISOTOPESDENS                                                                    
  1.00000000E+00
->       6      12       1       1                                 <-   
ISOTOPESTYPE                                                                    
         1
->       6      12       1       1                                 <-   
ISOTOPESTODO                                                                    
         1
->       6      12       2       1                                 <-   
ISOTOPESVOL                                                                     
  2.34294758E+01
->       6      12       2       1                                 <-   
ISOTOPESTEMP                                                                    
  7.13160034E+02
->       6      12       2       1                                 <-   
MIXTURESVOL                                                                     
  2.34294758E+01
->       6      12       2       1                                 <-   
K-EFFECTIVE                                                                     
  1.00000000E+00
->       6      12       2       1                                 <-   
K-INFINITY                                                                      
  8.86981428E-01
->       6      12       2       1                                 <-   
B2  B1HOM                                                                       
 -2.85014324E-03
->       6      12       3      24                                 <-   
ADDXSNAME-P0                                                                    
         4         4         4         4         4         4         4         4
         4         4         4         4         4         4         4         4
         4         4         4         4         4         4         4         4
NFTOT   NG      N2N     N3N     N4N     NA      NP      N2A     NNP     ND      
NT      TRANC   
->       6      12       2      34                                 <-   
ENERGY                                                                          
  1.96403300E+07  1.00000000E+07  6.06530700E+06  3.67879400E+06  2.23130200E+06
  1.35335300E+06  8.20850000E+05  4.97870688E+05  3.01973812E+05  1.83156406E+05
  1.11090000E+05  6.73794688E+04  4.08677109E+04  2.47875195E+04  1.50343896E+04
  9.11882031E+03  5.53084424E+03  3.35462598E+03  2.03468396E+03  1.23409802E+03
  7.48518311E+02  4.53999298E+02  3.04324799E+02  1.48575897E+02  9.16608810E+01
  6.79040527E+01  4.01689987E+01  2.26032906E+01  1.37095900E+01  8.31528664E+00
  4.00000000E+00  5.40000975E-01  1.00000098E-01  1.10002802E-04
->       6      12       2      33                                 <-   
DELTAU                                                                          
  6.75000012E-01  4.99999970E-01  5.00000179E-01  4.99999672E-01  5.00000060E-01
  5.00000119E-01  5.00000060E-01  5.00000119E-01  4.99999821E-01  4.99999762E-01
  5.00000358E-01  5.00000060E-01  5.00000060E-01  5.00000060E-01  4.99999762E-01
  4.99999970E-01  5.00000179E-01  4.99999762E-01  5.00000119E-01  4.99999970E-01
  5.00000060E-01  4.00000095E-01  7.16999590E-01  4.83000249E-01  2.99999952E-01
  5.25000155E-01  5.75000048E-01  4.99999881E-01  4.99999970E-01  7.31801212E-01
  2.00247860E+00  1.68639970E+00  6.81242085E+00
->      -6       0       0       0                                 <-   
->       5       0       0      -1                                 <-   00000012
->       6      12      10       1                                 <-   
ISOTOPESLIST                                                                    
->       7       0       0      -1                                 <-   00000001
->       8      12       3       3                                 <-   
ALIAS                                                                           
         4         4         4
*MAC*RES0001
->       8      12       2       1                                 <-   
AWR                                                                             
  1.41462171E+00
->       8      12       2      33                                 <-   
NWT0                                                                            
  1.40412114E-04  2.23478023E-03  1.07497452E-02  3.15543674E-02  5.44113368E-02
  8.53154808E-02  1.61808342E-01  1.41666517E-01  1.64861694E-01  1.66034862E-01
  1.46037892E-01  1.24104992E-01  9.16242972E-02  8.40686858E-02  5.56161404E-02
  2.99240686E-02  2.41950788E-02  1.39932102E-02  7.31577957E-03  2.75036832E-03
  1.05188717E-03  2.60316563E-04  1.31329856E-04  1.13784172E-05  1.39863869E-06
  4.38247554E-07  4.12084518E-08  4.62584238E-09  7.79274756E-10  1.10007159E-09
  2.73535017E-09  3.16440374E-10  2.12119114E-10
->       8      12       2      33                                 <-   
NTOT0                                                                           
  8.69629681E-02  1.00900002E-01  1.06017038E-01  1.11570716E-01  1.09501854E-01
  1.04417093E-01  1.17714345E-01  1.57141849E-01  1.62597090E-01  1.66443050E-01
  2.00695172E-01  1.96243927E-01  2.90025145E-01  1.68999389E-01  2.22308621E-01
  3.92661273E-01  2.93099284E-01  2.99978495E-01  3.05353582E-01  3.46417695E-01
  3.67035955E-01  4.45899278E-01  4.46210980E-01  5.12437940E-01  5.64123213E-01
  6.20221138E-01  7.25186229E-01  8.64415646E-01  1.03692830E+00  1.40257823E+00
  1.89699280E+00  7.00119400E+00  1.00706539E+01
->       8      12       2      33                                 <-   
NG                                                                              
  1.45561698E-05  1.46980210E-05  2.45817919E-05  3.98616721E-05  4.37164817E-05
  5.57512285E-05  7.32986882E-05  9.97976676E-05  1.23879494E-04  1.38921474E-04
  2.31653452E-04  1.82265081E-04  2.94309662E-04  1.55569986E-04  1.92511347E-04
  4.00946970E-04  2.34892184E-04  1.96643901E-04  5.67950308E-04  7.54608586E-03
  4.33478999E-04  1.25152548E-03  6.47817098E-04  1.46495365E-03  9.87468055E-04
  2.07840186E-03  1.44882535E-03  1.85877329E-03  2.53427238E-03  3.61902057E-03
  5.23737073E-03  2.19121091E-02  3.19288746E-02
->       8      12       2      33                                 <-   
N2N                                                                             
  3.01078917E-03  1.17605872E-04  0.00000000E+00  0.00000000E+00  0.00000000E+00
  0.00000000E+00  0.00000000E+00  0.00000000E+00  0.00000000E+00  0.00000000E+00
  0.00000000E+00  0.00000000E+00  0.00000000E+00  0.00000000E+00  0.00000000E+00
  0.00000000E+00  0.00000000E+00  0.00000000E+00  0.00000000E+00  0.00000000E+00
  0.00000000E+00  0.00000000E+00  0.00000000E+00  0.00000000E+00  0.00000000E+00
  0.00000000E+00  0.00000000E+00  0.00000000E+00  0.00000000E+00  0.00000000E+00
  0.00000000E+00  0.00000000E+00  0.00000000E+00
->       8      12       2      33                                 <-   
N3N                                                                             
  3.84447912E-06  0.00000000E+00  0.00000000E+00  0.00000000E+00  0.00000000E+00
  0.00000000E+00  0.00000000E+00  0.00000000E+00  0.00000000E+00  0.00000000E+00
  0.00000000E+00  0.00000000E+00  0.00000000E+00  0.00000000E+00  0.00000000E+00
  0.00000000E+00  0.00000000E+00  0.00000000E+00  0.00000000E+00  0.00000000E+00
  0.00000000E+00  0.00000000E+00  0.00000000E+00  0.00000000E+00  0.00000000E+00
  0.00000000E+00  0.00000000E+00  0.00000000E+00  0.00000000E+00  0.00000000E+00
  0.00000000E+00  0.00000000E+00  0.00000000E+00
->       8      12       2      33                                 <-   
NA                                                                              
  1.17126899E-03  5.96744067E-04  9.91920359E-04  1.29815133E-03  1.60056376E-03
  9.67065338E-04  2.11225008E-03  3.65469954E-03  5.18525764E-03  7.00840540E-03
  8.67477152E-03  1.06879910E-02  1.36897704E-02  1.72408577E-02  2.21246779E-02
  2.89306026E-02  3.68611440E-02  4.72921021E-02  6.09767288E-02  7.84349963E-02
  1.00257032E-01  1.26046851E-01  1.60695434E-01  2.22822562E-01  2.75699824E-01
  3.28195423E-01  4.33685005E-01  5.71645319E-01  7.42998421E-01  1.10714233E+00
  1.59969604E+00  6.68456411E+00  9.74085140E+00
->       8      12       2      33                                 <-   
NP                                                                              
  2.22102599E-03  1.23758346E-03  4.56389622E-04  1.77383539E-04  4.86288700E-05
  6.08946812E-06  8.74809530E-07  1.97247317E-07  6.15343367E-08  1.98813890E-08
  9.11418319E-09  6.09069994E-09  6.14565510E-09  6.72481004E-09  7.39536832E-09
  8.18602075E-09  8.97081698E-09  9.85877868E-09  1.08564846E-08  1.21970665E-08
  1.52779851E-08  1.91408454E-08  2.43187230E-08  3.35876074E-08  4.14697645E-08
  4.92788246E-08  6.49353353E-08  8.53554241E-08  1.10650149E-07  1.64328512E-07
  2.36733513E-07  9.85631345E-07  1.43613568E-06
->       8      12       2      33                                 <-   
N2A                                                                             
  1.49783441E-12  0.00000000E+00  0.00000000E+00  0.00000000E+00  0.00000000E+00
  0.00000000E+00  0.00000000E+00  0.00000000E+00  0.00000000E+00  0.00000000E+00
  0.00000000E+00  0.00000000E+00  0.00000000E+00  0.00000000E+00  0.00000000E+00
  0.00000000E+00  0.00000000E+00  0.00000000E+00  0.00000000E+00  0.00000000E+00
  0.00000000E+00  0.00000000E+00  0.00000000E+00  0.00000000E+00  0.00000000E+00
  0.00000000E+00  0.00000000E+00  0.00000000E+00  0.00000000E+00  0.00000000E+00
  0.00000000E+00  0.00000000E+00  0.00000000E+00
->       8      12       2      33                                 <-   
NNP                                                                             
  2.81506887E-04  7.67197772E-09  0.00000000E+00  0.00000000E+00  0.00000000E+00
  0.00000000E+00  0.00000000E+00  0.00000000E+00  0.00000000E+00  0.00000000E+00
  0.00000000E+00  0.00000000E+00  0.00000000E+00  0.00000000E+00  0.00000000E+00
  0.00000000E+00  0.00000000E+00  0.00000000E+00  0.00000000E+00  0.00000000E+00
  0.00000000E+00  0.00000000E+00  0.00000000E+00  0.00000000E+00  0.00000000E+00
  0.00000000E+00  0.00000000E+00  0.00000000E+00  0.00000000E+00  0.00000000E+00
  0.00000000E+00  0.00000000E+00  0.00000000E+00
->       8      12       2      33                                 <-   
ND                                                                              
  1.75285531E-04  1.35360329E-04  9.14658540E-06  0.00000000E+00  0.00000000E+00
  0.00000000E+00  0.00000000E+00  0.00000000E+00  0.00000000E+00  0.00000000E+00
  0.00000000E+00  0.00000000E+00  0.00000000E+00  0.00000000E+00  0.00000000E+00
  0.00000000E+00  0.00000000E+00  0.00000000E+00  0.00000000E+00  0.00000000E+00
  0.00000000E+00  0.00000000E+00  0.00000000E+00  0.00000000E+00  0.00000000E+00
  0.00000000E+00  0.00000000E+00  0.00000000E+00  0.00000000E+00  0.00000000E+00
  0.00000000E+00  0.00000000E+00  0.00000000E+00
->       8      12       2      33                                 <-   
NT                                                                              
  3.83421393E-05  1.17513186E-18  0.00000000E+00  0.00000000E+00  0.00000000E+00
  0.00000000E+00  0.00000000E+00  0.00000000E+00  0.00000000E+00  0.00000000E+00
  0.00000000E+00  0.00000000E+00  0.00000000E+00  0.00000000E+00  0.00000000E+00
  0.00000000E+00  0.00000000E+00  0.00000000E+00  0.00000000E+00  0.00000000E+00
  0.00000000E+00  0.00000000E+00  0.00000000E+00  0.00000000E+00  0.00000000E+00
  0.00000000E+00  0.00000000E+00  0.00000000E+00  0.00000000E+00  0.00000000E+00
  0.00000000E+00  0.00000000E+00  0.00000000E+00
->       8      12       2      33                                 <-   
H-FACTOR                                                                        
  1.74850745E-17  1.80193273E-17  3.03972497E-17  4.94227049E-17  5.49579990E-17
  7.04325366E-17  9.16464635E-17  1.25611148E-16  1.57740537E-16  1.76515075E-16
  2.90058015E-16  2.33143384E-16  3.75799217E-16  2.04499747E-16  2.79993729E-16
  6.01553535E-16  3.43787512E-16  2.71646828E-16  7.67805297E-16  9.31485266E-15
  5.57393313E-16  1.76713964E-15  8.85617469E-16  1.75448115E-15  1.30093842E-15
  2.88127617E-15  1.89983307E-15  2.42575519E-15  3.26565252E-15  4.71976203E-15
  6.82997817E-15  2.85755171E-14  4.16389132E-14
->       8      12       2      33                                 <-   
OVERV                                                                           
  2.13721471E-10  2.70328843E-10  3.41337070E-10  4.36337577E-10  5.54207846E-10
  7.17636561E-10  9.11958897E-10  1.17382171E-09  1.49061830E-09  1.92726146E-09
  2.48167376E-09  3.15371840E-09  4.09558165E-09  5.17207033E-09  6.61970212E-09
  8.62059313E-09  1.09353611E-08  1.39722784E-08  1.79457054E-08  2.30107737E-08
  2.93435853E-08  3.68217670E-08  4.68645425E-08  6.48781580E-08  8.02298530E-08
  9.54600168E-08  1.26037733E-07  1.66021053E-07  2.15645386E-07  3.21198797E-07
  4.64017461E-07  1.93175492E-06  2.82299152E-06
->       8      12       2      33                                 <-   
STRD                                                                            
  7.97129422E-02  8.29409733E-02  9.52896550E-02  1.03006490E-01  1.15376405E-01
  1.35507852E-01  1.35372847E-01  1.90438285E-01  2.02029854E-01  2.13340655E-01
  2.61370450E-01  2.57054180E-01  2.95160323E-01  2.49029562E-01  3.19813460E-01
  4.76948231E-01  3.94695908E-01  3.99879932E-01  3.73507053E-01  4.14807588E-01
  4.12632018E-01  4.87262428E-01  4.75530952E-01  4.91951585E-01  5.42569816E-01
  5.64506173E-01  5.14587939E-01  6.34311020E-01  4.94632542E-01  4.27245110E-01
  4.49638724E-01  1.42795062E+00  1.36917675E+00
->       8      12       2      33                                 <-   
SIGS00                                                                          
  8.41520950E-02  9.83361974E-02  1.03852674E-01  1.09844409E-01  1.07668750E-01
  1.03385970E-01  1.15527757E-01  1.53386891E-01  1.57287717E-01  1.59295604E-01
  1.91788688E-01  1.85373619E-01  2.76040792E-01  1.51602834E-01  1.99991331E-01
  3.63329530E-01  2.56003231E-01  2.52489686E-01  2.43808791E-01  2.60436445E-01
  2.66345263E-01  3.18600565E-01  2.84867495E-01  2.88150102E-01  2.87435502E-01
  2.89946765E-01  2.90051401E-01  2.90910214E-01  2.91394025E-01  2.91814595E-01
  2.92056471E-01  2.94705212E-01  2.97854573E-01
->       8      12       1      33                                 <-   
NJJS00                                                                          
         1         2         3         4         5         6         7         8
         9        10        11        12        13        14        15        16
        17        18        19        20        21        22        23        24
        25        26        27        28        29        31        33        33
        33
->       8      12       1      33                                 <-   
IJJS00                                                                          
         1         2         3         4         5         6         7         8
         9        10        11        12        13        14        15        16
        17        18        19        20        21        22        23        24
        25        26        27        28        29        31        33        33
        33
->       8      12       2     565                                 <-   
SCAT00                                                                          
  4.02489044E-02  5.40155321E-02  1.18564097E-02  6.44635484E-02  1.54341953E-02
  7.09854113E-03  7.44411871E-02  1.93215683E-02  9.19688586E-03  7.63866166E-03
  7.35907853E-02  2.94511821E-02  7.05966726E-03  8.43832456E-03  7.05276616E-03
  7.89596960E-02  2.71949004E-02  2.64004897E-03  6.24609599E-03  5.66346943E-03
  4.83061979E-03  9.14625302E-02  1.97773706E-02  5.65847242E-03  1.39368069E-03
  3.68966931E-03  2.95353937E-03  2.75429408E-03  1.19509213E-01  2.39536054E-02
  1.57663925E-03  7.83729018E-04  9.58963996E-04  1.68856012E-03  1.42455776E-03
  1.39156135E-03  1.23148948E-01  3.38059366E-02  6.12676740E-05  1.56802975E-03
  2.16989924E-04  5.30269288E-04  8.01968970E-04  6.83160149E-04  6.82728423E-04
  1.23423159E-01  3.40962894E-02  3.30208568E-05  3.62838437E-05  7.99780886E-04
  1.21636287E-04  2.70176650E-04  3.30134586E-04  3.10565956E-04  3.14329314E-04
  1.54268891E-01  3.58613171E-02  2.95938644E-05  2.12091127E-05  6.74304829E-06
  3.66254215E-04  5.88414623E-05  9.75092262E-05  1.42950797E-04  1.27420411E-04
  1.45362515E-04  1.47996634E-01  3.75195034E-02  2.08450842E-06  1.24420694E-05
  8.18166609E-06  3.94303470E-06  1.62362601E-04  2.55038485E-05  3.71864335E-05
  6.22377556E-05  5.16804866E-05  6.87496504E-05  2.33762532E-01  3.73742729E-02
  1.52101478E-07  6.22307971E-06  3.10114757E-07  5.14065778E-06  1.68057090E-06
  4.82254436E-05  1.06972348E-05  1.45603090E-05  2.67316791E-05  2.14172287E-05
  3.36396370E-05  1.16620854E-01  4.19584289E-02  2.66893994E-06  5.53569919E-08
  1.70497071E-06  9.68999458E-08  2.46454238E-06  8.85229099E-07  2.81749381E-05
  4.29838428E-06  5.82603889E-06  1.12840089E-05  8.83753091E-06  1.69462928E-05
  1.64044261E-01  3.44624855E-02  3.19840765E-04  0.00000000E+00  3.25484244E-08
  6.72671604E-07  3.66018185E-08  9.76423848E-07  4.34017778E-07  6.00412677E-05
  1.71428212E-06  2.25435269E-06  4.74073886E-06  3.72494787E-06  8.93881497E-06
  3.17697585E-01  3.59454006E-02  2.76437670E-04  0.00000000E+00  0.00000000E+00
  1.41461483E-08  2.75561717E-07  1.38242804E-08  4.44683224E-07  1.95184839E-07
  2.88245883E-05  6.82023256E-07  9.01993417E-07  1.98410362E-06  1.59926276E-06
  4.75750949E-06  2.19753519E-01  4.56319191E-02  0.00000000E+00  1.47800980E-04
  0.00000000E+00  0.00000000E+00  5.42385381E-09  1.03688564E-07  5.16129273E-09
  1.67009915E-07  9.43153040E-08  6.62860566E-06  2.76740082E-07  3.65299314E-07
  8.42918155E-07  6.93260290E-07  2.53296957E-06  2.18104869E-01  3.62497084E-02
  0.00000000E+00  0.00000000E+00  6.07043621E-05  0.00000000E+00  0.00000000E+00
  2.02742845E-09  3.87289667E-08  1.91729121E-09  6.20707112E-08  4.73414055E-08
  2.78752282E-06  1.17830837E-07  1.49741922E-07  3.65018280E-07  3.07250673E-07
  1.23770315E-06  2.10420296E-01  3.43847983E-02  0.00000000E+00  0.00000000E+00
  0.00000000E+00  2.30043916E-05  0.00000000E+00  0.00000000E+00  2.59010896E-10
  1.49541179E-08  7.10335846E-10  2.31032828E-08  2.32600481E-08  9.82123652E-07
  5.19990735E-08  6.36820872E-08  1.65119076E-07  1.38117130E-07  5.87638624E-07
  2.27606282E-01  3.33885066E-02  0.00000000E+00  0.00000000E+00  0.00000000E+00
  0.00000000E+00  7.88689613E-06  0.00000000E+00  0.00000000E+00  0.00000000E+00
  7.15609483E-09  2.62935729E-10  8.63588934E-09  1.08101021E-08  1.22843716E-07
  2.30037305E-08  2.87774498E-08  7.58883942E-08  6.36873523E-08  2.78315099E-07
  2.36506552E-01  3.28301750E-02  0.00000000E+00  0.00000000E+00  0.00000000E+00
  0.00000000E+00  0.00000000E+00  2.98225655E-06  0.00000000E+00  0.00000000E+00
  0.00000000E+00  3.09345904E-09  9.73824285E-11  3.25448735E-09  4.71361838E-09
  3.72267444E-08  1.01975584E-08  1.36558862E-08  3.61237298E-08  3.13596757E-08
  1.31335497E-07  2.74439543E-01  2.98385359E-02  0.00000000E+00  0.00000000E+00
  0.00000000E+00  0.00000000E+00  0.00000000E+00  4.37773110E-07  6.88326509E-07
  0.00000000E+00  0.00000000E+00  0.00000000E+00  1.00587361E-09  3.14647614E-11
  1.08230247E-09  1.73715575E-09  1.28405402E-08  3.90217547E-09  5.70216363E-09
  1.52067319E-08  1.40882328E-08  5.21618304E-08  2.73180127E-01  4.41610105E-02
  1.90272374E-07  0.00000000E+00  0.00000000E+00  0.00000000E+00  0.00000000E+00
  0.00000000E+00  9.20407388E-07  1.52426676E-08  0.00000000E+00  0.00000000E+00
  0.00000000E+00  6.41555586E-10  1.98274036E-11  7.10422332E-10  1.23899024E-09
  8.96822261E-09  3.12087356E-09  4.84228346E-09  1.26927668E-08  1.26088286E-08
  4.00994189E-08  2.63241500E-01  1.16873262E-02  0.00000000E+00  0.00000000E+00
  0.00000000E+00  0.00000000E+00  0.00000000E+00  0.00000000E+00  0.00000000E+00
  1.85453160E-07  0.00000000E+00  0.00000000E+00  0.00000000E+00  0.00000000E+00
  1.31352970E-10  3.95503769E-12  1.54039601E-10  2.95699631E-10  2.14364104E-09
  7.71631092E-10  1.34577338E-09  3.81371956E-09  3.65993502E-09  9.94199034E-09
  2.32310668E-01  2.44768504E-02  0.00000000E+00  0.00000000E+00  0.00000000E+00
  0.00000000E+00  0.00000000E+00  0.00000000E+00  0.00000000E+00  0.00000000E+00
  5.18782706E-08  0.00000000E+00  0.00000000E+00  0.00000000E+00  0.00000000E+00
  3.75958084E-11  1.14650791E-12  4.76678037E-11  9.73013684E-11  6.86467716E-10
  2.72630085E-10  4.95553598E-10  1.43202339E-09  1.33954758E-09  3.20897953E-09
  2.73510396E-01  5.51247448E-02  4.31760825E-04  0.00000000E+00  0.00000000E+00
  0.00000000E+00  0.00000000E+00  0.00000000E+00  0.00000000E+00  0.00000000E+00
  0.00000000E+00  4.14435100E-08  0.00000000E+00  0.00000000E+00  0.00000000E+00
  0.00000000E+00  3.15084799E-11  9.27477387E-13  4.30576790E-11  9.28506508E-11
  6.54200305E-10  2.77073614E-10  5.26598987E-10  1.48675450E-09  1.42198187E-09
  2.98091374E-09  2.71716684E-01  1.64363254E-02  0.00000000E+00  0.00000000E+00
  0.00000000E+00  0.00000000E+00  0.00000000E+00  0.00000000E+00  0.00000000E+00
  0.00000000E+00  0.00000000E+00  0.00000000E+00  1.55579567E-08  0.00000000E+00
  0.00000000E+00  0.00000000E+00  0.00000000E+00  1.31255770E-11  3.64715311E-13
  1.99315217E-11  4.61729682E-11  2.98386260E-10  1.29006639E-10  3.05349607E-10
  8.30394753E-10  8.18116519E-10  1.42873224E-09  2.69165516E-01  1.83347855E-02
  0.00000000E+00  0.00000000E+00  0.00000000E+00  0.00000000E+00  0.00000000E+00
  0.00000000E+00  0.00000000E+00  0.00000000E+00  0.00000000E+00  0.00000000E+00
  0.00000000E+00  4.74190376E-09  0.00000000E+00  0.00000000E+00  0.00000000E+00
  0.00000000E+00  4.59383096E-12  1.19394742E-13  7.05269306E-12  1.88521247E-11
  1.17987953E-10  4.46428693E-11  1.30586750E-10  3.58056140E-10  3.52792517E-10
  5.03460384E-10  2.62616456E-01  2.17446629E-02  0.00000000E+00  0.00000000E+00
  0.00000000E+00  0.00000000E+00  0.00000000E+00  0.00000000E+00  0.00000000E+00
  0.00000000E+00  0.00000000E+00  0.00000000E+00  0.00000000E+00  0.00000000E+00
  1.81251458E-09  0.00000000E+00  0.00000000E+00  0.00000000E+00  0.00000000E+00
  1.91416674E-12  5.08283364E-14  3.06397659E-12  9.45353084E-12  1.64041818E-11
  2.19005387E-11  7.65194991E-11  2.12268578E-10  2.06571454E-10  2.66094424E-10
  7.95371016E-04  2.35528082E-01  2.87776180E-02  0.00000000E+00  0.00000000E+00
  0.00000000E+00  0.00000000E+00  0.00000000E+00  0.00000000E+00  0.00000000E+00
  0.00000000E+00  0.00000000E+00  0.00000000E+00  0.00000000E+00  0.00000000E+00
  0.00000000E+00  8.68451588E-10  0.00000000E+00  0.00000000E+00  0.00000000E+00
  0.00000000E+00  0.00000000E+00  2.86720585E-14  1.91093517E-12  6.47313236E-12
  1.02463535E-12  9.36001450E-12  6.06693168E-11  1.66357025E-10  1.61124919E-10
  1.72425713E-10 -1.82544881E-07  4.91267012E-04  2.90897340E-01  5.62865101E-02
  0.00000000E+00  0.00000000E+00  0.00000000E+00  0.00000000E+00  0.00000000E+00
  0.00000000E+00  0.00000000E+00  0.00000000E+00  0.00000000E+00  0.00000000E+00
  0.00000000E+00  0.00000000E+00  0.00000000E+00  0.00000000E+00  3.29000854E-10
  0.00000000E+00  0.00000000E+00  0.00000000E+00  0.00000000E+00  0.00000000E+00
  1.41306822E-14  3.17604504E-13  2.09658744E-12  3.28710393E-13  5.77936267E-12
  4.84834187E-11  1.33361641E-10  1.30089869E-10  1.35867706E-10  5.25980480E-02
  2.45835721E-01  3.63769534E-04  0.00000000E+00  0.00000000E+00  0.00000000E+00
  0.00000000E+00  0.00000000E+00  0.00000000E+00  0.00000000E+00  0.00000000E+00
  0.00000000E+00  0.00000000E+00  0.00000000E+00  0.00000000E+00  0.00000000E+00
  0.00000000E+00  0.00000000E+00  1.55959256E-11  0.00000000E+00  0.00000000E+00
  0.00000000E+00  0.00000000E+00  0.00000000E+00  1.02890956E-15  6.08506616E-16
  1.22851260E-13  3.69421816E-15  2.38011108E-13  5.72767701E-12  1.69417761E-11
  1.26241578E-11  1.57426780E-11  2.45256677E-01  4.83782627E-02  2.35506903E-08
  0.00000000E+00  0.00000000E+00  0.00000000E+00  0.00000000E+00  0.00000000E+00
  0.00000000E+00  0.00000000E+00  0.00000000E+00  0.00000000E+00  0.00000000E+00
  0.00000000E+00  0.00000000E+00  0.00000000E+00  0.00000000E+00  0.00000000E+00
  1.90996004E-12  0.00000000E+00  0.00000000E+00  0.00000000E+00  0.00000000E+00
  0.00000000E+00  1.59624007E-16  1.02275377E-16  1.15882959E-15  1.97801701E-16
  6.32402210E-15  8.12768201E-13  1.57743740E-12  7.26219920E-13  2.05196927E-12
->       8      12       2      33                                 <-   
SIGS01                                                                          
  3.66969630E-02  4.22132611E-02  3.93478684E-02  3.22858095E-02  2.05249153E-02
  1.77463982E-02  2.22191550E-02  1.90614183E-02  1.33413458E-02  9.49406065E-03
  9.30758379E-03  1.01047689E-02  1.20567428E-02  7.07310298E-03  7.23736733E-03
  9.42898635E-03  7.79729942E-03  7.74573907E-03  7.46906269E-03  7.46997772E-03
  7.53692351E-03  8.17603618E-03  7.76818581E-03  7.77095137E-03  7.79881468E-03
  7.81465508E-03  7.83187058E-03  7.84233771E-03  7.84854963E-03  7.85517879E-03
  7.93384667E-03  7.94649404E-03  7.86992814E-03
->       8      12       1      33                                 <-   
NJJS01                                                                          
         1         2         3         4         5         6         7         8
         9        10        11        12        13        14        15        16
        17        18        19        20        21        22        23        24
        25        26        27        28        29        31        33        29
        19
->       8      12       1      33                                 <-   
IJJS01                                                                          
         1         2         3         4         5         6         7         8
         9        10        11        12        13        14        15        16
        17        18        19        20        21        22        23        24
        25        26        27        28        29        31        33        33
        33
->       8      12       2     547                                 <-   
SCAT01                                                                          
  3.36521752E-02  4.22778204E-02  1.85063679E-03  4.16489616E-02 -4.32809262E-04
  7.49044353E-04  3.69867906E-02 -2.38566473E-03  1.95745743E-04  2.60415341E-04
  2.62364764E-02 -4.48454544E-03  5.19768982E-05  3.08252464E-04  5.35841609E-05
  2.21202597E-02 -5.74712688E-03 -2.02484036E-04 -6.51553637E-06 -4.93361840E-05
  1.16942567E-04  2.69367192E-02 -4.54214169E-03  1.79183698E-04 -1.63885670E-05
  3.70873713E-05 -4.63448923E-05  1.38693767E-05  2.84927599E-02 -4.71824687E-03
  1.21321777E-04 -1.46558988E-04  1.27464664E-05  1.56094011E-05 -2.72922280E-05
  1.47202934E-06  2.49199308E-02 -9.43091419E-03  1.26247539E-06  3.27339148E-05
  2.96722260E-06  5.01893373E-06 -5.49373226E-06  1.00558714E-06 -3.02515309E-06
  1.99613087E-02 -1.15779731E-02 -3.65035277E-07 -8.92049627E-07  8.48521358E-06
  5.64549339E-07 -7.50412391E-06 -4.24204791E-06 -6.61301419E-06 -3.97730037E-06
  1.93819404E-02 -1.04675712E-02 -8.94484060E-08 -1.85079514E-07  3.06350131E-07
  2.17868110E-05  2.18690346E-07 -5.26326585E-06 -9.67575374E-07 -4.11149858E-06
 -3.68973616E-08  2.12290064E-02 -1.00743603E-02  4.82808161E-07 -4.84865325E-07
  1.10759075E-07 -1.44039962E-08 -2.60609249E-05 -3.48428898E-07 -1.56357498E-06
 -8.70310942E-07 -1.63797790E-06  1.21508617E-06  2.00043973E-02 -1.11220665E-02
  1.53460689E-09 -9.75366703E-08 -3.38674795E-08  1.08644130E-07 -2.37854270E-08
  2.73489422E-06 -2.24012950E-07 -4.30002302E-07 -9.11079837E-07 -7.68600728E-07
  1.12323630E-06  1.83272809E-02 -7.94591289E-03 -2.17457955E-06 -6.22644547E-10
 -4.87910015E-08  7.35418410E-12 -5.67184486E-08  4.10785468E-08 -4.60546033E-07
 -9.72074901E-08 -3.00053586E-07 -5.34759806E-07 -3.05020762E-07  1.08088420E-06
  1.86198540E-02 -1.12520289E-02 -1.74112654E-06  0.00000000E+00  5.53411483E-10
 -6.72055656E-09  4.14787475E-11 -6.82740575E-09 -4.35040171E-10  1.65873498E-05
 -6.62565824E-08 -1.31672948E-07 -3.08631741E-07 -1.70865903E-07  8.64925994E-07
  2.32349094E-02 -1.13826524E-02  3.03219736E-07  0.00000000E+00  0.00000000E+00
 -2.21379790E-10 -6.67668099E-09 -5.32100926E-12 -1.45197090E-08  2.03770312E-09
 -8.44133410E-06 -4.49985151E-08 -6.96731135E-08 -1.43701996E-07 -9.20909429E-08
  6.61303943E-07  1.89644340E-02 -1.38059175E-02  0.00000000E+00 -6.75993590E-07
  0.00000000E+00  0.00000000E+00 -1.11084655E-10 -3.26510108E-09 -2.54898620E-12
 -8.60003535E-09  2.73025735E-09  4.67124664E-07 -1.44611318E-08 -3.56646872E-08
 -6.87370729E-08 -4.01050073E-08  5.14668102E-07  1.86831784E-02 -1.11671342E-02
  0.00000000E+00  0.00000000E+00 -7.51555433E-07  0.00000000E+00  0.00000000E+00
 -7.28947874E-11 -1.57412683E-09 -1.21274106E-12 -4.07897982E-09  2.57089616E-09
 -3.08235883E-07 -5.04820186E-09 -1.71670980E-08 -3.19873585E-08 -1.84747488E-08
  2.37349596E-07  1.81533825E-02 -1.09374411E-02  0.00000000E+00  0.00000000E+00
  0.00000000E+00 -5.90987838E-07  0.00000000E+00  0.00000000E+00 -1.19591462E-10
 -3.42063711E-10 -5.74093128E-13 -1.92545868E-09  8.26025193E-10 -5.12495603E-07
 -2.02227213E-09 -6.77362877E-09 -1.19070300E-08 -7.60856267E-09  9.50710586E-08
  1.83749553E-02 -1.06843198E-02  0.00000000E+00  0.00000000E+00  0.00000000E+00
  0.00000000E+00 -1.69395065E-07  0.00000000E+00  0.00000000E+00  0.00000000E+00
  1.02717078E-10 -2.70554060E-13 -9.04001152E-10 -2.92134900E-10 -3.61112420E-08
 -1.33291367E-09 -2.64700684E-09 -5.39917444E-09 -3.14729798E-09  3.70575393E-08
  1.76247079E-02 -1.09049780E-02  0.00000000E+00  0.00000000E+00  0.00000000E+00
  0.00000000E+00  0.00000000E+00 -8.31907769E-08  0.00000000E+00  0.00000000E+00
  0.00000000E+00 -2.61687699E-10 -1.26804071E-13 -4.21110397E-10 -5.88921245E-10
 -6.19669560E-09 -7.37294337E-10 -1.10455423E-09 -2.28677211E-09 -7.38647254E-10
  1.42958223E-08  2.34591216E-02 -1.00875972E-02  0.00000000E+00  0.00000000E+00
  0.00000000E+00  0.00000000E+00  0.00000000E+00  2.12063966E-07 -1.71852989E-07
  0.00000000E+00  0.00000000E+00  0.00000000E+00 -1.05130807E-10 -5.04780781E-14
 -1.63815808E-10 -3.38558043E-10 -2.45307508E-09 -3.05200643E-10 -4.01881445E-10
 -5.51175661E-10  5.61089564E-10  4.62615279E-09  1.19458837E-02 -1.52830854E-02
 -1.88912438E-07  0.00000000E+00  0.00000000E+00  0.00000000E+00  0.00000000E+00
  0.00000000E+00 -2.27385399E-08 -1.31837288E-08  0.00000000E+00  0.00000000E+00
  0.00000000E+00 -8.20534612E-11 -3.77662345E-14 -1.29088559E-10 -2.75451578E-10
 -1.76859194E-09 -1.46365670E-10 -2.63057853E-10 -2.68690098E-10  8.52678594E-10
  3.07526826E-09  1.69643518E-02 -4.17769561E-03  0.00000000E+00  0.00000000E+00
  0.00000000E+00  0.00000000E+00  0.00000000E+00  0.00000000E+00  0.00000000E+00
 -1.15887664E-08  0.00000000E+00  0.00000000E+00  0.00000000E+00  0.00000000E+00
 -2.09710339E-11 -1.10949263E-14 -3.21766606E-11 -6.38733025E-11 -3.69122760E-10
 -9.28173163E-11 -4.77072618E-11 -6.16407880E-12  1.62559716E-10  7.01339875E-10
  2.70110648E-02 -8.81835632E-03  0.00000000E+00  0.00000000E+00  0.00000000E+00
  0.00000000E+00  0.00000000E+00  0.00000000E+00  0.00000000E+00  0.00000000E+00
 -3.95025834E-09  0.00000000E+00  0.00000000E+00  0.00000000E+00  0.00000000E+00
 -7.68697866E-12 -3.68486183E-15 -9.93549687E-12 -1.91927741E-11 -1.16835180E-10
 -2.48162237E-11 -8.28587025E-12  1.42895721E-11  4.59675076E-11  1.87143676E-10
  1.42145604E-02 -1.92122534E-02 -3.75045347E-04  0.00000000E+00  0.00000000E+00
  0.00000000E+00  0.00000000E+00  0.00000000E+00  0.00000000E+00  0.00000000E+00
  0.00000000E+00 -3.77898468E-09  0.00000000E+00  0.00000000E+00  0.00000000E+00
  0.00000000E+00 -7.30691289E-12 -3.37632436E-15 -8.31750294E-12 -1.56254558E-11
 -8.23662805E-11 -1.33241508E-11 -1.42809931E-11  6.79045578E-12  4.31651659E-11
  1.48812296E-10  1.41739240E-02 -6.39990345E-03  0.00000000E+00  0.00000000E+00
  0.00000000E+00  0.00000000E+00  0.00000000E+00  0.00000000E+00  0.00000000E+00
  0.00000000E+00  0.00000000E+00  0.00000000E+00 -1.80613213E-09  0.00000000E+00
  0.00000000E+00  0.00000000E+00  0.00000000E+00 -3.31349856E-12 -1.49959899E-15
 -2.94740122E-12 -5.09624244E-12 -3.90280412E-11 -7.97336763E-12 -6.95910473E-12
 -7.23929553E-12  1.86525968E-11  5.50927012E-11  1.59302428E-02 -6.34205341E-03
  0.00000000E+00  0.00000000E+00  0.00000000E+00  0.00000000E+00  0.00000000E+00
  0.00000000E+00  0.00000000E+00  0.00000000E+00  0.00000000E+00  0.00000000E+00
  0.00000000E+00 -6.51225962E-10  0.00000000E+00  0.00000000E+00  0.00000000E+00
  0.00000000E+00 -1.17197018E-12 -2.33245557E-16 -1.28645434E-12 -5.29207754E-13
 -7.53704824E-12 -1.02598225E-12  3.49215936E-13  2.96291572E-12  4.81839004E-12
  1.11621398E-11  1.73256882E-02 -8.08790140E-03  0.00000000E+00  0.00000000E+00
  0.00000000E+00  0.00000000E+00  0.00000000E+00  0.00000000E+00  0.00000000E+00
  0.00000000E+00  0.00000000E+00  0.00000000E+00  0.00000000E+00  0.00000000E+00
 -3.21870253E-10  0.00000000E+00  0.00000000E+00  0.00000000E+00  0.00000000E+00
 -4.66133751E-13  0.00000000E+00 -8.22706703E-13  7.63967340E-13 -2.32934939E-12
  9.33479531E-13  3.67729325E-14  1.05628473E-12  2.40259592E-12  3.79799360E-12
  1.55546688E-04  2.36195251E-02 -9.47713573E-03  0.00000000E+00  0.00000000E+00
  0.00000000E+00  0.00000000E+00  0.00000000E+00  0.00000000E+00  0.00000000E+00
  0.00000000E+00  0.00000000E+00  0.00000000E+00  0.00000000E+00  0.00000000E+00
  0.00000000E+00 -1.97820302E-10  0.00000000E+00  0.00000000E+00  0.00000000E+00
  0.00000000E+00  0.00000000E+00  0.00000000E+00 -4.54093225E-13  1.56108221E-12
 -8.94702877E-14 -8.49892530E-15 -1.90880251E-15  0.00000000E+00  7.42162408E-13
  4.04287112E-23  1.24775525E-07 -2.17163088E-05  7.87845906E-03 -1.57643463E-02
  0.00000000E+00  0.00000000E+00  0.00000000E+00  0.00000000E+00  0.00000000E+00
  0.00000000E+00  0.00000000E+00  0.00000000E+00  0.00000000E+00  0.00000000E+00
  0.00000000E+00  0.00000000E+00  0.00000000E+00  0.00000000E+00 -8.40029296E-11
  0.00000000E+00  0.00000000E+00  0.00000000E+00  0.00000000E+00  0.00000000E+00
  0.00000000E+00 -6.29189219E-14 -9.76405643E-14 -2.12624345E-14  8.97807057E-13
  1.68319705E-24  0.00000000E+00  4.60330667E-13  4.61824457E-24 -6.79296860E-03
  1.46889789E-02 -1.00137557E-04  0.00000000E+00  0.00000000E+00  0.00000000E+00
  0.00000000E+00  0.00000000E+00  0.00000000E+00  0.00000000E+00  0.00000000E+00
  0.00000000E+00  0.00000000E+00  0.00000000E+00  0.00000000E+00  0.00000000E+00
  0.00000000E+00  0.00000000E+00 -2.87448993E-12  0.00000000E+00  0.00000000E+00
  0.00000000E+00  0.00000000E+00  0.00000000E+00  0.00000000E+00  0.00000000E+00
 -4.81480675E-15  0.00000000E+00  1.11501520E-13  1.46627696E-02 -6.72076549E-03
 -2.06587565E-08  0.00000000E+00  0.00000000E+00  0.00000000E+00  0.00000000E+00
  0.00000000E+00  0.00000000E+00  0.00000000E+00  0.00000000E+00  0.00000000E+00
  0.00000000E+00  0.00000000E+00  0.00000000E+00  0.00000000E+00  0.00000000E+00
  0.00000000E+00 -7.61102742E-14
->       8      12       1       2                                 <-   
SCAT-SAVED                                                                      
         1         1
->       8      12       2       8                                 <-   
LAMBDA-D                                                                        
  1.24666998E-02  2.82917004E-02  4.25244011E-02  1.33041993E-01  2.92467207E-01
  6.66487694E-01  1.63478100E+00  3.55460000E+00
->      -8       0       0       0                                 <-   
->       6      12       3       3                                 <-   
SIGNATURE                                                                       
         4         4         4
L_LIBRARY   
->       6      12       1      40                                 <-   
STATE-VECTOR                                                                    
         1         1        33         2         0         0         1         0
         0         0         0         0        12         1         0         0
         0         1         8         0         0         1         0         0
         0         0         0         0         0         0         0         0
         0         0         0         0         0         0         0         0
->       6      12       1       1                                 <-   
ISOTOPESMIX                                                                     
         1
->       6      12       3       3                                 <-   
ISOTOPESUSED                                                                    
         4         4         4
*MAC*RES    
->       6      12       3       3                                 <-   
ISOTOPERNAME                                                                    
         4         4         4
*MAC*RES    
->       6      12       2       1                                 <-   
ISOTOPESDENS                                                                    
  1.00000000E+00
->       6      12       1       1                                 <-   
ISOTOPESTYPE                                                                    
         1
->       6      12       1       1                                 <-   
ISOTOPESTODO                                                                    
         1
->       6      12       2       1                                 <-   
ISOTOPESVOL                                                                     
  2.34294758E+01
->       6      12       2       1                                 <-   
ISOTOPESTEMP                                                                    
  7.13160034E+02
->       6      12       2       1                                 <-   
MIXTURESVOL                                                                     
  2.34294758E+01
->       6      12       2       1                                 <-   
K-EFFECTIVE                                                                     
  1.00000024E+00
->       6      12       2       1                                 <-   
K-INFINITY                                                                      
  1.01048779E+00
->       6      12       2       1                                 <-   
B2  B1HOM                                                                       
  3.50533592E-05
->       6      12       3      24                                 <-   
ADDXSNAME-P0                                                                    
         4         4         4         4         4         4         4         4
         4         4         4         4         4         4         4         4
         4         4         4         4         4         4         4         4
NFTOT   NG      N2N     N3N     N4N     NA      NP      N2A     NNP     ND      
NT      TRANC   
->       6      12       2      34                                 <-   
ENERGY                                                                          
  1.96403300E+07  1.00000000E+07  6.06530700E+06  3.67879400E+06  2.23130200E+06
  1.35335300E+06  8.20850000E+05  4.97870688E+05  3.01973812E+05  1.83156406E+05
  1.11090000E+05  6.73794688E+04  4.08677109E+04  2.47875195E+04  1.50343896E+04
  9.11882031E+03  5.53084424E+03  3.35462598E+03  2.03468396E+03  1.23409802E+03
  7.48518311E+02  4.53999298E+02  3.04324799E+02  1.48575897E+02  9.16608810E+01
  6.79040527E+01  4.01689987E+01  2.26032906E+01  1.37095900E+01  8.31528664E+00
  4.00000000E+00  5.40000975E-01  1.00000098E-01  1.10002802E-04
->       6      12       2      33                                 <-   
DELTAU                                                                          
  6.75000012E-01  4.99999970E-01  5.00000179E-01  4.99999672E-01  5.00000060E-01
  5.00000119E-01  5.00000060E-01  5.00000119E-01  4.99999821E-01  4.99999762E-01
  5.00000358E-01  5.00000060E-01  5.00000060E-01  5.00000060E-01  4.99999762E-01
  4.99999970E-01  5.00000179E-01  4.99999762E-01  5.00000119E-01  4.99999970E-01
  5.00000060E-01  4.00000095E-01  7.16999590E-01  4.83000249E-01  2.99999952E-01
  5.25000155E-01  5.75000048E-01  4.99999881E-01  4.99999970E-01  7.31801212E-01
  2.00247860E+00  1.68639970E+00  6.81242085E+00
->      -6       0       0       0                                 <-   
->       5       0       0      -1                                 <-   00000013
->       6      12      10       1                                 <-   
ISOTOPESLIST                                                                    
->       7       0       0      -1                                 <-   00000001
->       8      12       3       3                                 <-   
ALIAS                                                                           
         4         4         4
*MAC*RES0001
->       8      12       2       1                                 <-   
AWR                                                                             
  2.07911205E+01
->       8      12       2      33                                 <-   
NWT0                                                                            
  5.75291460E-06  8.33389422E-05  4.70007333E-04  4.84842481E-03  2.01582536E-02
  4.20039110E-02  1.13490678E-01  1.07798450E-01  1.14040539E-01  1.11426011E-01
  1.09053567E-01  9.77536440E-02  7.22858980E-02  1.22170493E-01  7.36454353E-02
  4.06108126E-02  5.70025258E-02  5.57638630E-02  5.61060496E-02  3.54437381E-02
  3.08768321E-02  1.56676192E-02  2.94031259E-02  1.50708798E-02  7.59714749E-03
  1.04669314E-02  8.01782403E-03  5.02285175E-03  3.53280664E-03  3.26059246E-03
  2.76612514E-03  1.37699855E-04  3.57583485E-06
->       8      12       2      33                                 <-   
NTOT0                                                                           
  6.15039468E-01  7.11293519E-01  8.77558589E-01  8.48950744E-01  6.71104372E-01
  6.18507266E-01  6.26746237E-01  7.68916726E-01  9.06955779E-01  1.05668378E+00
  1.48846149E+00  1.18713605E+00  1.42401516E+00  1.07214093E+00  1.28326404E+00
  1.89821088E+00  1.59461129E+00  1.57267618E+00  1.45633495E+00  1.52191865E+00
  1.51009703E+00  1.81449151E+00  1.56594539E+00  1.56216121E+00  1.56728816E+00
  1.57473910E+00  1.57711327E+00  1.58094990E+00  1.58413446E+00  1.58797812E+00
  1.59718299E+00  1.62663209E+00  1.69537842E+00
->       8      12       2      33                                 <-   
NG                                                                              
  1.89608749E-04  1.11014604E-04  1.26069091E-04  2.02158248E-04  1.79493931E-04
  2.30961567E-04  4.13036207E-04  3.81160877E-04  4.02047299E-04  6.00633211E-04
  9.24793596E-04  5.69826516E-04  9.13238619E-04  4.76865767E-04  5.32987411E-04
  1.44834421E-03  8.61195906E-04  5.71688346E-04  2.58311327E-03  1.97112169E-02
  9.92488349E-04  5.27848629E-03  2.21738592E-03  2.72868876E-03  3.08734854E-03
  4.93857404E-03  4.94991802E-03  6.50488771E-03  8.41912255E-03  1.13602104E-02
  1.97073445E-02  4.75521535E-02  1.09522402E-01
->       8      12       2      33                                 <-   
N2N                                                                             
  1.54021546E-01  1.08383102E-02  0.00000000E+00  0.00000000E+00  0.00000000E+00
  0.00000000E+00  0.00000000E+00  0.00000000E+00  0.00000000E+00  0.00000000E+00
  0.00000000E+00  0.00000000E+00  0.00000000E+00  0.00000000E+00  0.00000000E+00
  0.00000000E+00  0.00000000E+00  0.00000000E+00  0.00000000E+00  0.00000000E+00
  0.00000000E+00  0.00000000E+00  0.00000000E+00  0.00000000E+00  0.00000000E+00
  0.00000000E+00  0.00000000E+00  0.00000000E+00  0.00000000E+00  0.00000000E+00
  0.00000000E+00  0.00000000E+00  0.00000000E+00
->       8      12       2      33                                 <-   
N3N                                                                             
  3.77653720E-04  0.00000000E+00  0.00000000E+00  0.00000000E+00  0.00000000E+00
  0.00000000E+00  0.00000000E+00  0.00000000E+00  0.00000000E+00  0.00000000E+00
  0.00000000E+00  0.00000000E+00  0.00000000E+00  0.00000000E+00  0.00000000E+00
  0.00000000E+00  0.00000000E+00  0.00000000E+00  0.00000000E+00  0.00000000E+00
  0.00000000E+00  0.00000000E+00  0.00000000E+00  0.00000000E+00  0.00000000E+00
  0.00000000E+00  0.00000000E+00  0.00000000E+00  0.00000000E+00  0.00000000E+00
  0.00000000E+00  0.00000000E+00  0.00000000E+00
->       8      12       2      33                                 <-   
NA                                                                              
  2.05093250E-03  6.52704854E-04  4.26973529E-05  1.03686671E-05  2.75780849E-06
  4.71730345E-07  4.70154191E-07  4.69942307E-07  4.69943700E-07  4.69975731E-07
  4.70010320E-07  4.70027629E-07  4.70055397E-07  4.70149388E-07  4.70317644E-07
  4.70505626E-07  4.70694062E-07  4.70986180E-07  4.71562430E-07  4.71914632E-07
  4.71173223E-07  4.70774182E-07  4.74889191E-07  4.79932112E-07  4.81986831E-07
  4.84644374E-07  4.89293541E-07  4.95229699E-07  5.02416981E-07  5.13919474E-07
  5.46281001E-07  6.54790938E-07  9.00118607E-07
->       8      12       2      33                                 <-   
NP                                                                              
  6.93304278E-03  3.77699779E-03  1.08737790E-03  2.53659731E-04  2.52316131E-05
  1.12541295E-06  6.83356038E-09  2.22811648E-11  2.46790215E-19  6.38382195E-20
  1.41038384E-21  0.00000000E+00  0.00000000E+00  0.00000000E+00  0.00000000E+00
  0.00000000E+00  0.00000000E+00  0.00000000E+00  0.00000000E+00  0.00000000E+00
  0.00000000E+00  0.00000000E+00  0.00000000E+00  0.00000000E+00  0.00000000E+00
  0.00000000E+00  0.00000000E+00  0.00000000E+00  0.00000000E+00  0.00000000E+00
  0.00000000E+00  0.00000000E+00  0.00000000E+00
->       8      12       2      33                                 <-   
N2A                                                                             
  4.64500357E-12  0.00000000E+00  0.00000000E+00  0.00000000E+00  0.00000000E+00
  0.00000000E+00  0.00000000E+00  0.00000000E+00  0.00000000E+00  0.00000000E+00
  0.00000000E+00  0.00000000E+00  0.00000000E+00  0.00000000E+00  0.00000000E+00
  0.00000000E+00  0.00000000E+00  0.00000000E+00  0.00000000E+00  0.00000000E+00
  0.00000000E+00  0.00000000E+00  0.00000000E+00  0.00000000E+00  0.00000000E+00
  0.00000000E+00  0.00000000E+00  0.00000000E+00  0.00000000E+00  0.00000000E+00
  0.00000000E+00  0.00000000E+00  0.00000000E+00
->       8      12       2      33                                 <-   
NNP                                                                             
  9.09357041E-04  8.23832291E-09  0.00000000E+00  0.00000000E+00  0.00000000E+00
  0.00000000E+00  0.00000000E+00  0.00000000E+00  0.00000000E+00  0.00000000E+00
  0.00000000E+00  0.00000000E+00  0.00000000E+00  0.00000000E+00  0.00000000E+00
  0.00000000E+00  0.00000000E+00  0.00000000E+00  0.00000000E+00  0.00000000E+00
  0.00000000E+00  0.00000000E+00  0.00000000E+00  0.00000000E+00  0.00000000E+00
  0.00000000E+00  0.00000000E+00  0.00000000E+00  0.00000000E+00  0.00000000E+00
  0.00000000E+00  0.00000000E+00  0.00000000E+00
->       8      12       2      33                                 <-   
ND                                                                              
  1.02660299E-04  2.28043518E-07  4.11546310E-17  0.00000000E+00  0.00000000E+00
  0.00000000E+00  0.00000000E+00  0.00000000E+00  0.00000000E+00  0.00000000E+00
  0.00000000E+00  0.00000000E+00  0.00000000E+00  0.00000000E+00  0.00000000E+00
  0.00000000E+00  0.00000000E+00  0.00000000E+00  0.00000000E+00  0.00000000E+00
  0.00000000E+00  0.00000000E+00  0.00000000E+00  0.00000000E+00  0.00000000E+00
  0.00000000E+00  0.00000000E+00  0.00000000E+00  0.00000000E+00  0.00000000E+00
  0.00000000E+00  0.00000000E+00  0.00000000E+00
->       8      12       2      33                                 <-   
NT                                                                              
  1.62427682E-06  1.19034917E-16  0.00000000E+00  0.00000000E+00  0.00000000E+00
  0.00000000E+00  0.00000000E+00  0.00000000E+00  0.00000000E+00  0.00000000E+00
  0.00000000E+00  0.00000000E+00  0.00000000E+00  0.00000000E+00  0.00000000E+00
  0.00000000E+00  0.00000000E+00  0.00000000E+00  0.00000000E+00  0.00000000E+00
  0.00000000E+00  0.00000000E+00  0.00000000E+00  0.00000000E+00  0.00000000E+00
  0.00000000E+00  0.00000000E+00  0.00000000E+00  0.00000000E+00  0.00000000E+00
  0.00000000E+00  0.00000000E+00  0.00000000E+00
->       8      12       2      33                                 <-   
H-FACTOR                                                                        
  1.52725665E-16  1.02106851E-16  1.32198748E-16  2.10220541E-16  2.03807814E-16
  2.56232761E-16  4.10150955E-16  4.41418727E-16  5.08076408E-16  6.75320734E-16
  1.05599703E-15  7.20586545E-16  1.16746128E-15  6.20820040E-16  7.86650351E-16
  2.20833771E-15  1.29804464E-15  8.26769696E-16  3.44256340E-15  2.44317065E-14
  1.31181221E-15  7.91176884E-15  3.03582199E-15  3.52817895E-15  4.05474714E-15
  6.65850906E-15  6.47560161E-15  8.50216859E-15  1.09862316E-14  1.48415588E-14
  2.57434065E-14  6.21132784E-14  1.43058444E-13
->       8      12       2      33                                 <-   
OVERV                                                                           
  2.13656870E-10  2.69816613E-10  3.45482809E-10  4.47235693E-10  5.59723989E-10
  7.12236381E-10  9.23853494E-10  1.16919874E-09  1.48193524E-09  1.94049155E-09
  2.50776422E-09  3.16143423E-09  4.07102485E-09  5.15815213E-09  6.62403377E-09
  8.69408368E-09  1.10558807E-08  1.40951624E-08  1.81581772E-08  2.33637074E-08
  2.98898257E-08  3.70254156E-08  4.94716375E-08  6.67629365E-08  8.13095937E-08
  9.95938478E-08  1.31021977E-07  1.71553054E-07  2.20165802E-07  2.97750347E-07
  5.15392344E-07  1.24198016E-06  2.86226964E-06
->       8      12       2      33                                 <-   
STRD                                                                            
  4.49990392E-01  4.74109709E-01  5.68889618E-01  7.28330791E-01  6.96310103E-01
  6.95215881E-01  6.95016146E-01  8.42979729E-01  1.11128783E+00  1.35090470E+00
  1.84767270E+00  1.54184186E+00  1.60683525E+00  1.54403365E+00  1.71790969E+00
  1.98232126E+00  1.84115171E+00  1.83338630E+00  1.75441074E+00  1.81471312E+00
  1.77399349E+00  1.90750265E+00  1.74526548E+00  1.69991326E+00  1.65245652E+00
  1.63474202E+00  1.61371243E+00  1.61457109E+00  1.59485829E+00  1.60113406E+00
  1.63148677E+00  1.63858664E+00  1.79189360E+00
->       8      12       2      33                                 <-   
SIGS00                                                                          
  7.59499311E-01  7.17556715E-01  8.76268566E-01  8.48465085E-01  6.70892179E-01
  6.18275404E-01  6.26332402E-01  7.68534720E-01  9.06553090E-01  1.05608261E+00
  1.48753560E+00  1.18656564E+00  1.42310047E+00  1.07166350E+00  1.28273082E+00
  1.89676178E+00  1.59374917E+00  1.57210445E+00  1.45375216E+00  1.50220704E+00
  1.50910342E+00  1.80921245E+00  1.56372809E+00  1.55943239E+00  1.56420064E+00
  1.56980062E+00  1.57216334E+00  1.57444537E+00  1.57571447E+00  1.57661736E+00
  1.57747531E+00  1.57908034E+00  1.58585501E+00
->       8      12       1      33                                 <-   
NJJS00                                                                          
         1         2         3         4         5         6         7         8
         9        10        11        12        13        14        15        16
        17        18        19        20        21        22        23        24
        25        26        27        28        29        31        33        33
        33
->       8      12       1      33                                 <-   
IJJS00                                                                          
         1         2         3         4         5         6         7         8
         9        10        11        12        13        14        15        16
        17        18        19        20        21        22        23        24
        25        26        27        28        29        31        33        33
        33
->       8      12       2     565                                 <-   
SCAT00                                                                          
  3.03574622E-01  3.99055392E-01  3.11336182E-02  6.26361907E-01  3.29791121E-02
  4.55836914E-02  7.47314394E-01  4.56119515E-02  6.91975281E-02  8.32478181E-02
  6.08396828E-01  6.63930699E-02  5.18532619E-02  8.81814510E-02  1.05935991E-01
  5.79012215E-01  3.76854800E-02  1.30515127E-02  6.58686534E-02  5.90558723E-02
  8.34226534E-02  6.04501069E-01  2.36136224E-02  1.94988567E-02  8.45459849E-03
  4.21443917E-02  3.50007974E-02  5.27268462E-02  7.39817142E-01  2.14702263E-02
  5.66167990E-03  3.30962194E-03  6.13947120E-03  2.33852044E-02  1.82424784E-02
  2.82058679E-02  8.73751938E-01  2.84858029E-02  1.83474316E-04  5.31100808E-03
  9.78431664E-04  3.63979302E-03  1.20253935E-02  8.73202085E-03  1.35661690E-02
  1.01872516E+00  3.26602943E-02  1.05015773E-04  1.40187316E-04  2.65679159E-03
  5.52297919E-04  2.14390014E-03  5.01702586E-03  3.92040331E-03  6.28933217E-03
  1.44856346E+00  3.73189300E-02  1.03967424E-04  6.78096330E-05  1.86790294E-05
  1.09256152E-03  2.65442039E-04  8.19465960E-04  2.26386427E-03  1.74398802E-03
  2.99319462E-03  1.14245892E+00  3.89723778E-02  8.87823444E-06  3.67259599E-05
  2.97670813E-05  9.70500878E-06  4.46338410E-04  1.18229371E-04  3.11548793E-04
  1.00438832E-03  7.64277938E-04  1.43016235E-03  1.36043572E+00  4.40976024E-02
  5.81478119E-08  2.09540249E-05  2.34778497E-07  1.64386001E-05  3.92515767E-06
  1.34725313E-04  5.10283062E-05  1.21157056E-04  4.28197265E-04  3.58063611E-04
  7.07876170E-04  1.04203594E+00  6.17367923E-02  9.05421621E-06  2.02568593E-08
  5.05763091E-06  4.08307130E-08  7.64052311E-06  2.34894742E-06  7.76069646E-05
  2.11169281E-05  4.73446926E-05  1.79113282E-04  1.70084953E-04  3.53833748E-04
  1.23549128E+00  2.79663410E-02  9.28072201E-04  0.00000000E+00  1.62132974E-08
  2.11920951E-06  1.50467354E-08  2.96384451E-06  1.33946980E-06  1.62370896E-04
  8.74358193E-06  1.78029277E-05  7.33096313E-05  8.05039381E-05  1.84426652E-04
  1.80413902E+00  4.72344682E-02  9.04013228E-04  0.00000000E+00  0.00000000E+00
  7.44852091E-09  9.73146371E-07  5.68662806E-09  1.25488134E-06  6.52899473E-07
  7.79064285E-05  3.59523847E-06  6.76303353E-06  3.06667898E-05  3.96821124E-05
  8.46548501E-05  1.52956402E+00  9.26227793E-02  0.00000000E+00  4.81531140E-04
  0.00000000E+00  0.00000000E+00  2.85587953E-09  3.66307916E-07  2.12309037E-09
  4.69857980E-07  3.39160863E-07  1.79342951E-05  1.45781212E-06  2.59691114E-06
  1.23698410E-05  1.89068196E-05  3.46828856E-05  1.51106489E+00  6.41850606E-02
  0.00000000E+00  0.00000000E+00  1.73572713E-04  0.00000000E+00  0.00000000E+00
  1.06752329E-09  1.36850986E-07  7.88675458E-10  1.74631182E-07  1.84443991E-07
  7.53973291E-06  5.97898747E-07  1.00703073E-06  5.03438105E-06  8.63475725E-06
  1.40551410E-05  1.40230143E+00  6.10391684E-02  0.00000000E+00  0.00000000E+00
  0.00000000E+00  6.68322464E-05  0.00000000E+00  0.00000000E+00  1.36379755E-10
  5.32194484E-08  2.92197710E-10  6.50018777E-08  9.53298667E-08  2.65693802E-06
  2.53769599E-07  3.99487249E-07  2.07665971E-06  3.87705404E-06  5.66181325E-06
  1.44656837E+00  5.14504239E-02  0.00000000E+00  0.00000000E+00  0.00000000E+00
  0.00000000E+00  2.41259877E-05  0.00000000E+00  0.00000000E+00  0.00000000E+00
  2.65192632E-08  1.08160536E-10  2.42990996E-08  4.54666171E-08  3.34155061E-07
  1.08833397E-07  1.65194905E-07  8.94399534E-07  1.77837035E-06  2.30431988E-06
  1.45403850E+00  5.56389429E-02  0.00000000E+00  0.00000000E+00  0.00000000E+00
  0.00000000E+00  0.00000000E+00  9.12271298E-06  0.00000000E+00  0.00000000E+00
  0.00000000E+00  1.16834693E-08  4.00599900E-11  9.15827947E-09  2.01160830E-08
  1.01485853E-07  4.81517333E-08  7.13650437E-08  4.11413453E-07  8.86217663E-07
  9.54305619E-07  1.71282375E+00  5.50645813E-02  0.00000000E+00  0.00000000E+00
  0.00000000E+00  0.00000000E+00  0.00000000E+00  1.34807010E-06  2.10558846E-06
  0.00000000E+00  0.00000000E+00  0.00000000E+00  3.79911480E-09  1.29440902E-11
  3.04618952E-09  7.48214912E-09  3.50076697E-08  1.81482811E-08  2.75349645E-08
  1.72478892E-07  4.53025706E-07  3.44678114E-07  1.52623010E+00  9.63885710E-02
  0.00000000E+00  0.00000000E+00  0.00000000E+00  0.00000000E+00  0.00000000E+00
  0.00000000E+00  2.83428449E-06  4.66272674E-08  0.00000000E+00  0.00000000E+00
  0.00000000E+00  2.42317433E-09  8.15742092E-12  1.99988892E-09  5.38128075E-09
  2.44447609E-08  1.44829926E-08  2.19142162E-08  1.51413190E-07  4.14697269E-07
  2.46388197E-07  1.50174057E+00  3.74983475E-02  0.00000000E+00  0.00000000E+00
  0.00000000E+00  0.00000000E+00  0.00000000E+00  0.00000000E+00  0.00000000E+00
  5.71080818E-07  0.00000000E+00  0.00000000E+00  0.00000000E+00  0.00000000E+00
  4.96080954E-10  1.62730864E-12  4.33850844E-10  1.29494782E-09  5.84886228E-09
  3.33298322E-09  5.86847326E-09  4.53842759E-08  1.03801071E-07  5.80517892E-08
  1.46678293E+00  5.76877333E-02  0.00000000E+00  0.00000000E+00  0.00000000E+00
  0.00000000E+00  0.00000000E+00  0.00000000E+00  0.00000000E+00  0.00000000E+00
  1.59752943E-07  0.00000000E+00  0.00000000E+00  0.00000000E+00  0.00000000E+00
  1.41972989E-10  4.71770572E-13  1.34306219E-10  4.28134972E-10  1.87419347E-09
  1.17248744E-09  2.03681938E-09  1.58303877E-08  3.22784466E-08  1.85574009E-08
  1.51882279E+00  9.74176154E-02  3.66462473E-06  0.00000000E+00  0.00000000E+00
  0.00000000E+00  0.00000000E+00  0.00000000E+00  0.00000000E+00  0.00000000E+00
  0.00000000E+00  1.27620339E-07  0.00000000E+00  0.00000000E+00  0.00000000E+00
  0.00000000E+00  1.18968252E-10  3.81724654E-13  1.21363988E-10  4.10204148E-10
  1.78664095E-09  1.18680088E-09  2.11087303E-09  1.52595572E-08  2.78333054E-08
  1.71869772E-08  1.52477658E+00  5.09777181E-02  0.00000000E+00  0.00000000E+00
  0.00000000E+00  0.00000000E+00  0.00000000E+00  0.00000000E+00  0.00000000E+00
  0.00000000E+00  0.00000000E+00  0.00000000E+00  4.79088698E-08  0.00000000E+00
  0.00000000E+00  0.00000000E+00  0.00000000E+00  4.95482440E-11  1.50159656E-13
  5.62093636E-11  2.05042927E-10  8.16013757E-10  5.88288307E-10  1.17310328E-09
  7.45140216E-09  1.18112293E-08  8.25370083E-09  1.52026200E+00  4.73867208E-02
  0.00000000E+00  0.00000000E+00  0.00000000E+00  0.00000000E+00  0.00000000E+00
  0.00000000E+00  0.00000000E+00  0.00000000E+00  0.00000000E+00  0.00000000E+00
  0.00000000E+00  1.46021275E-08  0.00000000E+00  0.00000000E+00  0.00000000E+00
  0.00000000E+00  1.73364934E-11  4.90740803E-14  1.98926414E-11  8.29635388E-11
  3.22053495E-10  2.24789493E-10  4.74185802E-10  2.87378521E-09  4.08323197E-09
  2.69422618E-09  1.52203655E+00  5.41834459E-02  0.00000000E+00  0.00000000E+00
  0.00000000E+00  0.00000000E+00  0.00000000E+00  0.00000000E+00  0.00000000E+00
  0.00000000E+00  0.00000000E+00  0.00000000E+00  0.00000000E+00  0.00000000E+00
  5.58142244E-09  0.00000000E+00  0.00000000E+00  0.00000000E+00  0.00000000E+00
  6.75862621E-12  2.08579983E-14  8.63959078E-12  4.24959790E-11  4.53160322E-11
  1.15961220E-10  2.78245121E-10  1.47069279E-09  1.83851512E-09  1.50737989E-09
  6.13269350E-03  1.53969085E+00  5.36777340E-02  0.00000000E+00  0.00000000E+00
  0.00000000E+00  0.00000000E+00  0.00000000E+00  0.00000000E+00  0.00000000E+00
  0.00000000E+00  0.00000000E+00  0.00000000E+00  0.00000000E+00  0.00000000E+00
  0.00000000E+00  2.67429323E-09  0.00000000E+00  0.00000000E+00  0.00000000E+00
  0.00000000E+00  0.00000000E+00  1.17659127E-14  5.38946188E-12  2.94049333E-11
  2.84331391E-12  5.48899502E-11  2.20777424E-10  8.93347341E-10  1.11638954E-09
  1.07658948E-09 -1.26862620E-09  5.10317273E-02  1.56544077E+00  3.69264893E-02
  0.00000000E+00  0.00000000E+00  0.00000000E+00  0.00000000E+00  0.00000000E+00
  0.00000000E+00  0.00000000E+00  0.00000000E+00  0.00000000E+00  0.00000000E+00
  0.00000000E+00  0.00000000E+00  0.00000000E+00  0.00000000E+00  1.01311881E-09
  0.00000000E+00  0.00000000E+00  0.00000000E+00  0.00000000E+00  0.00000000E+00
  5.79868972E-15  8.83681529E-13  9.31867691E-12  7.87665560E-13  3.80825822E-11
  1.76585760E-10  7.16275594E-10  6.19013618E-10  8.52848014E-10  1.71322465E-01
  1.52032351E+00  5.90130873E-03  0.00000000E+00  0.00000000E+00  0.00000000E+00
  0.00000000E+00  0.00000000E+00  0.00000000E+00  0.00000000E+00  0.00000000E+00
  0.00000000E+00  0.00000000E+00  0.00000000E+00  0.00000000E+00  0.00000000E+00
  0.00000000E+00  0.00000000E+00  4.80257882E-11  0.00000000E+00  0.00000000E+00
  0.00000000E+00  0.00000000E+00  0.00000000E+00  4.22225040E-16  2.88793739E-16
  5.32474726E-13  1.62970272E-15  1.47993889E-12  2.01334262E-11  9.10807887E-11
  7.18115428E-11  9.63084265E-11  1.41453254E+00  7.72487232E-03  1.89998588E-07
  0.00000000E+00  0.00000000E+00  0.00000000E+00  0.00000000E+00  0.00000000E+00
  0.00000000E+00  0.00000000E+00  0.00000000E+00  0.00000000E+00  0.00000000E+00
  0.00000000E+00  0.00000000E+00  0.00000000E+00  0.00000000E+00  0.00000000E+00
  5.88149364E-12  0.00000000E+00  0.00000000E+00  0.00000000E+00  0.00000000E+00
  0.00000000E+00  6.55035658E-17  4.85392991E-17  4.31988762E-16  8.19882630E-17
  2.79345071E-15  2.90163510E-12  9.25867629E-12  4.44414471E-12  1.27468366E-11
->       8      12       2      33                                 <-   
SIGS01                                                                          
  2.63025165E-01  3.23717624E-01  4.22807068E-01  3.08566153E-01  1.62173137E-01
  1.26298711E-01  1.10169359E-01  1.00420192E-01  9.06619206E-02  6.51713908E-02
  6.19272329E-02  3.92900817E-02  3.52932625E-02  1.38986874E-02  1.33559089E-02
  1.95222236E-02  1.38230696E-02  1.34576838E-02  1.06868641E-02  1.00346869E-02
  1.00069409E-02  1.36058414E-02  1.05456933E-02  1.04641058E-02  1.05329417E-02
  1.05825458E-02  1.06275883E-02  1.06544569E-02  1.06693953E-02  1.06799705E-02
  1.10990275E-02  1.11204023E-02  1.11775361E-02
->       8      12       1      33                                 <-   
NJJS01                                                                          
         1         2         3         4         5         6         7         8
         9        10        11        12        13        14        15        16
        17        18        19        20        21        22        23        24
        25        26        27        28        29        31        33        29
        19
->       8      12       1      33                                 <-   
IJJS01                                                                          
         1         2         3         4         5         6         7         8
         9        10        11        12        13        14        15        16
        17        18        19        20        21        22        23        24
        25        26        27        28        29        31        33        33
        33
->       8      12       2     547                                 <-   
SCAT01                                                                          
  2.46577352E-01  3.14984083E-01  5.73651539E-03  4.21144575E-01  3.25182849E-03
  4.03390499E-03  3.15897942E-01 -1.50975515E-03  2.85514304E-03  3.18976794E-03
  1.67726979E-01 -6.47563953E-03  1.61069923E-03  1.42640679E-03  1.79808878E-03
  1.31495431E-01 -5.77340368E-03 -8.66248971E-04  7.84469419E-04  6.88539119E-04
  9.46610584E-04  1.16004117E-01 -5.75247500E-03  7.82455376E-04 -6.78245560E-05
  4.69774386E-04  3.11984593E-04  4.83179087E-04  1.10538177E-01 -5.83861116E-03
  4.48740466E-04 -5.78451494E-04  5.83667788E-05  4.61198288E-05  1.28476648E-04
  1.74356988E-04  1.03938535E-01 -1.01156253E-02  6.47845809E-06  8.32171136E-05
  1.26422465E-05  4.30341861E-05  1.20196135E-04  7.57569796E-05  5.65603768E-05
  7.72458985E-02 -1.32738464E-02 -2.18103446E-06 -3.37289384E-06  2.76081973E-05
  4.75088473E-06 -1.35782625E-06  6.97975702E-05 -1.04990058E-05 -1.87632613E-05
  7.32483268E-02 -1.20756309E-02 -9.41970768E-07 -3.77752627E-07  6.03728665E-07
  3.98190750E-05  6.79944435E-07 -1.24364788E-05  4.02623373E-05 -8.71151315E-07
  1.61016342E-05  5.39918132E-02 -1.13210836E-02  1.79801555E-06 -1.71699583E-06
  3.84303632E-07 -6.53794885E-08 -7.03206315E-05 -1.11841609E-06 -5.11928783E-06
  2.44763978E-05  6.11798123E-06  1.88079630E-05  5.63825592E-02 -1.46943582E-02
  5.32378364E-10 -4.69140957E-07 -9.32731083E-08  1.25615983E-07 -7.35421466E-08
  7.36708535E-06 -7.13778377E-07 -1.82419376E-06  5.11823555E-06 -1.48143545E-06
 -2.17332655E-07  2.28621271E-02 -2.10854523E-02 -7.37712844E-06 -2.37510511E-10
 -1.68846341E-07  3.64754624E-12 -1.75821469E-07  2.09703927E-07 -1.52749112E-06
 -6.80906851E-08 -1.37579264E-06  2.13400904E-06  1.34962193E-06  9.95184564E-06
  2.80399844E-02 -8.95647611E-03 -3.85572730E-06  0.00000000E+00  5.48759760E-10
  9.73976455E-09  2.05727275E-11 -4.80034181E-08  7.07545844E-09  4.47268758E-05
 -2.16531959E-07 -6.89920114E-07 -2.30987411E-07  7.93493825E-07  4.61146465E-06
  4.89788651E-02 -1.46845933E-02  2.92546065E-06  0.00000000E+00  0.00000000E+00
 -1.16565452E-10 -2.35534916E-08 -2.63912676E-12 -4.44806609E-08  1.41819188E-08
 -2.27871897E-05 -2.37075113E-07 -3.38370967E-07  8.46947827E-08 -5.39857226E-08
 -1.29252612E-06  3.49332616E-02 -2.94566397E-02  0.00000000E+00 -4.95871973E-06
  0.00000000E+00  0.00000000E+00 -5.84905804E-11 -1.15256391E-08 -1.26425227E-12
 -2.43980853E-08  1.63629288E-08  1.25434610E-06 -1.07754381E-07 -1.63707909E-07
 -3.65151948E-07 -9.65196989E-09  2.05339077E-07  3.39626782E-02 -2.11101864E-02
  0.00000000E+00  0.00000000E+00 -2.14893134E-06  0.00000000E+00  0.00000000E+00
 -3.83820614E-11 -5.55817348E-09 -6.01498235E-13 -1.15719638E-08  1.36175817E-08
 -8.34410173E-07 -4.48658675E-08 -7.81265257E-08 -2.03554720E-07 -2.15405763E-07
 -3.37032333E-07  2.75108460E-02 -2.05049962E-02  0.00000000E+00  0.00000000E+00
  0.00000000E+00 -1.44303942E-06  0.00000000E+00  0.00000000E+00 -6.29697544E-11
 -9.26971166E-10 -2.84740086E-13 -5.46247847E-09  4.19651114E-09 -1.38399002E-06
 -1.77480324E-08 -3.36300729E-08 -8.42863486E-08 -1.01997593E-07 -1.68499128E-07
  2.82046534E-02 -1.68239772E-02  0.00000000E+00  0.00000000E+00  0.00000000E+00
  0.00000000E+00 -5.18178922E-07  0.00000000E+00  0.00000000E+00  0.00000000E+00
  6.77368661E-10 -1.34190049E-13 -2.56462873E-09 -1.21179256E-09 -9.80249837E-08
 -8.75511397E-09 -1.45040380E-08 -2.68474611E-08  4.64087684E-08 -5.53995676E-08
  2.79322956E-02 -1.81699656E-02  0.00000000E+00  0.00000000E+00  0.00000000E+00
  0.00000000E+00  0.00000000E+00 -2.54480312E-07  0.00000000E+00  0.00000000E+00
  0.00000000E+00 -9.87829152E-10 -6.28925894E-14 -1.19467969E-09 -2.67458855E-09
 -1.70081869E-08 -3.64786867E-09 -6.35747366E-09  2.80427848E-10  9.52331405E-08
 -1.78202306E-08  4.60184813E-02 -1.79253537E-02  0.00000000E+00  0.00000000E+00
  0.00000000E+00  0.00000000E+00  0.00000000E+00  6.53025609E-07 -5.25697715E-07
  0.00000000E+00  0.00000000E+00  0.00000000E+00 -3.96857297E-10 -2.50362373E-14
 -4.64741384E-10 -1.54903190E-09 -6.73202560E-09 -1.71482173E-09 -2.40768827E-09
  6.81637857E-09  1.23702918E-07 -5.52727775E-09  2.28387732E-02 -3.24126333E-02
  0.00000000E+00  0.00000000E+00  0.00000000E+00  0.00000000E+00  0.00000000E+00
  0.00000000E+00 -7.00206186E-08 -4.03289775E-08  0.00000000E+00  0.00000000E+00
  0.00000000E+00 -3.09702958E-10 -1.87313865E-14 -3.66221026E-10 -1.26349164E-09
 -4.85556395E-09 -8.53958571E-10 -1.73327364E-09  1.38909169E-08  1.32898094E-07
 -2.79265322E-09  2.93727629E-02 -1.22930827E-02  0.00000000E+00  0.00000000E+00
  0.00000000E+00  0.00000000E+00  0.00000000E+00  0.00000000E+00  0.00000000E+00
 -3.56862273E-08  0.00000000E+00  0.00000000E+00  0.00000000E+00  0.00000000E+00
 -7.92092225E-11 -5.50288803E-15 -9.12843828E-11 -2.92682795E-10 -1.01555919E-09
 -6.77494394E-10 -4.06129658E-10  8.17989054E-09  2.59580624E-08 -2.13004073E-10
  4.24695276E-02 -1.89052597E-02  0.00000000E+00  0.00000000E+00  0.00000000E+00
  0.00000000E+00  0.00000000E+00  0.00000000E+00  0.00000000E+00  0.00000000E+00
 -1.21643495E-08  0.00000000E+00  0.00000000E+00  0.00000000E+00  0.00000000E+00
 -2.90479724E-11 -1.82762668E-15 -2.81867567E-11 -8.78408388E-11 -3.21291577E-10
 -2.11111809E-10 -9.56008467E-11  2.84286861E-09  7.01315583E-09 -8.40366873E-11
  2.73179021E-02 -3.19365822E-02 -3.39470648E-06  0.00000000E+00  0.00000000E+00
  0.00000000E+00  0.00000000E+00  0.00000000E+00  0.00000000E+00  0.00000000E+00
  0.00000000E+00 -1.16369332E-08  0.00000000E+00  0.00000000E+00  0.00000000E+00
  0.00000000E+00 -2.76196514E-11 -1.67459748E-15 -2.35965483E-11 -7.13547416E-11
 -2.27430019E-10 -1.74489007E-10 -1.04594451E-10  2.43224507E-09  5.60271340E-09
 -6.43230261E-11  2.61109825E-02 -1.67353582E-02  0.00000000E+00  0.00000000E+00
  0.00000000E+00  0.00000000E+00  0.00000000E+00  0.00000000E+00  0.00000000E+00
  0.00000000E+00  0.00000000E+00  0.00000000E+00 -5.56176838E-09  0.00000000E+00
  0.00000000E+00  0.00000000E+00  0.00000000E+00 -1.25326069E-11 -7.43774655E-16
 -8.36170456E-12 -2.30941689E-11 -1.07237129E-10 -8.29770835E-11 -4.26001664E-11
  9.59197388E-10  2.12538787E-09 -2.05212340E-11  2.84516662E-02 -1.54833961E-02
  0.00000000E+00  0.00000000E+00  0.00000000E+00  0.00000000E+00  0.00000000E+00
  0.00000000E+00  0.00000000E+00  0.00000000E+00  0.00000000E+00  0.00000000E+00
  0.00000000E+00 -2.00537253E-09  0.00000000E+00  0.00000000E+00  0.00000000E+00
  0.00000000E+00 -4.43672443E-12 -1.15685695E-16 -3.64963875E-12 -2.00404190E-12
 -2.06421547E-11 -2.72107753E-11  1.26385545E-12  2.81307366E-10  6.09480078E-10
  3.54248436E-11  2.82271281E-02 -1.77972112E-02  0.00000000E+00  0.00000000E+00
  0.00000000E+00  0.00000000E+00  0.00000000E+00  0.00000000E+00  0.00000000E+00
  0.00000000E+00  0.00000000E+00  0.00000000E+00  0.00000000E+00  0.00000000E+00
 -9.91161153E-10  0.00000000E+00  0.00000000E+00  0.00000000E+00  0.00000000E+00
 -1.65277611E-12  0.00000000E+00 -2.33399845E-12  3.62636093E-12 -6.11034921E-12
 -7.59366701E-12  1.11468797E-13  9.74708647E-11  2.29144786E-10  1.21324392E-11
  1.39534459E-04  2.26507615E-02 -1.75577328E-02  0.00000000E+00  0.00000000E+00
  0.00000000E+00  0.00000000E+00  0.00000000E+00  0.00000000E+00  0.00000000E+00
  0.00000000E+00  0.00000000E+00  0.00000000E+00  0.00000000E+00  0.00000000E+00
  0.00000000E+00 -6.09163997E-10  0.00000000E+00  0.00000000E+00  0.00000000E+00
  0.00000000E+00  0.00000000E+00  0.00000000E+00 -1.28825119E-12  7.28399632E-12
 -2.04272661E-13  1.05613424E-12 -8.13456053E-15  0.00000000E+00  9.33035593E-11
  1.84478783E-23  8.94997743E-10 -6.86608115E-03  1.23715550E-02 -1.19707901E-02
  0.00000000E+00  0.00000000E+00  0.00000000E+00  0.00000000E+00  0.00000000E+00
  0.00000000E+00  0.00000000E+00  0.00000000E+00  0.00000000E+00  0.00000000E+00
  0.00000000E+00  0.00000000E+00  0.00000000E+00  0.00000000E+00 -2.58676996E-10
  0.00000000E+00  0.00000000E+00  0.00000000E+00  0.00000000E+00  0.00000000E+00
  0.00000000E+00 -1.78499400E-13 -4.55590047E-13 -5.72231946E-14  8.25867239E-12
  3.57700473E-25  0.00000000E+00  1.08092736E-11  2.10733443E-24 -2.95444112E-02
  1.95567161E-02 -1.41189690E-03  0.00000000E+00  0.00000000E+00  0.00000000E+00
  0.00000000E+00  0.00000000E+00  0.00000000E+00  0.00000000E+00  0.00000000E+00
  0.00000000E+00  0.00000000E+00  0.00000000E+00  0.00000000E+00  0.00000000E+00
  0.00000000E+00  0.00000000E+00 -8.85164858E-12  0.00000000E+00  0.00000000E+00
  0.00000000E+00  0.00000000E+00  0.00000000E+00  0.00000000E+00  0.00000000E+00
 -2.24658447E-14  0.00000000E+00  9.44978362E-13  4.07219455E-02 -1.57023652E-03
 -1.64073910E-07  0.00000000E+00  0.00000000E+00  0.00000000E+00  0.00000000E+00
  0.00000000E+00  0.00000000E+00  0.00000000E+00  0.00000000E+00  0.00000000E+00
  0.00000000E+00  0.00000000E+00  0.00000000E+00  0.00000000E+00  0.00000000E+00
  0.00000000E+00 -2.34372499E-13
->       8      12       1       2                                 <-   
SCAT-SAVED                                                                      
         1         1
->       8      12       2       8                                 <-   
LAMBDA-D                                                                        
  1.24666998E-02  2.82917004E-02  4.25244011E-02  1.33041993E-01  2.92467207E-01
  6.66487694E-01  1.63478100E+00  3.55460000E+00
->      -8       0       0       0                                 <-   
->       6      12       3       3                                 <-   
SIGNATURE                                                                       
         4         4         4
L_LIBRARY   
->       6      12       1      40                                 <-   
STATE-VECTOR                                                                    
         1         1        33         2         0         0         1         0
         0         0         0         0        12         1         0         0
         0         1         8         0         0         1         0         0
         0         0         0         0         0         0         0         0
         0         0         0         0         0         0         0         0
->       6      12       1       1                                 <-   
ISOTOPESMIX                                                                     
         1
->       6      12       3       3                                 <-   
ISOTOPESUSED                                                                    
         4         4         4
*MAC*RES    
->       6      12       3       3                                 <-   
ISOTOPERNAME                                                                    
         4         4         4
*MAC*RES    
->       6      12       2       1                                 <-   
ISOTOPESDENS                                                                    
  1.00000000E+00
->       6      12       1       1                                 <-   
ISOTOPESTYPE                                                                    
         1
->       6      12       1       1                                 <-   
ISOTOPESTODO                                                                    
         1
->       6      12       2       1                                 <-   
ISOTOPESVOL                                                                     
  2.34294758E+01
->       6      12       2       1                                 <-   
ISOTOPESTEMP                                                                    
  7.13160034E+02
->       6      12       2       1                                 <-   
MIXTURESVOL                                                                     
  2.34294758E+01
->       6      12       2       1                                 <-   
K-EFFECTIVE                                                                     
  9.99999940E-01
->       6      12       2       1                                 <-   
K-INFINITY                                                                      
  1.10804081E+00
->       6      12       2       1                                 <-   
B2  B1HOM                                                                       
  2.21882877E-03
->       6      12       3      24                                 <-   
ADDXSNAME-P0                                                                    
         4         4         4         4         4         4         4         4
         4         4         4         4         4         4         4         4
         4         4         4         4         4         4         4         4
NFTOT   NG      N2N     N3N     N4N     NA      NP      N2A     NNP     ND      
NT      TRANC   
->       6      12       2      34                                 <-   
ENERGY                                                                          
  1.96403300E+07  1.00000000E+07  6.06530700E+06  3.67879400E+06  2.23130200E+06
  1.35335300E+06  8.20850000E+05  4.97870688E+05  3.01973812E+05  1.83156406E+05
  1.11090000E+05  6.73794688E+04  4.08677109E+04  2.47875195E+04  1.50343896E+04
  9.11882031E+03  5.53084424E+03  3.35462598E+03  2.03468396E+03  1.23409802E+03
  7.48518311E+02  4.53999298E+02  3.04324799E+02  1.48575897E+02  9.16608810E+01
  6.79040527E+01  4.01689987E+01  2.26032906E+01  1.37095900E+01  8.31528664E+00
  4.00000000E+00  5.40000975E-01  1.00000098E-01  1.10002802E-04
->       6      12       2      33                                 <-   
DELTAU                                                                          
  6.75000012E-01  4.99999970E-01  5.00000179E-01  4.99999672E-01  5.00000060E-01
  5.00000119E-01  5.00000060E-01  5.00000119E-01  4.99999821E-01  4.99999762E-01
  5.00000358E-01  5.00000060E-01  5.00000060E-01  5.00000060E-01  4.99999762E-01
  4.99999970E-01  5.00000179E-01  4.99999762E-01  5.00000119E-01  4.99999970E-01
  5.00000060E-01  4.00000095E-01  7.16999590E-01  4.83000249E-01  2.99999952E-01
  5.25000155E-01  5.75000048E-01  4.99999881E-01  4.99999970E-01  7.31801212E-01
  2.00247860E+00  1.68639970E+00  6.81242085E+00
->      -6       0       0       0                                 <-   
->       5       0       0      -1                                 <-   00000014
->       6      12      10       1                                 <-   
ISOTOPESLIST                                                                    
->       7       0       0      -1                                 <-   00000001
->       8      12       3       3                                 <-   
ALIAS                                                                           
         4         4         4
*MAC*RES0001
->       8      12       2       1                                 <-   
AWR                                                                             
  3.66883159E+00
->       8      12       2      33                                 <-   
NWT0                                                                            
  8.58817366E-05  1.30928098E-03  6.23065466E-03  2.06024572E-02  4.06641886E-02
  7.22059831E-02  1.59296080E-01  1.54758006E-01  1.66891545E-01  1.74525589E-01
  1.59783915E-01  1.19097091E-01  9.70298201E-02  1.18681058E-01  5.56550473E-02
  2.76519377E-02  4.14700024E-02  3.73699293E-02  3.36117074E-02  1.61396265E-02
  1.18520949E-02  4.85182321E-03  8.05806462E-03  3.17366258E-03  1.33188628E-03
  1.51619327E-03  8.88007286E-04  4.32455592E-04  2.34579595E-04  1.56537761E-04
  7.46568330E-05  1.11160671E-06  2.21266578E-08
->       8      12       2      33                                 <-   
NTOT0                                                                           
  1.87416241E-01  2.25964606E-01  2.39945978E-01  2.28631482E-01  2.02847481E-01
  1.83000803E-01  1.97076648E-01  2.27030352E-01  2.46925652E-01  2.39550397E-01
  3.24663788E-01  3.14551204E-01  4.17579710E-01  1.49591029E-01  3.54445964E-01
  9.55642819E-01  6.56396747E-01  6.26540720E-01  5.15362084E-01  5.78940749E-01
  5.65877020E-01  8.41131449E-01  6.23298526E-01  6.17953002E-01  6.23056352E-01
  6.30153775E-01  6.32758200E-01  6.36603653E-01  6.39774323E-01  6.43484533E-01
  6.51275218E-01  6.80192769E-01  7.49835312E-01
->       8      12       2      33                                 <-   
NG                                                                              
  4.63655051E-05  4.87406469E-05  8.07563702E-05  1.26955099E-04  1.39849668E-04
  1.70243948E-04  2.23000621E-04  3.19575862E-04  3.94665403E-04  4.60085575E-04
  7.46075530E-04  5.42432535E-04  8.16245505E-04  5.69232274E-04  5.29365090E-04
  1.45361049E-03  8.61633103E-04  5.64126123E-04  2.62281601E-03  2.09717285E-02
  9.82824480E-04  4.84783575E-03  2.23433599E-03  2.72876956E-03  3.07662017E-03
  4.79944283E-03  4.91705909E-03  6.46864902E-03  8.37386120E-03  1.12074222E-02
  1.82483848E-02  4.59256694E-02  1.10516749E-01
->       8      12       2      33                                 <-   
N2N                                                                             
  6.62612496E-03  1.56626149E-04  0.00000000E+00  0.00000000E+00  0.00000000E+00
  0.00000000E+00  0.00000000E+00  0.00000000E+00  0.00000000E+00  0.00000000E+00
  0.00000000E+00  0.00000000E+00  0.00000000E+00  0.00000000E+00  0.00000000E+00
  0.00000000E+00  0.00000000E+00  0.00000000E+00  0.00000000E+00  0.00000000E+00
  0.00000000E+00  0.00000000E+00  0.00000000E+00  0.00000000E+00  0.00000000E+00
  0.00000000E+00  0.00000000E+00  0.00000000E+00  0.00000000E+00  0.00000000E+00
  0.00000000E+00  0.00000000E+00  0.00000000E+00
->       8      12       2      33                                 <-   
N3N                                                                             
  4.00196268E-06  0.00000000E+00  0.00000000E+00  0.00000000E+00  0.00000000E+00
  0.00000000E+00  0.00000000E+00  0.00000000E+00  0.00000000E+00  0.00000000E+00
  0.00000000E+00  0.00000000E+00  0.00000000E+00  0.00000000E+00  0.00000000E+00
  0.00000000E+00  0.00000000E+00  0.00000000E+00  0.00000000E+00  0.00000000E+00
  0.00000000E+00  0.00000000E+00  0.00000000E+00  0.00000000E+00  0.00000000E+00
  0.00000000E+00  0.00000000E+00  0.00000000E+00  0.00000000E+00  0.00000000E+00
  0.00000000E+00  0.00000000E+00  0.00000000E+00
->       8      12       2      33                                 <-   
NA                                                                              
  2.04864657E-03  6.45229884E-04  4.81188072E-05  1.09524462E-05  2.93123276E-06
  4.71721307E-07  4.70172097E-07  4.69941199E-07  4.69943330E-07  4.69975987E-07
  4.70012026E-07  4.70027743E-07  4.70061281E-07  4.70142339E-07  4.70316479E-07
  4.70507786E-07  4.70693436E-07  4.70979757E-07  4.71551402E-07  4.71919577E-07
  4.71179789E-07  4.70681528E-07  4.70341831E-07  4.70161950E-07  4.70095699E-07
  4.70068898E-07  4.70073417E-07  4.70117897E-07  4.70194834E-07  4.70336772E-07
  4.70754685E-07  4.72989342E-07  4.82118594E-07
->       8      12       2      33                                 <-   
NP                                                                              
  6.92359032E-03  3.75730661E-03  1.15218328E-03  3.07942100E-04  2.68880867E-05
  1.12491614E-06  7.61156738E-09  2.06154122E-11  2.49123846E-19  6.26948621E-20
  1.23382369E-21  0.00000000E+00  0.00000000E+00  0.00000000E+00  0.00000000E+00
  0.00000000E+00  0.00000000E+00  0.00000000E+00  0.00000000E+00  0.00000000E+00
  0.00000000E+00  0.00000000E+00  0.00000000E+00  0.00000000E+00  0.00000000E+00
  0.00000000E+00  0.00000000E+00  0.00000000E+00  0.00000000E+00  0.00000000E+00
  0.00000000E+00  0.00000000E+00  0.00000000E+00
->       8      12       2      33                                 <-   
N2A                                                                             
  4.87674267E-12  0.00000000E+00  0.00000000E+00  0.00000000E+00  0.00000000E+00
  0.00000000E+00  0.00000000E+00  0.00000000E+00  0.00000000E+00  0.00000000E+00
  0.00000000E+00  0.00000000E+00  0.00000000E+00  0.00000000E+00  0.00000000E+00
  0.00000000E+00  0.00000000E+00  0.00000000E+00  0.00000000E+00  0.00000000E+00
  0.00000000E+00  0.00000000E+00  0.00000000E+00  0.00000000E+00  0.00000000E+00
  0.00000000E+00  0.00000000E+00  0.00000000E+00  0.00000000E+00  0.00000000E+00
  0.00000000E+00  0.00000000E+00  0.00000000E+00
->       8      12       2      33                                 <-   
NNP                                                                             
  9.23236308E-04  8.03149280E-09  0.00000000E+00  0.00000000E+00  0.00000000E+00
  0.00000000E+00  0.00000000E+00  0.00000000E+00  0.00000000E+00  0.00000000E+00
  0.00000000E+00  0.00000000E+00  0.00000000E+00  0.00000000E+00  0.00000000E+00
  0.00000000E+00  0.00000000E+00  0.00000000E+00  0.00000000E+00  0.00000000E+00
  0.00000000E+00  0.00000000E+00  0.00000000E+00  0.00000000E+00  0.00000000E+00
  0.00000000E+00  0.00000000E+00  0.00000000E+00  0.00000000E+00  0.00000000E+00
  0.00000000E+00  0.00000000E+00  0.00000000E+00
->       8      12       2      33                                 <-   
ND                                                                              
  9.79132310E-05  2.22055959E-07  5.11240202E-17  0.00000000E+00  0.00000000E+00
  0.00000000E+00  0.00000000E+00  0.00000000E+00  0.00000000E+00  0.00000000E+00
  0.00000000E+00  0.00000000E+00  0.00000000E+00  0.00000000E+00  0.00000000E+00
  0.00000000E+00  0.00000000E+00  0.00000000E+00  0.00000000E+00  0.00000000E+00
  0.00000000E+00  0.00000000E+00  0.00000000E+00  0.00000000E+00  0.00000000E+00
  0.00000000E+00  0.00000000E+00  0.00000000E+00  0.00000000E+00  0.00000000E+00
  0.00000000E+00  0.00000000E+00  0.00000000E+00
->       8      12       2      33                                 <-   
NT                                                                              
  5.82775613E-07  1.18867632E-18  0.00000000E+00  0.00000000E+00  0.00000000E+00
  0.00000000E+00  0.00000000E+00  0.00000000E+00  0.00000000E+00  0.00000000E+00
  0.00000000E+00  0.00000000E+00  0.00000000E+00  0.00000000E+00  0.00000000E+00
  0.00000000E+00  0.00000000E+00  0.00000000E+00  0.00000000E+00  0.00000000E+00
  0.00000000E+00  0.00000000E+00  0.00000000E+00  0.00000000E+00  0.00000000E+00
  0.00000000E+00  0.00000000E+00  0.00000000E+00  0.00000000E+00  0.00000000E+00
  0.00000000E+00  0.00000000E+00  0.00000000E+00
->       8      12       2      33                                 <-   
H-FACTOR                                                                        
  5.78537400E-17  6.09152678E-17  1.00942339E-16  1.58950947E-16  1.77215664E-16
  2.16681629E-16  2.82143128E-16  4.03590553E-16  5.02895637E-16  5.86830514E-16
  9.38076601E-16  6.94803074E-16  1.04696523E-15  7.34818234E-16  7.81512567E-16
  2.21721356E-15  1.29874598E-15  8.16372419E-16  3.49568464E-15  2.59690171E-14
  1.29994485E-15  7.23900107E-15  3.06712642E-15  3.52649568E-15  4.04089815E-15
  6.45872914E-15  6.43367856E-15  8.45587401E-15  1.09275754E-14  1.46437326E-14
  2.38405961E-14  5.99957367E-14  1.44373960E-13
->       8      12       2      33                                 <-   
OVERV                                                                           
  2.13621051E-10  2.70179490E-10  3.41283585E-10  4.37285042E-10  5.56884872E-10
  7.14017401E-10  9.14952503E-10  1.17852939E-09  1.47800394E-09  1.94542005E-09
  2.52724197E-09  3.16289350E-09  4.14878221E-09  5.09572606E-09  6.61147848E-09
  8.72023609E-09  1.10483684E-08  1.40385570E-08  1.80922779E-08  2.33039525E-08
  2.97654328E-08  3.68805502E-08  4.90553518E-08  6.64779591E-08  8.11694036E-08
  9.90385089E-08  1.30178094E-07  1.70654033E-07  2.18979721E-07  2.93841651E-07
  4.77432252E-07  1.19996946E-06  2.88891806E-06
->       8      12       2      33                                 <-   
STRD                                                                            
  8.71529281E-02  9.03877690E-02  1.03838980E-01  1.12958670E-01  1.27239615E-01
  1.47360638E-01  1.47573605E-01  1.98582336E-01  2.13428915E-01  2.20664442E-01
  2.82653332E-01  2.76078105E-01  2.56053984E-01  2.31590405E-01  3.43625754E-01
  5.62821269E-01  4.77545053E-01  4.79558438E-01  4.29901987E-01  4.74660724E-01
  4.80426311E-01  6.00678325E-01  5.58514118E-01  5.79598784E-01  6.04050159E-01
  6.21308625E-01  5.99432170E-01  6.42114878E-01  6.22244835E-01  6.40582561E-01
  6.20138526E-01  7.46372402E-01  1.32033026E+00
->       8      12       2      33                                 <-   
SIGS00                                                                          
  1.83973759E-01  2.21668601E-01  2.38664135E-01  2.28185147E-01  2.02677742E-01
  1.82828933E-01  1.96853191E-01  2.26710305E-01  2.46530473E-01  2.39089787E-01
  3.23917300E-01  3.14008206E-01  4.16762412E-01  1.49021178E-01  3.53916049E-01
  9.54188228E-01  6.55534446E-01  6.25976324E-01  5.12738764E-01  5.57968616E-01
  5.64893544E-01  8.36282909E-01  6.21063650E-01  6.15223825E-01  6.19979560E-01
  6.25353932E-01  6.27840757E-01  6.30134702E-01  6.31399930E-01  6.32276654E-01
  6.33026242E-01  6.34266853E-01  6.39317989E-01
->       8      12       1      33                                 <-   
NJJS00                                                                          
         1         2         3         4         5         6         7         8
         9        10        11        12        13        14        15        16
        17        18        19        20        21        22        23        24
        25        26        27        28        29        31        33        33
        33
->       8      12       1      33                                 <-   
IJJS00                                                                          
         1         2         3         4         5         6         7         8
         9        10        11        12        13        14        15        16
        17        18        19        20        21        22        23        24
        25        26        27        28        29        31        33        33
        33
->       8      12       2     565                                 <-   
SCAT00                                                                          
  9.27352682E-02  1.29214630E-01  1.32556753E-02  1.51190579E-01  1.89814810E-02
  1.38207516E-02  1.62721112E-01  2.86942311E-02  2.32735127E-02  1.79784540E-02
  1.49319232E-01  4.53504398E-02  1.96896847E-02  2.06830222E-02  1.81059167E-02
  1.54389158E-01  2.92884279E-02  9.90920793E-03  1.88164748E-02  1.42146386E-02
  1.31421061E-02  1.81697011E-01  1.32538471E-02  1.89460032E-02  4.47083497E-03
  1.13612618E-02  7.85051007E-03  7.48340227E-03  2.10486799E-01  1.47959515E-02
  5.74427657E-03  3.15817818E-03  2.89040362E-03  4.95750923E-03  3.92907299E-03
  3.81733780E-03  2.25365892E-01  1.59845930E-02  2.01398725E-04  4.95612202E-03
  9.68045439E-04  1.55301637E-03  2.29072385E-03  1.97565346E-03  1.91662787E-03
  2.19853982E-01  2.10263468E-02  1.23603691E-04  1.16833391E-04  2.36835144E-03
  5.37708518E-04  7.96823471E-04  9.37728910E-04  9.10423463E-04  8.94320488E-04
  3.05792779E-01  1.91987809E-02  1.03133891E-04  6.30458890E-05  2.09564751E-05
  1.09558424E-03  2.59593275E-04  2.96726008E-04  4.10330918E-04  3.74519383E-04
  4.18445532E-04  2.86916941E-01  1.81243792E-02  8.94591722E-06  3.48357717E-05
  2.65604140E-05  1.10200226E-05  4.91390645E-04  1.15547926E-04  1.17475895E-04
  1.79476367E-04  1.52577384E-04  2.00621318E-04  3.90546620E-01  2.70819236E-02
  5.07531830E-08  2.06147524E-05  2.30420198E-07  1.44125634E-05  4.47981074E-06
  1.48185369E-04  4.98431218E-05  4.71879866E-05  7.79476468E-05  6.37453049E-05
  9.94165166E-05  1.36454046E-01  2.50416771E-02  9.31870363E-06  1.67671033E-08
  4.14922624E-06  3.96703683E-08  6.66814140E-06  2.60434035E-06  8.54169193E-05
  2.06337336E-05  1.91649578E-05  3.29894283E-05  2.58257896E-05  4.96665270E-05
  3.22144896E-01  1.08691677E-02  1.17412757E-03  0.00000000E+00  1.74276291E-08
  1.82333167E-06  1.44387871E-08  2.65173207E-06  1.46202206E-06  1.79096474E-04
  8.55321832E-06  7.49503033E-06  1.41671862E-05  1.08294553E-05  2.61452060E-05
  8.79917085E-01  3.17658372E-02  1.01065519E-03  0.00000000E+00  0.00000000E+00
  8.28146263E-09  9.15604346E-07  5.45861489E-09  1.23476343E-06  7.07810102E-07
  8.59408829E-05  3.52153847E-06  3.03617276E-06  6.06615686E-06  4.56083217E-06
  1.42202971E-05  6.10786080E-01  7.42710754E-02  0.00000000E+00  4.57046350E-04
  0.00000000E+00  0.00000000E+00  3.17524251E-09  3.44692296E-07  2.03795647E-09
  4.64331066E-07  3.62537975E-07  1.97792633E-05  1.43015416E-06  1.25684562E-06
  2.64793334E-06  1.95201619E-06  7.80934261E-06  5.84680140E-01  4.47483547E-02
  0.00000000E+00  0.00000000E+00  1.46990293E-04  0.00000000E+00  0.00000000E+00
  1.18690069E-09  1.28785729E-07  7.57050589E-10  1.72577046E-07  1.93692415E-07
  8.31594843E-06  5.88186140E-07  5.30652244E-07  1.19037350E-06  8.71388636E-07
  3.90179275E-06  4.81007099E-01  4.12962027E-02  0.00000000E+00  0.00000000E+00
  0.00000000E+00  5.55531406E-05  0.00000000E+00  0.00000000E+00  1.51630611E-10
  5.09838287E-08  2.80481860E-10  6.42373053E-08  9.96105598E-08  2.93035623E-06
  2.50496555E-07  2.34163849E-07  5.55354063E-07  3.98923817E-07  1.89406887E-06
  5.22303104E-01  3.17316838E-02  0.00000000E+00  0.00000000E+00  0.00000000E+00
  0.00000000E+00  1.88736503E-05  0.00000000E+00  0.00000000E+00  0.00000000E+00
  2.79319075E-08  1.03824525E-10  2.40133051E-08  4.76284576E-08  3.68108232E-07
  1.07803828E-07  1.10371012E-07  2.66400320E-07  1.90346029E-07  9.16361273E-07
  5.29824972E-01  3.56653705E-02  0.00000000E+00  0.00000000E+00  0.00000000E+00
  0.00000000E+00  0.00000000E+00  7.13665668E-06  0.00000000E+00  0.00000000E+00
  0.00000000E+00  1.28127144E-08  3.84545382E-11  9.05057540E-09  2.10987885E-08
  1.11745798E-07  4.78125983E-08  5.47170806E-08  1.31503981E-07  9.53305133E-08
  4.42682705E-07  7.65807211E-01  3.50686722E-02  0.00000000E+00  0.00000000E+00
  0.00000000E+00  0.00000000E+00  0.00000000E+00  1.39878046E-06  1.64719211E-06
  0.00000000E+00  0.00000000E+00  0.00000000E+00  4.16631130E-09  1.24255866E-11
  3.01037106E-09  7.85497356E-09  3.85467800E-08  1.80612325E-08  2.38292248E-08
  5.65308014E-08  4.19778665E-08  1.80321905E-07  5.98254204E-01  7.04755709E-02
  0.00000000E+00  0.00000000E+00  0.00000000E+00  0.00000000E+00  0.00000000E+00
  0.00000000E+00  2.94090205E-06  3.64762975E-08  0.00000000E+00  0.00000000E+00
  0.00000000E+00  2.65738187E-09  7.83102489E-12  1.97637728E-09  5.65225022E-09
  2.69153340E-08  1.44426480E-08  2.12950013E-08  4.94271077E-08  3.78762444E-08
  1.43983812E-07  5.78287840E-01  2.28095129E-02  0.00000000E+00  0.00000000E+00
  0.00000000E+00  0.00000000E+00  0.00000000E+00  0.00000000E+00  0.00000000E+00
  5.92563197E-07  0.00000000E+00  0.00000000E+00  0.00000000E+00  0.00000000E+00
  5.44028766E-10  1.56225586E-12  4.28752617E-10  1.36071265E-09  6.44016085E-09
  3.32103878E-09  6.44975140E-09  1.55609747E-08  1.17717693E-08  3.81602270E-08
  5.54802537E-01  3.69327106E-02  0.00000000E+00  0.00000000E+00  0.00000000E+00
  0.00000000E+00  0.00000000E+00  0.00000000E+00  0.00000000E+00  0.00000000E+00
  1.65762373E-07  0.00000000E+00  0.00000000E+00  0.00000000E+00  0.00000000E+00
  1.55695151E-10  4.52929632E-13  1.32728523E-10  4.49989712E-10  2.06357220E-09
  1.16848176E-09  2.47484633E-09  5.99921934E-09  4.55338967E-09  1.30451738E-08
  5.93369246E-01  6.51768968E-02  3.29008867E-06  0.00000000E+00  0.00000000E+00
  0.00000000E+00  0.00000000E+00  0.00000000E+00  0.00000000E+00  0.00000000E+00
  0.00000000E+00  1.32421050E-07  0.00000000E+00  0.00000000E+00  0.00000000E+00
  0.00000000E+00  1.30466929E-10  3.66519830E-13  1.19938795E-10  4.31240710E-10
  1.96721284E-09  1.18365584E-09  2.70919842E-09  6.52678001E-09  5.07876718E-09
  1.28332598E-08  5.97905636E-01  3.19847204E-02  0.00000000E+00  0.00000000E+00
  0.00000000E+00  0.00000000E+00  0.00000000E+00  0.00000000E+00  0.00000000E+00
  0.00000000E+00  0.00000000E+00  0.00000000E+00  4.97110584E-08  0.00000000E+00
  0.00000000E+00  0.00000000E+00  0.00000000E+00  5.43372465E-11  1.44204310E-13
  5.55496066E-11  2.15619023E-10  8.98358388E-10  5.82278670E-10  1.62365754E-09
  3.86689569E-09  3.08118642E-09  6.67276101E-09  5.95984280E-01  2.99350284E-02
  0.00000000E+00  0.00000000E+00  0.00000000E+00  0.00000000E+00  0.00000000E+00
  0.00000000E+00  0.00000000E+00  0.00000000E+00  0.00000000E+00  0.00000000E+00
  0.00000000E+00  1.51514161E-08  0.00000000E+00  0.00000000E+00  0.00000000E+00
  0.00000000E+00  1.90121235E-11  4.70872629E-14  1.96591840E-11  8.79334036E-11
  3.54886759E-10  2.19061200E-10  7.35469408E-10  1.83426541E-09  1.51148272E-09
  2.68953038E-09  5.97654998E-01  3.41502838E-02  0.00000000E+00  0.00000000E+00
  0.00000000E+00  0.00000000E+00  0.00000000E+00  0.00000000E+00  0.00000000E+00
  0.00000000E+00  0.00000000E+00  0.00000000E+00  0.00000000E+00  0.00000000E+00
  5.79137849E-09  0.00000000E+00  0.00000000E+00  0.00000000E+00  0.00000000E+00
  7.41186973E-12  1.99970435E-14  8.53817104E-12  4.49668774E-11  4.99926073E-11
  1.13091217E-10  4.37604175E-10  1.10367770E-09  9.08837672E-10  1.50519319E-09
  3.12911114E-03  6.12374842E-01  3.37449685E-02  0.00000000E+00  0.00000000E+00
  0.00000000E+00  0.00000000E+00  0.00000000E+00  0.00000000E+00  0.00000000E+00
  0.00000000E+00  0.00000000E+00  0.00000000E+00  0.00000000E+00  0.00000000E+00
  0.00000000E+00  2.77489209E-09  0.00000000E+00  0.00000000E+00  0.00000000E+00
  0.00000000E+00  0.00000000E+00  1.12802520E-14  5.32620736E-12  3.10938914E-11
  3.13324995E-12  5.39891951E-11  3.48482465E-10  8.78808082E-10  7.23391569E-10
  1.07613429E-09 -1.22178401E-09  3.13464925E-02  6.28419995E-01  1.99018084E-02
  0.00000000E+00  0.00000000E+00  0.00000000E+00  0.00000000E+00  0.00000000E+00
  0.00000000E+00  0.00000000E+00  0.00000000E+00  0.00000000E+00  0.00000000E+00
  0.00000000E+00  0.00000000E+00  0.00000000E+00  0.00000000E+00  1.05122944E-09
  0.00000000E+00  0.00000000E+00  0.00000000E+00  0.00000000E+00  0.00000000E+00
  5.55933727E-15  8.73182548E-13  9.85370032E-12  8.66865715E-13  3.74688856E-11
  2.78630868E-10  7.04618197E-10  5.73577352E-10  8.52494186E-10  8.86287764E-02
  5.99823058E-01  1.47708494E-03  0.00000000E+00  0.00000000E+00  0.00000000E+00
  0.00000000E+00  0.00000000E+00  0.00000000E+00  0.00000000E+00  0.00000000E+00
  0.00000000E+00  0.00000000E+00  0.00000000E+00  0.00000000E+00  0.00000000E+00
  0.00000000E+00  0.00000000E+00  4.98323813E-11  0.00000000E+00  0.00000000E+00
  0.00000000E+00  0.00000000E+00  0.00000000E+00  4.04796860E-16  2.70331174E-16
  5.63046083E-13  1.59664472E-15  1.45583155E-12  3.30414550E-11  8.95969549E-11
  7.18564236E-11  9.62716157E-11  5.50689220E-01  3.09718912E-03  4.47728468E-08
  0.00000000E+00  0.00000000E+00  0.00000000E+00  0.00000000E+00  0.00000000E+00
  0.00000000E+00  0.00000000E+00  0.00000000E+00  0.00000000E+00  0.00000000E+00
  0.00000000E+00  0.00000000E+00  0.00000000E+00  0.00000000E+00  0.00000000E+00
  6.10273811E-12  0.00000000E+00  0.00000000E+00  0.00000000E+00  0.00000000E+00
  0.00000000E+00  6.27997771E-17  4.54361873E-17  4.51966881E-16  8.46275912E-17
  2.81107408E-15  4.78452217E-12  8.98850525E-12  4.46561798E-12  1.27351515E-11
->       8      12       2      33                                 <-   
SIGS01                                                                          
  8.46296847E-02  1.08850233E-01  1.04821056E-01  7.91475028E-02  4.99024540E-02
  4.29139398E-02  3.90761904E-02  3.04130800E-02  2.75104754E-02  1.37834111E-02
  1.51810320E-02  1.58301387E-02  1.53330304E-02  3.17926053E-03  5.81535650E-03
  1.39109073E-02  9.36079212E-03  9.51463636E-03  7.26935407E-03  6.72993762E-03
  6.82618748E-03  1.01403799E-02  7.50034768E-03  7.40987528E-03  7.47964997E-03
  7.52847176E-03  7.57372752E-03  7.60094542E-03  7.61597557E-03  7.62640359E-03
  7.80826947E-03  7.79865962E-03  7.83350319E-03
->       8      12       1      33                                 <-   
NJJS01                                                                          
         1         2         3         4         5         6         7         8
         9        10        11        12        13        14        15        16
        17        18        19        20        21        22        23        24
        25        26        27        28        29        31        33        29
        19
->       8      12       1      33                                 <-   
IJJS01                                                                          
         1         2         3         4         5         6         7         8
         9        10        11        12        13        14        15        16
        17        18        19        20        21        22        23        24
        25        26        27        28        29        31        33        33
        33
->       8      12       2     547                                 <-   
SCAT01                                                                          
  7.88078457E-02  1.04315281E-01  2.56495364E-03  1.02865584E-01  2.31550308E-03
  1.16893521E-03  8.06637779E-02  7.40341377E-04  1.18939707E-03  9.18614620E-04
  5.25102764E-02 -9.01052787E-04  7.30204978E-04  6.50798960E-04  6.88113680E-04
  4.55622971E-02 -2.81260512E-03 -6.32768322E-04  4.65381221E-04  2.79458502E-04
  3.19578539E-04  4.30372022E-02 -3.18949670E-03  7.06677733E-04 -3.17856575E-05
  6.58076169E-05  7.04213307E-05  8.28251141E-05  3.72107700E-02 -3.96378012E-03
  4.47944272E-04 -5.16715576E-04  4.87869729E-05 -4.71203475E-06  3.93422451E-05
  4.62084099E-05  3.70807946E-02 -6.79440424E-03  4.52078393E-06  5.37069318E-05
  1.23545169E-05  1.95771627E-05 -1.68939150E-05  2.16628905E-05  9.88918509E-06
  2.02590209E-02 -9.56739299E-03 -2.98187661E-06 -2.51557094E-06  2.12227460E-05
  4.10818711E-06 -4.11391147E-06 -1.22598713E-05 -1.47005549E-05 -9.07206413E-07
  1.97542794E-02 -6.47668261E-03 -1.18328194E-06 -4.73361183E-07  6.21224217E-07
  6.63809988E-05  9.60494958E-07 -8.27470285E-06 -4.80301378E-06 -9.71370446E-06
  4.98944519E-06  2.50635128E-02 -4.57324507E-03  1.81022369E-06 -1.65686674E-06
  3.40727752E-07 -3.77261244E-08 -7.75830995E-05 -1.24118446E-06 -3.43010970E-06
 -2.88722185E-06 -3.52628467E-06  4.65041921E-06  2.46424600E-02 -9.22578014E-03
  4.09912992E-10 -5.52191523E-07 -8.72511805E-08  8.17387686E-08 -8.66601368E-08
  8.13329370E-06 -6.76150592E-07 -1.30313799E-06 -2.15318846E-06 -1.82217354E-06
  3.36357266E-06  6.53565489E-03 -9.31684766E-03 -7.59262457E-06 -2.06777817E-10
 -1.78940638E-07  3.80614377E-12 -1.53446379E-07  2.17426432E-07 -1.68156407E-06
 -6.24343670E-08 -9.60745183E-07 -1.08127244E-06 -7.88374052E-07  3.04697664E-06
  1.54494774E-02 -3.33414017E-03  7.41988970E-06  0.00000000E+00  7.76758324E-10
  3.14615889E-08  2.14672429E-11 -8.44277359E-09  5.39864864E-09  4.93629705E-05
 -2.07864801E-07 -4.67606270E-07 -7.02659065E-07 -5.33380557E-07  2.58586556E-06
  3.72428112E-02 -9.63465311E-03 -1.11924210E-05  0.00000000E+00  0.00000000E+00
 -1.29600553E-10 -2.21523155E-08 -2.75387764E-12 -3.95103541E-08  1.40033309E-08
 -2.51444217E-05 -2.31792470E-07 -2.46535109E-07 -3.87990099E-07 -3.13078033E-07
  2.11054248E-06  2.40344480E-02 -2.33318992E-02  0.00000000E+00 -6.72901933E-06
  0.00000000E+00  0.00000000E+00 -6.50313761E-11 -1.08424292E-08 -1.31922273E-12
 -2.41132412E-08  1.50602233E-08  1.38529424E-06 -1.04016131E-07 -1.24186244E-07
 -2.07176583E-07 -1.35942585E-07  1.63716788E-06  2.34658998E-02 -1.46736531E-02
  0.00000000E+00  0.00000000E+00 -1.81982568E-06  0.00000000E+00  0.00000000E+00
 -4.26741906E-11 -5.22923216E-09 -6.27651685E-13 -1.14368648E-08  1.34556766E-08
 -9.20311209E-07 -4.29097753E-08 -5.94713399E-08 -9.59106217E-08 -5.80484034E-08
  7.65238553E-07  1.75788831E-02 -1.39512625E-02  0.00000000E+00  0.00000000E+00
  0.00000000E+00 -1.46609011E-06  0.00000000E+00  0.00000000E+00 -7.00114411E-11
 -1.94158467E-10 -2.97120754E-13 -5.39870459E-09  4.56458693E-09 -1.52706843E-06
 -1.68159158E-08 -2.40735218E-08 -3.91266610E-08 -2.26541985E-08  3.06125060E-07
  1.83016509E-02 -1.03095295E-02  0.00000000E+00  0.00000000E+00  0.00000000E+00
  0.00000000E+00 -4.05369008E-07  0.00000000E+00  0.00000000E+00  0.00000000E+00
  1.39708534E-09 -1.40024711E-13 -2.53468735E-09 -1.22263533E-09 -1.08067489E-07
 -8.32239877E-09 -9.60857971E-09 -1.78149158E-08 -8.39448333E-09  1.18571840E-07
  1.81597192E-02 -1.15717147E-02  0.00000000E+00  0.00000000E+00  0.00000000E+00
  0.00000000E+00  0.00000000E+00 -1.99078784E-07  0.00000000E+00  0.00000000E+00
  0.00000000E+00 -1.08330611E-09 -6.56271980E-14 -1.18073218E-09 -2.80217249E-09
 -1.87160278E-08 -3.46913520E-09 -4.02977429E-09 -7.84626053E-09 -3.12116710E-09
  4.59716958E-08  3.36641110E-02 -1.13335308E-02  0.00000000E+00  0.00000000E+00
  0.00000000E+00  0.00000000E+00  0.00000000E+00  6.77590549E-07 -4.11250909E-07
  0.00000000E+00  0.00000000E+00  0.00000000E+00 -4.35214864E-10 -2.61248288E-14
 -4.59315641E-10 -1.62644653E-09 -7.40835260E-09 -1.63378311E-09 -1.46838808E-09
 -2.58465693E-09 -1.77017290E-10  1.49008947E-08  1.49884047E-02 -2.35237312E-02
  0.00000000E+00  0.00000000E+00  0.00000000E+00  0.00000000E+00  0.00000000E+00
  0.00000000E+00 -7.26545863E-08 -3.15491775E-08  0.00000000E+00  0.00000000E+00
  0.00000000E+00 -3.39636791E-10 -1.95458392E-14 -3.61945474E-10 -1.32696620E-09
 -5.34303357E-09 -7.79991072E-10 -9.72675940E-10 -1.51723301E-09  4.48079268E-10
  9.89695259E-09  1.95304248E-02 -7.48805655E-03  0.00000000E+00  0.00000000E+00
  0.00000000E+00  0.00000000E+00  0.00000000E+00  0.00000000E+00  0.00000000E+00
 -3.70286344E-08  0.00000000E+00  0.00000000E+00  0.00000000E+00  0.00000000E+00
 -8.68650429E-11 -5.74215705E-15 -9.02186659E-11 -3.07246922E-10 -1.11712062E-09
 -6.61542876E-10 -1.85328641E-10 -2.83813389E-10  1.02076000E-10  2.24604624E-09
  2.88721565E-02 -1.21175060E-02  0.00000000E+00  0.00000000E+00  0.00000000E+00
  0.00000000E+00  0.00000000E+00  0.00000000E+00  0.00000000E+00  0.00000000E+00
 -1.26219364E-08  0.00000000E+00  0.00000000E+00  0.00000000E+00  0.00000000E+00
 -3.18555529E-11 -1.90709299E-15 -2.78576832E-11 -9.21661844E-11 -3.53392843E-10
 -2.05363129E-10 -3.61785844E-11 -8.08073539E-11  3.00248680E-11  5.98791183E-10
  1.80281010E-02 -2.13925131E-02 -3.04823652E-06  0.00000000E+00  0.00000000E+00
  0.00000000E+00  0.00000000E+00  0.00000000E+00  0.00000000E+00  0.00000000E+00
  0.00000000E+00 -1.20746799E-08  0.00000000E+00  0.00000000E+00  0.00000000E+00
  0.00000000E+00 -3.02891809E-11 -1.74740991E-15 -2.33210638E-11 -7.48036771E-11
 -2.49886362E-10 -1.67739878E-10 -5.32114422E-11 -5.51166716E-11  2.73358679E-11
  4.76789719E-10  1.73032675E-02 -1.04996320E-02  0.00000000E+00  0.00000000E+00
  0.00000000E+00  0.00000000E+00  0.00000000E+00  0.00000000E+00  0.00000000E+00
  0.00000000E+00  0.00000000E+00  0.00000000E+00 -5.77098502E-09  0.00000000E+00
  0.00000000E+00  0.00000000E+00  0.00000000E+00 -1.37439244E-11 -7.76114478E-16
 -8.26408299E-12 -2.41307131E-11 -1.17868604E-10 -8.06830436E-11 -2.54644604E-11
 -1.43348207E-11  1.31713147E-11  1.77038564E-10  1.88542828E-02 -9.72953811E-03
  0.00000000E+00  0.00000000E+00  0.00000000E+00  0.00000000E+00  0.00000000E+00
  0.00000000E+00  0.00000000E+00  0.00000000E+00  0.00000000E+00  0.00000000E+00
  0.00000000E+00 -2.08080886E-09  0.00000000E+00  0.00000000E+00  0.00000000E+00
  0.00000000E+00 -4.86554850E-12 -1.20715774E-16 -3.60703004E-12 -2.16091554E-12
 -2.26831106E-11 -2.64695627E-11  9.68202948E-13  2.64711755E-12  5.93681311E-12
  3.51660472E-11  1.86122209E-02 -1.12533383E-02  0.00000000E+00  0.00000000E+00
  0.00000000E+00  0.00000000E+00  0.00000000E+00  0.00000000E+00  0.00000000E+00
  0.00000000E+00  0.00000000E+00  0.00000000E+00  0.00000000E+00  0.00000000E+00
 -1.02844566E-09  0.00000000E+00  0.00000000E+00  0.00000000E+00  0.00000000E+00
 -1.81252235E-12  0.00000000E+00 -2.30674941E-12  3.82927414E-12 -6.74172567E-12
 -7.37664964E-12  6.41563490E-14  1.03723790E-12  2.23712086E-12  1.20098029E-11
  4.44429053E-04  1.40828695E-02 -1.09962467E-02  0.00000000E+00  0.00000000E+00
  0.00000000E+00  0.00000000E+00  0.00000000E+00  0.00000000E+00  0.00000000E+00
  0.00000000E+00  0.00000000E+00  0.00000000E+00  0.00000000E+00  0.00000000E+00
  0.00000000E+00 -6.32078945E-10  0.00000000E+00  0.00000000E+00  0.00000000E+00
  0.00000000E+00  0.00000000E+00  0.00000000E+00 -1.27321114E-12  7.70267530E-12
 -2.25389314E-13  1.04499374E-12 -1.19085336E-14  0.00000000E+00  9.13310118E-13
  1.82543108E-23  8.62115712E-10 -3.38551495E-03  7.74076441E-03 -6.45646546E-03
  0.00000000E+00  0.00000000E+00  0.00000000E+00  0.00000000E+00  0.00000000E+00
  0.00000000E+00  0.00000000E+00  0.00000000E+00  0.00000000E+00  0.00000000E+00
  0.00000000E+00  0.00000000E+00  0.00000000E+00  0.00000000E+00 -2.68407657E-10
  0.00000000E+00  0.00000000E+00  0.00000000E+00  0.00000000E+00  0.00000000E+00
  0.00000000E+00 -1.76415469E-13 -4.81777107E-13 -6.31447138E-14  8.13097333E-12
  7.07149016E-25  0.00000000E+00  1.05807520E-13  2.08522265E-24 -1.45580657E-02
  1.18338233E-02 -3.76884767E-04  0.00000000E+00  0.00000000E+00  0.00000000E+00
  0.00000000E+00  0.00000000E+00  0.00000000E+00  0.00000000E+00  0.00000000E+00
  0.00000000E+00  0.00000000E+00  0.00000000E+00  0.00000000E+00  0.00000000E+00
  0.00000000E+00  0.00000000E+00 -9.18462095E-12  0.00000000E+00  0.00000000E+00
  0.00000000E+00  0.00000000E+00  0.00000000E+00  0.00000000E+00  0.00000000E+00
 -2.37571701E-14  0.00000000E+00  9.29469392E-13  2.23915689E-02 -6.49647962E-04
 -3.90925159E-08  0.00000000E+00  0.00000000E+00  0.00000000E+00  0.00000000E+00
  0.00000000E+00  0.00000000E+00  0.00000000E+00  0.00000000E+00  0.00000000E+00
  0.00000000E+00  0.00000000E+00  0.00000000E+00  0.00000000E+00  0.00000000E+00
  0.00000000E+00 -2.43188878E-13
->       8      12       1       2                                 <-   
SCAT-SAVED                                                                      
         1         1
->       8      12       2       8                                 <-   
LAMBDA-D                                                                        
  1.24666998E-02  2.82917004E-02  4.25244011E-02  1.33041993E-01  2.92467207E-01
  6.66487694E-01  1.63478100E+00  3.55460000E+00
->      -8       0       0       0                                 <-   
->       6      12       3       3                                 <-   
SIGNATURE                                                                       
         4         4         4
L_LIBRARY   
->       6      12       1      40                                 <-   
STATE-VECTOR                                                                    
         1         1        33         2         0         0         1         0
         0         0         0         0        12         1         0         0
         0         1         8         0         0         1         0         0
         0         0         0         0         0         0         0         0
         0         0         0         0         0         0         0         0
->       6      12       1       1                                 <-   
ISOTOPESMIX                                                                     
         1
->       6      12       3       3                                 <-   
ISOTOPESUSED                                                                    
         4         4         4
*MAC*RES    
->       6      12       3       3                                 <-   
ISOTOPERNAME                                                                    
         4         4         4
*MAC*RES    
->       6      12       2       1                                 <-   
ISOTOPESDENS                                                                    
  1.00000000E+00
->       6      12       1       1                                 <-   
ISOTOPESTYPE                                                                    
         1
->       6      12       1       1                                 <-   
ISOTOPESTODO                                                                    
         1
->       6      12       2       1                                 <-   
ISOTOPESVOL                                                                     
  2.34294758E+01
->       6      12       2       1                                 <-   
ISOTOPESTEMP                                                                    
  7.13160034E+02
->       6      12       2       1                                 <-   
MIXTURESVOL                                                                     
  2.34294758E+01
->       6      12       2       1                                 <-   
K-EFFECTIVE                                                                     
  1.00000000E+00
->       6      12       2       1                                 <-   
K-INFINITY                                                                      
  1.33843088E+00
->       6      12       2       1                                 <-   
B2  B1HOM                                                                       
  9.46207670E-04
->       6      12       3      24                                 <-   
ADDXSNAME-P0                                                                    
         4         4         4         4         4         4         4         4
         4         4         4         4         4         4         4         4
         4         4         4         4         4         4         4         4
NFTOT   NG      N2N     N3N     N4N     NA      NP      N2A     NNP     ND      
NT      TRANC   
->       6      12       2      34                                 <-   
ENERGY                                                                          
  1.96403300E+07  1.00000000E+07  6.06530700E+06  3.67879400E+06  2.23130200E+06
  1.35335300E+06  8.20850000E+05  4.97870688E+05  3.01973812E+05  1.83156406E+05
  1.11090000E+05  6.73794688E+04  4.08677109E+04  2.47875195E+04  1.50343896E+04
  9.11882031E+03  5.53084424E+03  3.35462598E+03  2.03468396E+03  1.23409802E+03
  7.48518311E+02  4.53999298E+02  3.04324799E+02  1.48575897E+02  9.16608810E+01
  6.79040527E+01  4.01689987E+01  2.26032906E+01  1.37095900E+01  8.31528664E+00
  4.00000000E+00  5.40000975E-01  1.00000098E-01  1.10002802E-04
->       6      12       2      33                                 <-   
DELTAU                                                                          
  6.75000012E-01  4.99999970E-01  5.00000179E-01  4.99999672E-01  5.00000060E-01
  5.00000119E-01  5.00000060E-01  5.00000119E-01  4.99999821E-01  4.99999762E-01
  5.00000358E-01  5.00000060E-01  5.00000060E-01  5.00000060E-01  4.99999762E-01
  4.99999970E-01  5.00000179E-01  4.99999762E-01  5.00000119E-01  4.99999970E-01
  5.00000060E-01  4.00000095E-01  7.16999590E-01  4.83000249E-01  2.99999952E-01
  5.25000155E-01  5.75000048E-01  4.99999881E-01  4.99999970E-01  7.31801212E-01
  2.00247860E+00  1.68639970E+00  6.81242085E+00
->      -6       0       0       0                                 <-   
->       5       0       0      -1                                 <-   00000015
->       6      12      10       1                                 <-   
ISOTOPESLIST                                                                    
->       7       0       0      -1                                 <-   00000001
->       8      12       3       3                                 <-   
ALIAS                                                                           
         4         4         4
*MAC*RES0001
->       8      12       2       1                                 <-   
AWR                                                                             
  1.91772270E+01
->       8      12       2      33                                 <-   
NWT0                                                                            
  5.74900241E-06  8.36871041E-05  4.83820913E-04  5.79502014E-03  2.53173001E-02
  4.86266874E-02  1.14074834E-01  9.84176993E-02  1.06584609E-01  1.04890220E-01
  9.68740061E-02  8.97372738E-02  6.79770038E-02  7.63290524E-02  5.75595535E-02
  3.72962244E-02  3.44240218E-02  2.43192427E-02  1.58149209E-02  8.11258331E-03
  4.37250594E-03  1.60138146E-03  1.25690387E-03  2.18149711E-04  4.55178561E-05
  2.22054350E-05  3.37721985E-06  4.56733972E-07  5.32166347E-08  6.65365807E-09
  9.26630661E-10  2.66312694E-10  1.86643145E-10
->       8      12       2      33                                 <-   
NTOT0                                                                           
  5.28538287E-01  6.02608860E-01  7.65845478E-01  7.52742052E-01  5.92453182E-01
  5.51378071E-01  5.59064209E-01  7.10780442E-01  8.38021815E-01  9.90727007E-01
  1.32972169E+00  1.08660734E+00  1.23828185E+00  1.10246646E+00  1.17277086E+00
  1.35679865E+00  1.25499475E+00  1.26382232E+00  1.26720381E+00  1.30754113E+00
  1.32686770E+00  1.41094422E+00  1.39957094E+00  1.45672655E+00  1.49978387E+00
  1.55104876E+00  1.63752401E+00  1.75430655E+00  1.89340210E+00  2.08282399E+00
  2.60678673E+00  6.94766808E+00  9.70386410E+00
->       8      12       2      33                                 <-   
NG                                                                              
  1.63753473E-04  8.00578200E-05  7.17224684E-05  1.18582815E-04  8.71868324E-05
  1.24335886E-04  2.70608842E-04  1.76746398E-04  1.37396957E-04  3.00035113E-04
  3.97735304E-04  2.07888108E-04  3.26385518E-04  1.61137068E-04  2.04440890E-04
  4.21567500E-04  2.46892945E-04  2.08812809E-04  5.93897596E-04  7.38888187E-03
  4.66357335E-04  1.40957441E-03  6.71524846E-04  1.50521612E-03  1.06305617E-03
  2.59665074E-03  1.52182847E-03  1.94571400E-03  2.63528619E-03  3.26771778E-03
  5.37987519E-03  2.28396747E-02  3.39098386E-02
->       8      12       2      33                                 <-   
N2N                                                                             
  1.55793235E-01  1.11731272E-02  0.00000000E+00  0.00000000E+00  0.00000000E+00
  0.00000000E+00  0.00000000E+00  0.00000000E+00  0.00000000E+00  0.00000000E+00
  0.00000000E+00  0.00000000E+00  0.00000000E+00  0.00000000E+00  0.00000000E+00
  0.00000000E+00  0.00000000E+00  0.00000000E+00  0.00000000E+00  0.00000000E+00
  0.00000000E+00  0.00000000E+00  0.00000000E+00  0.00000000E+00  0.00000000E+00
  0.00000000E+00  0.00000000E+00  0.00000000E+00  0.00000000E+00  0.00000000E+00
  0.00000000E+00  0.00000000E+00  0.00000000E+00
->       8      12       2      33                                 <-   
N3N                                                                             
  3.85048537E-04  0.00000000E+00  0.00000000E+00  0.00000000E+00  0.00000000E+00
  0.00000000E+00  0.00000000E+00  0.00000000E+00  0.00000000E+00  0.00000000E+00
  0.00000000E+00  0.00000000E+00  0.00000000E+00  0.00000000E+00  0.00000000E+00
  0.00000000E+00  0.00000000E+00  0.00000000E+00  0.00000000E+00  0.00000000E+00
  0.00000000E+00  0.00000000E+00  0.00000000E+00  0.00000000E+00  0.00000000E+00
  0.00000000E+00  0.00000000E+00  0.00000000E+00  0.00000000E+00  0.00000000E+00
  0.00000000E+00  0.00000000E+00  0.00000000E+00
->       8      12       2      33                                 <-   
NA                                                                              
  1.11778104E-03  5.45110146E-04  9.13889322E-04  1.09349343E-03  1.34325237E-03
  8.17133812E-04  1.87162950E-03  3.09493672E-03  4.41435771E-03  5.96327381E-03
  7.36939814E-03  9.10362788E-03  1.15471911E-02  1.46966241E-02  1.89056192E-02
  2.46428363E-02  3.14868800E-02  4.04434055E-02  5.21507524E-02  6.71205968E-02
  8.60142186E-02  1.07863382E-01  1.39471978E-01  1.91632047E-01  2.35709101E-01
  2.82274663E-01  3.70187610E-01  4.85631138E-01  6.23526514E-01  8.11975241E-01
  1.33341706E+00  5.65341187E+00  8.39411831E+00
->       8      12       2      33                                 <-   
NP                                                                              
  2.31413962E-03  1.28730072E-03  4.35740221E-04  1.50054489E-04  4.09280583E-05
  5.39769007E-06  7.10554730E-07  1.71034443E-07  5.23241219E-08  1.69343295E-08
  7.78970044E-09  5.17665377E-09  5.21230525E-09  5.72669601E-09  6.30354213E-09
  6.96901159E-09  7.64539898E-09  8.40581471E-09  9.25674826E-09  1.04248574E-08
  1.31059972E-08  1.63782108E-08  2.11012985E-08  2.88829511E-08  3.54528673E-08
  4.23791953E-08  5.54262591E-08  7.25135436E-08  9.28709554E-08  1.20659280E-07
  1.97358631E-07  8.33590548E-07  1.23757684E-06
->       8      12       2      33                                 <-   
N2A                                                                             
  1.53729839E-12  0.00000000E+00  0.00000000E+00  0.00000000E+00  0.00000000E+00
  0.00000000E+00  0.00000000E+00  0.00000000E+00  0.00000000E+00  0.00000000E+00
  0.00000000E+00  0.00000000E+00  0.00000000E+00  0.00000000E+00  0.00000000E+00
  0.00000000E+00  0.00000000E+00  0.00000000E+00  0.00000000E+00  0.00000000E+00
  0.00000000E+00  0.00000000E+00  0.00000000E+00  0.00000000E+00  0.00000000E+00
  0.00000000E+00  0.00000000E+00  0.00000000E+00  0.00000000E+00  0.00000000E+00
  0.00000000E+00  0.00000000E+00  0.00000000E+00
->       8      12       2      33                                 <-   
NNP                                                                             
  2.95619509E-04  8.50673842E-09  0.00000000E+00  0.00000000E+00  0.00000000E+00
  0.00000000E+00  0.00000000E+00  0.00000000E+00  0.00000000E+00  0.00000000E+00
  0.00000000E+00  0.00000000E+00  0.00000000E+00  0.00000000E+00  0.00000000E+00
  0.00000000E+00  0.00000000E+00  0.00000000E+00  0.00000000E+00  0.00000000E+00
  0.00000000E+00  0.00000000E+00  0.00000000E+00  0.00000000E+00  0.00000000E+00
  0.00000000E+00  0.00000000E+00  0.00000000E+00  0.00000000E+00  0.00000000E+00
  0.00000000E+00  0.00000000E+00  0.00000000E+00
->       8      12       2      33                                 <-   
ND                                                                              
  1.60534662E-04  1.15702984E-04  6.07517086E-06  0.00000000E+00  0.00000000E+00
  0.00000000E+00  0.00000000E+00  0.00000000E+00  0.00000000E+00  0.00000000E+00
  0.00000000E+00  0.00000000E+00  0.00000000E+00  0.00000000E+00  0.00000000E+00
  0.00000000E+00  0.00000000E+00  0.00000000E+00  0.00000000E+00  0.00000000E+00
  0.00000000E+00  0.00000000E+00  0.00000000E+00  0.00000000E+00  0.00000000E+00
  0.00000000E+00  0.00000000E+00  0.00000000E+00  0.00000000E+00  0.00000000E+00
  0.00000000E+00  0.00000000E+00  0.00000000E+00
->       8      12       2      33                                 <-   
NT                                                                              
  3.38379796E-05  1.23006005E-16  0.00000000E+00  0.00000000E+00  0.00000000E+00
  0.00000000E+00  0.00000000E+00  0.00000000E+00  0.00000000E+00  0.00000000E+00
  0.00000000E+00  0.00000000E+00  0.00000000E+00  0.00000000E+00  0.00000000E+00
  0.00000000E+00  0.00000000E+00  0.00000000E+00  0.00000000E+00  0.00000000E+00
  0.00000000E+00  0.00000000E+00  0.00000000E+00  0.00000000E+00  0.00000000E+00
  0.00000000E+00  0.00000000E+00  0.00000000E+00  0.00000000E+00  0.00000000E+00
  0.00000000E+00  0.00000000E+00  0.00000000E+00
->       8      12       2      33                                 <-   
H-FACTOR                                                                        
  1.16742766E-16  6.17497276E-17  6.28841363E-17  1.03488884E-16  8.53645561E-17
  1.17468011E-16  2.25403144E-16  1.79252871E-16  1.70732395E-16  2.86575545E-16
  4.07229327E-16  2.56943368E-16  4.15773587E-16  2.10920601E-16  2.96791821E-16
  6.31863285E-16  3.60802154E-16  2.87570094E-16  8.01705514E-16  9.12213573E-15
  5.93866552E-16  2.00766841E-15  9.11319995E-16  1.80394597E-15  1.39758096E-15
  3.62594772E-15  1.98822456E-15  2.53003257E-15  3.37900840E-15  4.24637606E-15
  6.99051082E-15  2.96775340E-14  4.40624439E-14
->       8      12       2      33                                 <-   
OVERV                                                                           
  2.13689663E-10  2.69813061E-10  3.46033785E-10  4.48504789E-10  5.58761315E-10
  7.15143833E-10  9.20257925E-10  1.16836263E-09  1.49095247E-09  1.92668104E-09
  2.47626519E-09  3.15658477E-09  4.05812361E-09  5.18032017E-09  6.64610766E-09
  8.62783267E-09  1.09749383E-08  1.40389345E-08  1.80327380E-08  2.31353283E-08
  2.95790308E-08  3.70222821E-08  4.77879709E-08  6.55603500E-08  8.05949796E-08
  9.64694777E-08  1.26410285E-07  1.65722497E-07  2.12644807E-07  2.76816365E-07
  4.54467198E-07  1.91978324E-06  2.85869828E-06
->       8      12       2      33                                 <-   
STRD                                                                            
  4.48932886E-01  4.73182440E-01  5.69155276E-01  7.24885225E-01  6.86962187E-01
  6.85449243E-01  6.94625616E-01  8.51770222E-01  1.12127411E+00  1.35916507E+00
  1.78176332E+00  1.54981399E+00  1.66652167E+00  1.63735855E+00  1.73958445E+00
  1.91870368E+00  1.83619344E+00  1.86927533E+00  1.86094034E+00  1.92749000E+00
  1.92827225E+00  2.03302741E+00  2.01571131E+00  2.05432415E+00  2.08717012E+00
  2.14739466E+00  2.15418816E+00  2.30939507E+00  2.11396551E+00  2.30440402E+00
  2.10024881E+00  3.06006479E+00  2.98365283E+00
->       8      12       2      33                                 <-   
SIGS00                                                                          
  6.79271281E-01  6.11129165E-01  7.63832867E-01  7.51200557E-01  5.90864837E-01
  5.50430298E-01  5.56921065E-01  7.07508087E-01  8.33469927E-01  9.84463453E-01
  1.32195425E+00  1.07729566E+00  1.22640836E+00  1.08760893E+00  1.15366137E+00
  1.33173394E+00  1.22326052E+00  1.22317016E+00  1.21445930E+00  1.23303127E+00
  1.24038613E+00  1.30167103E+00  1.25942779E+00  1.26358902E+00  1.26301134E+00
  1.26617730E+00  1.26581359E+00  1.26672935E+00  1.26723874E+00  1.26757991E+00
  1.26798737E+00  1.27140558E+00  1.27581954E+00
->       8      12       1      33                                 <-   
NJJS00                                                                          
         1         2         3         4         5         6         7         8
         9        10        11        12        13        14        15        16
        17        18        19        20        21        22        23        24
        25        26        27        28        29        31        33        33
        33
->       8      12       1      33                                 <-   
IJJS00                                                                          
         1         2         3         4         5         6         7         8
         9        10        11        12        13        14        15        16
        17        18        19        20        21        22        23        24
        25        26        27        28        29        31        33        33
        33
->       8      12       2     565                                 <-   
SCAT00                                                                          
  2.58384854E-01  3.33508670E-01  2.93899551E-02  5.57901859E-01  2.87038554E-02
  3.97821628E-02  6.80293322E-01  3.49210761E-02  5.68888411E-02  7.52122402E-02
  5.48457801E-01  5.02504967E-02  4.10261601E-02  7.84193799E-02  9.81379673E-02
  5.16119301E-01  3.47038582E-02  5.12187276E-03  5.52111827E-02  5.21594733E-02
  7.77796432E-02  5.29300630E-01  2.92231180E-02  6.31056121E-03  5.48159098E-03
  3.51294167E-02  3.11359297E-02  4.97161336E-02  6.66222453E-01  2.75014285E-02
  1.69504341E-03  9.13668540E-04  4.47736075E-03  2.06086207E-02  1.62914842E-02
  2.67081726E-02  7.90462673E-01  4.12105694E-02  5.95992824E-05  1.74872717E-03
  2.33157363E-04  2.80692847E-03  1.08076409E-02  7.70811271E-03  1.27789844E-02
  9.36730802E-01  4.29624319E-02  3.18863531E-05  4.56022863E-05  9.38313082E-04
  1.34345013E-04  1.71565707E-03  4.55392478E-03  3.44127486E-03  5.91671513E-03
  1.27093410E+00  4.77208719E-02  3.11253825E-05  2.29788984E-05  6.61045624E-06
  3.83320119E-04  6.42619270E-05  6.55257725E-04  2.07650149E-03  1.55114464E-03
  2.81909504E-03  1.02649927E+00  5.10204323E-02  2.12601708E-06  1.32281139E-05
  9.69683788E-06  3.80265192E-06  1.54840323E-04  2.77443087E-05  2.45745265E-04
  9.25370958E-04  6.87307562E-04  1.34568941E-03  1.16155601E+00  5.07937074E-02
  1.64707487E-07  6.42302348E-06  3.25275153E-07  5.94023550E-06  1.63627112E-06
  4.60374358E-05  1.16377541E-05  9.42945480E-05  3.93814174E-04  3.27051763E-04
  6.65649655E-04  1.03929281E+00  6.45556524E-02  2.83559280E-06  6.16236306E-08
  1.97671238E-06  1.02283693E-07  2.83160080E-06  8.80990285E-07  2.68799613E-05
  4.68467215E-06  3.63517465E-05  1.64424535E-04  1.58552692E-04  3.32928728E-04
  1.10344768E+00  4.77717854E-02  2.96399754E-04  0.00000000E+00  3.35854899E-08
  7.74788361E-07  3.87198966E-08  1.10049632E-06  4.33655373E-07  5.71711171E-05
  1.86750458E-06  1.35119953E-05  6.66726992E-05  7.60107359E-05  1.73392866E-04
  1.26953435E+00  5.02123795E-02  2.87990057E-04  0.00000000E+00  0.00000000E+00
  1.43487924E-08  3.09141285E-07  1.46243622E-08  4.65328270E-07  1.95001249E-07
  2.74442318E-05  7.41997269E-07  5.03905085E-06  2.77069175E-05  3.80254387E-05
  7.79827897E-05  1.17182553E+00  6.21993616E-02  0.00000000E+00  1.54409019E-04
  0.00000000E+00  0.00000000E+00  5.50155166E-09  1.16317842E-07  5.46000267E-09
  1.74165351E-07  9.50644221E-08  6.31257808E-06  3.00558554E-07  1.88442550E-06
  1.10041874E-05  1.82751428E-05  3.05083304E-05  1.17392325E+00  5.14351502E-02
  0.00000000E+00  0.00000000E+00  6.33812015E-05  0.00000000E+00  0.00000000E+00
  2.05647144E-09  4.34447500E-08  2.02825468E-09  6.47300311E-08  4.83060134E-08
  2.65444146E-06  1.27470230E-07  7.06815456E-07  4.38062352E-06  8.35699029E-06
  1.18208409E-05  1.16641963E+00  4.92466316E-02  0.00000000E+00  0.00000000E+00
  0.00000000E+00  2.45804422E-05  0.00000000E+00  0.00000000E+00  2.62721261E-10
  1.65591363E-08  7.51446683E-10  2.40930724E-08  2.38505660E-08  9.35270975E-07
  5.59685631E-08  2.67457011E-07  1.75323066E-06  3.74435854E-06  4.52133554E-06
  1.18544877E+00  4.80396710E-02  0.00000000E+00  0.00000000E+00  0.00000000E+00
  0.00000000E+00  9.07267622E-06  0.00000000E+00  0.00000000E+00  0.00000000E+00
  7.31381355E-09  2.78153223E-10  9.00584585E-09  1.10805427E-08  1.17113188E-07
  2.46317935E-08  1.03037699E-07  7.30344539E-07  1.71021770E-06  1.73052206E-06
  1.19566488E+00  4.75826934E-02  0.00000000E+00  0.00000000E+00  0.00000000E+00
  0.00000000E+00  0.00000000E+00  3.43063357E-06  0.00000000E+00  0.00000000E+00
  0.00000000E+00  3.03413716E-09  1.03018497E-10  3.39389450E-09  4.83069940E-09
  3.55063214E-08  1.08743086E-08  4.06111766E-08  3.26769566E-07  8.51349910E-07
  6.68005214E-07  1.23857987E+00  4.47212905E-02  0.00000000E+00  0.00000000E+00
  0.00000000E+00  0.00000000E+00  0.00000000E+00  4.26119755E-07  7.91815125E-07
  0.00000000E+00  0.00000000E+00  0.00000000E+00  9.86584481E-10  3.32858185E-11
  1.12865628E-09  1.77993065E-09  1.22471953E-08  4.14577928E-09  1.41843177E-08
  1.34965887E-07  4.40215956E-07  2.24984291E-07  1.23832023E+00  6.30910769E-02
  1.97551046E-07  0.00000000E+00  0.00000000E+00  0.00000000E+00  0.00000000E+00
  0.00000000E+00  8.95906453E-07  1.75343757E-08  0.00000000E+00  0.00000000E+00
  0.00000000E+00  6.29252761E-10  2.09749561E-11  7.40843997E-10  1.26978661E-09
  8.55473470E-09  3.30540684E-09  9.99699257E-09  1.17486827E-07  4.03236299E-07
  1.48111880E-07  1.22532594E+00  2.11074688E-02  0.00000000E+00  0.00000000E+00
  0.00000000E+00  0.00000000E+00  0.00000000E+00  0.00000000E+00  0.00000000E+00
  1.80516437E-07  0.00000000E+00  0.00000000E+00  0.00000000E+00  0.00000000E+00
  1.28834068E-10  4.18394703E-12  1.60633035E-10  3.03003317E-10  2.04449324E-09
  8.22989343E-10  2.24576069E-09  3.42622606E-08  9.90528193E-08  3.10317745E-08
  1.18871152E+00  3.77581939E-02  0.00000000E+00  0.00000000E+00  0.00000000E+00
  0.00000000E+00  0.00000000E+00  0.00000000E+00  0.00000000E+00  0.00000000E+00
  5.04972881E-08  0.00000000E+00  0.00000000E+00  0.00000000E+00  0.00000000E+00
  3.68748539E-11  1.21286640E-12  4.97075055E-11  9.96941349E-11  6.54730270E-10
  2.90992619E-10  6.61735167E-10  1.14371712E-08  3.00763290E-08  9.07946074E-09
  1.24097443E+00  7.43000433E-02  5.04551048E-04  0.00000000E+00  0.00000000E+00
  0.00000000E+00  0.00000000E+00  0.00000000E+00  0.00000000E+00  0.00000000E+00
  0.00000000E+00  4.03403000E-08  0.00000000E+00  0.00000000E+00  0.00000000E+00
  0.00000000E+00  3.09042583E-11  9.81160791E-13  4.48994973E-11  9.51253312E-11
  6.23928964E-10  2.95275165E-10  6.25982488E-10  1.03629176E-08  2.50070062E-08
  7.64268826E-09  1.24146473E+00  2.52026934E-02  0.00000000E+00  0.00000000E+00
  0.00000000E+00  0.00000000E+00  0.00000000E+00  0.00000000E+00  0.00000000E+00
  0.00000000E+00  0.00000000E+00  0.00000000E+00  1.51438080E-08  0.00000000E+00
  0.00000000E+00  0.00000000E+00  0.00000000E+00  1.28738738E-11  3.85826923E-13
  2.07837185E-11  4.72984846E-11  2.84606949E-10  1.39402004E-10  2.89226920E-10
  4.46751347E-09  9.86683091E-09  3.14005977E-09  1.24230492E+00  2.43492182E-02
  0.00000000E+00  0.00000000E+00  0.00000000E+00  0.00000000E+00  0.00000000E+00
  0.00000000E+00  0.00000000E+00  0.00000000E+00  0.00000000E+00  0.00000000E+00
  0.00000000E+00  4.61567584E-09  0.00000000E+00  0.00000000E+00  0.00000000E+00
  0.00000000E+00  4.50573693E-12  1.26303671E-13  7.35419885E-12  1.92179085E-11
  1.12456641E-10  5.01866153E-11  8.12817799E-11  1.41499912E-09  3.02265790E-09
  5.34009614E-10  1.24251747E+00  2.44245790E-02  0.00000000E+00  0.00000000E+00
  0.00000000E+00  0.00000000E+00  0.00000000E+00  0.00000000E+00  0.00000000E+00
  0.00000000E+00  0.00000000E+00  0.00000000E+00  0.00000000E+00  0.00000000E+00
  1.76426584E-09  0.00000000E+00  0.00000000E+00  0.00000000E+00  0.00000000E+00
  1.87745956E-12  5.37686588E-14  3.19499635E-12  9.66968519E-12  1.56466316E-11
  2.45989305E-11  4.61337600E-11  5.85028304E-10  1.17282895E-09  2.81895174E-10
  7.54413055E-03  1.25770903E+00  2.47211903E-02  0.00000000E+00  0.00000000E+00
  0.00000000E+00  0.00000000E+00  0.00000000E+00  0.00000000E+00  0.00000000E+00
  0.00000000E+00  0.00000000E+00  0.00000000E+00  0.00000000E+00  0.00000000E+00
  0.00000000E+00  8.45333636E-10  0.00000000E+00  0.00000000E+00  0.00000000E+00
  0.00000000E+00  0.00000000E+00  3.03306845E-14  1.99263479E-12  6.63036986E-12
  9.87381834E-13  1.04328577E-11  3.62613828E-11  1.79748175E-10  5.70664682E-10
  1.82093826E-10 -1.49471234E-07  6.01730542E-04  1.25990903E+00  9.87111405E-03
  0.00000000E+00  0.00000000E+00  0.00000000E+00  0.00000000E+00  0.00000000E+00
  0.00000000E+00  0.00000000E+00  0.00000000E+00  0.00000000E+00  0.00000000E+00
  0.00000000E+00  0.00000000E+00  0.00000000E+00  0.00000000E+00  3.20242943E-10
  0.00000000E+00  0.00000000E+00  0.00000000E+00  0.00000000E+00  0.00000000E+00
  1.49481156E-14  3.31340180E-13  2.14728821E-12  3.17643752E-13  6.41967382E-12
  2.89763786E-11  1.44096624E-10  1.78215373E-10  1.43486056E-10  1.23130709E-01
  1.16045809E+00  5.33593469E-04  0.00000000E+00  0.00000000E+00  0.00000000E+00
  0.00000000E+00  0.00000000E+00  0.00000000E+00  0.00000000E+00  0.00000000E+00
  0.00000000E+00  0.00000000E+00  0.00000000E+00  0.00000000E+00  0.00000000E+00
  0.00000000E+00  0.00000000E+00  1.51807664E-11  0.00000000E+00  0.00000000E+00
  0.00000000E+00  0.00000000E+00  0.00000000E+00  1.08843003E-15  6.53086596E-16
  1.25777291E-13  3.91663249E-15  2.64812098E-13  3.27360795E-12  1.83095691E-11
  1.33075773E-11  1.66282526E-11  1.15268946E+00  1.10345878E-01  9.62712647E-08
  0.00000000E+00  0.00000000E+00  0.00000000E+00  0.00000000E+00  0.00000000E+00
  0.00000000E+00  0.00000000E+00  0.00000000E+00  0.00000000E+00  0.00000000E+00
  0.00000000E+00  0.00000000E+00  0.00000000E+00  0.00000000E+00  0.00000000E+00
  1.85911746E-12  0.00000000E+00  0.00000000E+00  0.00000000E+00  0.00000000E+00
  0.00000000E+00  1.68857964E-16  1.09768184E-16  1.17902613E-15  2.00051818E-16
  6.61375946E-15  4.62373249E-13  1.74496962E-12  7.61564639E-13  2.16900478E-12
->       8      12       2      33                                 <-   
SIGS01                                                                          
  2.21174002E-01  2.65200317E-01  3.70301068E-01  2.70385802E-01  1.37737006E-01
  1.04065835E-01  9.51013640E-02  9.07047391E-02  7.81403035E-02  6.17540218E-02
  5.52885756E-02  3.38595286E-02  2.87021771E-02  1.71842389E-02  1.42753050E-02
  1.45513946E-02  1.17550781E-02  1.10759325E-02  1.03726219E-02  1.01766475E-02
  1.01307444E-02  1.08071705E-02  1.02479337E-02  1.02468785E-02  1.02752764E-02
  1.02923494E-02  1.03098778E-02  1.03206988E-02  1.03269527E-02  1.03316288E-02
  1.06569799E-02  1.07029388E-02  1.06564499E-02
->       8      12       1      33                                 <-   
NJJS01                                                                          
         1         2         3         4         5         6         7         8
         9        10        11        12        13        14        15        16
        17        18        19        20        21        22        23        24
        25        26        27        28        29        31        33        29
        19
->       8      12       1      33                                 <-   
IJJS01                                                                          
         1         2         3         4         5         6         7         8
         9        10        11        12        13        14        15        16
        17        18        19        20        21        22        23        24
        25        26        27        28        29        31        33        33
        33
->       8      12       2     547                                 <-   
SCAT01                                                                          
  2.07228705E-01  2.60624975E-01  5.00770984E-03  3.72220963E-01  7.43294891E-04
  3.67527548E-03  2.80075043E-01 -4.13509551E-03  1.97771587E-03  2.62991688E-03
  1.45684436E-01 -9.45746992E-03  1.12920010E-03  1.09453418E-03  1.23885181E-03
  1.11105710E-01 -7.99610280E-03 -2.99206586E-04  2.63985945E-04  3.97977798E-04
  7.69637176E-04  1.00176141E-01 -7.22268177E-03  2.34026200E-04  2.64449063E-05
  4.51664237E-04  2.16608896E-04  4.31821769E-04  1.02896847E-01 -5.07588219E-03
  1.31944878E-04 -1.88760736E-04  3.14000172E-05  6.70636800E-05  7.27881707E-05
  1.36760355E-04  9.24070477E-02 -1.21917790E-02  1.96031851E-06  4.07335174E-05
  3.38320638E-06  3.53664582E-05  1.39249809E-04  5.83929868E-05  4.62083626E-05
  7.59545267E-02 -1.42661165E-02 -3.07637663E-07 -1.19174081E-06  1.17574336E-05
  8.05496143E-07 -8.94103778E-06  8.27302138E-05 -2.26012685E-06 -2.21067949E-05
  7.00706169E-02 -1.42008262E-02 -8.07771272E-08 -1.14324806E-07  3.16774532E-07
  1.36417611E-05  8.33586355E-08 -1.02176700E-05  4.53557150E-05  4.96608936E-06
  1.17354830E-05  4.95125689E-02 -1.47820273E-02  4.92468303E-07 -5.10848338E-07
  1.30002945E-07 -3.15790487E-08 -2.48044616E-05 -3.59493271E-07 -3.81310292E-06
  2.68793119E-05  8.33118247E-06  1.59936517E-05  4.67758067E-02 -1.56507473E-02
  1.76240778E-09 -8.13446732E-08 -3.62893751E-08  1.10610259E-07 -2.17108447E-08
  2.60353545E-06 -2.48536622E-07 -1.17898981E-06  6.38698657E-06 -4.26223835E-07
 -2.51712049E-06  3.25708091E-02 -1.80693790E-02 -2.31036347E-06 -6.75219713E-10
 -4.65231693E-08  7.79681614E-12 -6.51643859E-08  4.33624407E-08 -4.39097960E-07
 -1.04492017E-07 -8.34333719E-07  2.72798229E-06  1.90929131E-06  8.29118471E-06
  3.01122051E-02 -1.53844832E-02 -4.25390544E-06  0.00000000E+00  4.02481187E-10
 -1.01726494E-08  4.39752575E-11 -1.86968521E-08  1.91345689E-10  1.57864906E-05
 -7.30244665E-08 -3.97766001E-07  1.49329196E-07  1.20407014E-06  3.01367368E-06
  3.38043310E-02 -1.58370659E-02  4.03009551E-07  0.00000000E+00  0.00000000E+00
 -2.24551072E-10 -7.49145368E-09 -5.64126827E-12 -1.64597367E-08  2.40532860E-09
 -8.03486546E-06 -4.88955578E-08 -1.90875298E-07  3.18130247E-07  1.75908355E-07
 -2.82812562E-06  2.79283747E-02 -1.92529354E-02  0.00000000E+00 -7.10452127E-07
  0.00000000E+00  0.00000000E+00 -1.12675952E-10 -3.66321551E-09 -2.70240384E-12
 -8.96585561E-09  3.20609295E-09  4.44342703E-07 -1.62235079E-08 -9.15154601E-08
 -2.48636951E-07  9.04078021E-08 -9.40299230E-07  2.68287193E-02 -1.61732994E-02
  0.00000000E+00  0.00000000E+00 -7.84696340E-07  0.00000000E+00  0.00000000E+00
 -7.39390077E-11 -1.76598713E-09 -1.28573324E-12 -4.25248814E-09  2.81013213E-09
 -2.93495049E-07 -5.90259042E-09 -4.36635759E-08 -1.49922670E-07 -1.81681671E-07
 -8.92859816E-07  2.56875157E-02 -1.57527886E-02  0.00000000E+00  0.00000000E+00
  0.00000000E+00 -4.85737530E-07  0.00000000E+00  0.00000000E+00 -1.21304619E-10
 -5.46335088E-10 -6.08646488E-13 -2.00736205E-09  8.47309667E-10 -4.87839998E-07
 -2.43853626E-09 -1.94793248E-08 -6.21700806E-08 -8.98212775E-08 -3.92016318E-07
  2.55493410E-02 -1.53148947E-02  0.00000000E+00  0.00000000E+00  0.00000000E+00
  0.00000000E+00 -1.94863318E-07  0.00000000E+00  0.00000000E+00  0.00000000E+00
 -6.69741762E-11 -2.86838099E-13 -9.42454781E-10 -2.98934794E-10 -3.43962832E-08
 -1.54582258E-09 -8.75469297E-09 -1.67050498E-08  5.37686873E-08 -1.41373448E-07
  2.47070286E-02 -1.53726917E-02  0.00000000E+00  0.00000000E+00  0.00000000E+00
  0.00000000E+00  0.00000000E+00 -9.56983541E-08  0.00000000E+00  0.00000000E+00
  0.00000000E+00 -2.56669436E-10 -1.34436123E-13 -4.39023234E-10 -6.02906614E-10
 -5.91077098E-09 -8.37703351E-10 -3.94460420E-09  4.99700015E-09  1.01252596E-07
 -5.10752187E-08  3.19342390E-02 -1.45760868E-02  0.00000000E+00  0.00000000E+00
  0.00000000E+00  0.00000000E+00  0.00000000E+00  2.06418875E-07 -1.97690781E-07
  0.00000000E+00  0.00000000E+00  0.00000000E+00 -1.03114767E-10 -5.35162362E-14
 -1.70784081E-10 -3.46709828E-10 -2.33978992E-09 -3.50387858E-10 -1.53365443E-09
  8.58544880E-09  1.28984098E-07 -1.63042468E-08  1.73294917E-02 -2.11270694E-02
 -1.96139069E-07  0.00000000E+00  0.00000000E+00  0.00000000E+00  0.00000000E+00
  0.00000000E+00 -2.21332463E-08 -1.51658792E-08  0.00000000E+00  0.00000000E+00
  0.00000000E+00 -8.04799630E-11 -4.00392982E-14 -1.34579611E-10 -2.82184442E-10
 -1.68699021E-09 -1.85150423E-10 -1.15062559E-09  1.50815751E-08  1.38169995E-07
 -9.91633176E-09  2.32939720E-02 -7.08155660E-03  0.00000000E+00  0.00000000E+00
  0.00000000E+00  0.00000000E+00  0.00000000E+00  0.00000000E+00  0.00000000E+00
 -1.12802772E-08  0.00000000E+00  0.00000000E+00  0.00000000E+00  0.00000000E+00
 -2.05688834E-11 -1.17627050E-14 -3.35453644E-11 -6.54358581E-11 -3.52182811E-10
 -1.01895346E-10 -2.89251345E-10  8.55504201E-09  2.69703051E-08 -1.81096116E-09
  3.47597338E-02 -1.26093403E-02  0.00000000E+00  0.00000000E+00  0.00000000E+00
  0.00000000E+00  0.00000000E+00  0.00000000E+00  0.00000000E+00  0.00000000E+00
 -3.84510424E-09  0.00000000E+00  0.00000000E+00  0.00000000E+00  0.00000000E+00
 -7.53956880E-12 -3.90664555E-15 -1.03581249E-11 -1.96625199E-11 -1.11482303E-10
 -2.75470115E-11 -7.38933220E-11  2.97841152E-09  7.28613392E-09 -5.10986475E-10
  1.93261076E-02 -2.44844537E-02 -4.37750772E-04  0.00000000E+00  0.00000000E+00
  0.00000000E+00  0.00000000E+00  0.00000000E+00  0.00000000E+00  0.00000000E+00
  0.00000000E+00 -3.67838937E-09  0.00000000E+00  0.00000000E+00  0.00000000E+00
  0.00000000E+00 -7.16679190E-12 -3.57953752E-15 -8.67130586E-12 -1.60078392E-11
 -7.86605919E-11 -1.58260609E-11 -7.24972443E-11  2.53462984E-09  5.82311843E-09
 -4.04425604E-10  1.85321961E-02 -9.03376099E-03  0.00000000E+00  0.00000000E+00
  0.00000000E+00  0.00000000E+00  0.00000000E+00  0.00000000E+00  0.00000000E+00
  0.00000000E+00  0.00000000E+00  0.00000000E+00 -1.75805337E-09  0.00000000E+00
  0.00000000E+00  0.00000000E+00  0.00000000E+00 -3.24995716E-12 -1.58985638E-15
 -3.07277554E-12 -5.22149901E-12 -3.72605835E-11 -9.13363482E-12 -2.68753960E-11
  9.87193438E-10  2.20832286E-09 -1.46860482E-10  1.92391351E-02 -8.22231825E-03
  0.00000000E+00  0.00000000E+00  0.00000000E+00  0.00000000E+00  0.00000000E+00
  0.00000000E+00  0.00000000E+00  0.00000000E+00  0.00000000E+00  0.00000000E+00
  0.00000000E+00 -6.33890551E-10  0.00000000E+00  0.00000000E+00  0.00000000E+00
  0.00000000E+00 -1.14949586E-12 -2.47284096E-16 -1.34117641E-12 -5.23138878E-13
 -7.19695744E-12 -1.19127169E-12  4.79074246E-13  2.86655200E-10  6.30635821E-10
  1.19629723E-11  1.92348044E-02 -8.91843997E-03  0.00000000E+00  0.00000000E+00
  0.00000000E+00  0.00000000E+00  0.00000000E+00  0.00000000E+00  0.00000000E+00
  0.00000000E+00  0.00000000E+00  0.00000000E+00  0.00000000E+00  0.00000000E+00
 -3.13302162E-10  0.00000000E+00  0.00000000E+00  0.00000000E+00  0.00000000E+00
 -4.57194937E-13  0.00000000E+00 -8.57702310E-13  7.85056373E-13 -2.21970619E-12
  1.02897606E-12  5.17652124E-14  9.94152399E-11  2.37580927E-10  4.07855694E-12
 -1.92595526E-05  1.36395860E-02 -8.90785176E-03  0.00000000E+00  0.00000000E+00
  0.00000000E+00  0.00000000E+00  0.00000000E+00  0.00000000E+00  0.00000000E+00
  0.00000000E+00  0.00000000E+00  0.00000000E+00  0.00000000E+00  0.00000000E+00
  0.00000000E+00 -1.92554403E-10  0.00000000E+00  0.00000000E+00  0.00000000E+00
  0.00000000E+00  0.00000000E+00  0.00000000E+00 -4.73409018E-13  1.59904360E-12
 -8.55483626E-14 -2.72547691E-14 -1.26078440E-15  0.00000000E+00  9.65443697E-11
  4.34236185E-23  1.02240030E-07 -7.57022062E-05  1.08171497E-02 -3.30795557E-03
  0.00000000E+00  0.00000000E+00  0.00000000E+00  0.00000000E+00  0.00000000E+00
  0.00000000E+00  0.00000000E+00  0.00000000E+00  0.00000000E+00  0.00000000E+00
  0.00000000E+00  0.00000000E+00  0.00000000E+00  0.00000000E+00 -8.17667947E-11
  0.00000000E+00  0.00000000E+00  0.00000000E+00  0.00000000E+00  0.00000000E+00
  0.00000000E+00 -6.55953089E-14 -1.00014926E-13 -2.02460949E-14  9.86349132E-13
  7.55125712E-25  0.00000000E+00  1.14912151E-11  4.96035816E-24 -2.09084246E-02
  2.92307530E-02 -1.40826422E-04  0.00000000E+00  0.00000000E+00  0.00000000E+00
  0.00000000E+00  0.00000000E+00  0.00000000E+00  0.00000000E+00  0.00000000E+00
  0.00000000E+00  0.00000000E+00  0.00000000E+00  0.00000000E+00  0.00000000E+00
  0.00000000E+00  0.00000000E+00 -2.79797192E-12  0.00000000E+00  0.00000000E+00
  0.00000000E+00  0.00000000E+00  0.00000000E+00  0.00000000E+00  0.00000000E+00
 -4.93188957E-15  0.00000000E+00  1.25750904E-13  3.15647759E-02 -1.84521098E-02
 -8.35610336E-08  0.00000000E+00  0.00000000E+00  0.00000000E+00  0.00000000E+00
  0.00000000E+00  0.00000000E+00  0.00000000E+00  0.00000000E+00  0.00000000E+00
  0.00000000E+00  0.00000000E+00  0.00000000E+00  0.00000000E+00  0.00000000E+00
  0.00000000E+00 -7.40842392E-14
->       8      12       1       2                                 <-   
SCAT-SAVED                                                                      
         1         1
->       8      12       2       8                                 <-   
LAMBDA-D                                                                        
  1.24666998E-02  2.82917004E-02  4.25244011E-02  1.33041993E-01  2.92467207E-01
  6.66487694E-01  1.63478100E+00  3.55460000E+00
->      -8       0       0       0                                 <-   
->       6      12       3       3                                 <-   
SIGNATURE                                                                       
         4         4         4
L_LIBRARY   
->       6      12       1      40                                 <-   
STATE-VECTOR                                                                    
         1         1        33         2         0         0         1         0
         0         0         0         0        12         1         0         0
         0         1         8         0         0         1         0         0
         0         0         0         0         0         0         0         0
         0         0         0         0         0         0         0         0
->       6      12       1       1                                 <-   
ISOTOPESMIX                                                                     
         1
->       6      12       3       3                                 <-   
ISOTOPESUSED                                                                    
         4         4         4
*MAC*RES    
->       6      12       3       3                                 <-   
ISOTOPERNAME                                                                    
         4         4         4
*MAC*RES    
->       6      12       2       1                                 <-   
ISOTOPESDENS                                                                    
  1.00000000E+00
->       6      12       1       1                                 <-   
ISOTOPESTYPE                                                                    
         1
->       6      12       1       1                                 <-   
ISOTOPESTODO                                                                    
         1
->       6      12       2       1                                 <-   
ISOTOPESVOL                                                                     
  2.34294758E+01
->       6      12       2       1                                 <-   
ISOTOPESTEMP                                                                    
  7.13160034E+02
->       6      12       2       1                                 <-   
MIXTURESVOL                                                                     
  2.34294758E+01
->       6      12       2       1                                 <-   
K-EFFECTIVE                                                                     
  9.99999940E-01
->       6      12       2       1                                 <-   
K-INFINITY                                                                      
  9.04695511E-01
->       6      12       2       1                                 <-   
B2  B1HOM                                                                       
 -2.35224469E-03
->       6      12       3      24                                 <-   
ADDXSNAME-P0                                                                    
         4         4         4         4         4         4         4         4
         4         4         4         4         4         4         4         4
         4         4         4         4         4         4         4         4
NFTOT   NG      N2N     N3N     N4N     NA      NP      N2A     NNP     ND      
NT      TRANC   
->       6      12       2      34                                 <-   
ENERGY                                                                          
  1.96403300E+07  1.00000000E+07  6.06530700E+06  3.67879400E+06  2.23130200E+06
  1.35335300E+06  8.20850000E+05  4.97870688E+05  3.01973812E+05  1.83156406E+05
  1.11090000E+05  6.73794688E+04  4.08677109E+04  2.47875195E+04  1.50343896E+04
  9.11882031E+03  5.53084424E+03  3.35462598E+03  2.03468396E+03  1.23409802E+03
  7.48518311E+02  4.53999298E+02  3.04324799E+02  1.48575897E+02  9.16608810E+01
  6.79040527E+01  4.01689987E+01  2.26032906E+01  1.37095900E+01  8.31528664E+00
  4.00000000E+00  5.40000975E-01  1.00000098E-01  1.10002802E-04
->       6      12       2      33                                 <-   
DELTAU                                                                          
  6.75000012E-01  4.99999970E-01  5.00000179E-01  4.99999672E-01  5.00000060E-01
  5.00000119E-01  5.00000060E-01  5.00000119E-01  4.99999821E-01  4.99999762E-01
  5.00000358E-01  5.00000060E-01  5.00000060E-01  5.00000060E-01  4.99999762E-01
  4.99999970E-01  5.00000179E-01  4.99999762E-01  5.00000119E-01  4.99999970E-01
  5.00000060E-01  4.00000095E-01  7.16999590E-01  4.83000249E-01  2.99999952E-01
  5.25000155E-01  5.75000048E-01  4.99999881E-01  4.99999970E-01  7.31801212E-01
  2.00247860E+00  1.68639970E+00  6.81242085E+00
->      -6       0       0       0                                 <-   
->       5       0       0      -1                                 <-   00000016
->       6      12      10       1                                 <-   
ISOTOPESLIST                                                                    
->       7       0       0      -1                                 <-   00000001
->       8      12       3       3                                 <-   
ALIAS                                                                           
         4         4         4
*MAC*RES0001
->       8      12       2       1                                 <-   
AWR                                                                             
  1.44805539E+00
->       8      12       2      33                                 <-   
NWT0                                                                            
  1.40837554E-04  2.23706104E-03  1.07264984E-02  3.17116268E-02  5.47696315E-02
  8.57641846E-02  1.64636344E-01  1.44758761E-01  1.67971104E-01  1.69473693E-01
  1.48674235E-01  1.25839636E-01  9.28744078E-02  8.69616121E-02  5.67810126E-02
  3.05893347E-02  2.58705411E-02  1.52778365E-02  8.19094013E-03  3.11876042E-03
  1.23233232E-03  3.12339456E-04  1.63652541E-04  1.45566728E-05  1.82100496E-06
  5.76406364E-07  5.36512772E-08  5.84972337E-09  9.52937618E-10  1.28154842E-09
  3.17968274E-09  3.71073283E-10  2.48774668E-10
->       8      12       2      33                                 <-   
NTOT0                                                                           
  8.58238488E-02  1.00029126E-01  1.05342709E-01  1.09352820E-01  1.05867140E-01
  1.00364283E-01  1.12690531E-01  1.48239821E-01  1.54389590E-01  1.57149956E-01
  1.92362532E-01  1.87039986E-01  2.78980672E-01  1.54849976E-01  2.12142006E-01
  3.89144748E-01  2.83799142E-01  2.88964331E-01  2.91789174E-01  3.31451446E-01
  3.48931819E-01  4.26703393E-01  4.20135379E-01  4.77317810E-01  5.21028459E-01
  5.69479764E-01  6.58354282E-01  7.77159929E-01  9.24149573E-01  1.23514736E+00
  1.65770328E+00  6.00431871E+00  8.61974907E+00
->       8      12       2      33                                 <-   
NG                                                                              
  1.53671299E-05  1.55190282E-05  2.59479002E-05  4.21000987E-05  4.61714881E-05
  5.88120456E-05  7.73638967E-05  1.05359220E-04  1.30709130E-04  1.46910883E-04
  2.44697439E-04  1.91712577E-04  3.07231792E-04  1.63875491E-04  2.02811818E-04
  4.22601443E-04  2.46998097E-04  2.06593017E-04  5.97418169E-04  7.87009858E-03
  4.55749687E-04  1.31591631E-03  6.79365010E-04  1.53946027E-03  1.03592197E-03
  2.18156585E-03  1.51737256E-03  1.94657431E-03  2.65567144E-03  3.78939928E-03
  5.49138291E-03  2.29642503E-02  3.34661156E-02
->       8      12       2      33                                 <-   
N2N                                                                             
  3.16653610E-03  1.23850608E-04  0.00000000E+00  0.00000000E+00  0.00000000E+00
  0.00000000E+00  0.00000000E+00  0.00000000E+00  0.00000000E+00  0.00000000E+00
  0.00000000E+00  0.00000000E+00  0.00000000E+00  0.00000000E+00  0.00000000E+00
  0.00000000E+00  0.00000000E+00  0.00000000E+00  0.00000000E+00  0.00000000E+00
  0.00000000E+00  0.00000000E+00  0.00000000E+00  0.00000000E+00  0.00000000E+00
  0.00000000E+00  0.00000000E+00  0.00000000E+00  0.00000000E+00  0.00000000E+00
  0.00000000E+00  0.00000000E+00  0.00000000E+00
->       8      12       2      33                                 <-   
N3N                                                                             
  4.04767752E-06  0.00000000E+00  0.00000000E+00  0.00000000E+00  0.00000000E+00
  0.00000000E+00  0.00000000E+00  0.00000000E+00  0.00000000E+00  0.00000000E+00
  0.00000000E+00  0.00000000E+00  0.00000000E+00  0.00000000E+00  0.00000000E+00
  0.00000000E+00  0.00000000E+00  0.00000000E+00  0.00000000E+00  0.00000000E+00
  0.00000000E+00  0.00000000E+00  0.00000000E+00  0.00000000E+00  0.00000000E+00
  0.00000000E+00  0.00000000E+00  0.00000000E+00  0.00000000E+00  0.00000000E+00
  0.00000000E+00  0.00000000E+00  0.00000000E+00
->       8      12       2      33                                 <-   
NA                                                                              
  1.11412106E-03  5.43525210E-04  8.45576520E-04  1.10500271E-03  1.36143330E-03
  8.22623027E-04  1.79895794E-03  3.11192335E-03  4.41028271E-03  5.96724357E-03
  7.38883391E-03  9.09660291E-03  1.16634825E-02  1.46600045E-02  1.88282095E-02
  2.46592890E-02  3.13842148E-02  4.02588956E-02  5.19162789E-02  6.68062046E-02
  8.53754506E-02  1.07294887E-01  1.36862323E-01  1.89700112E-01  2.34666497E-01
  2.79327303E-01  3.68756056E-01  4.86225158E-01  6.31995916E-01  9.41422403E-01
  1.36203146E+00  5.68872499E+00  8.29077053E+00
->       8      12       2      33                                 <-   
NP                                                                              
  2.30679824E-03  1.27821078E-03  4.62227472E-04  1.71815831E-04  4.34022077E-05
  5.32972672E-06  7.44975523E-07  1.67769684E-07  5.24801855E-08  1.68944680E-08
  7.74231701E-09  5.18416066E-09  5.23249533E-09  5.72128567E-09  6.29376684E-09
  6.97084079E-09  7.63592212E-09  8.39125125E-09  9.24098220E-09  1.03864348E-08
  1.30100961E-08  1.62932174E-08  2.07117505E-08  2.85947266E-08  3.52976386E-08
  4.19412203E-08  5.52140946E-08  7.26013099E-08  9.41197413E-08  1.39732293E-07
  2.01561662E-07  8.38796041E-07  1.22234394E-06
->       8      12       2      33                                 <-   
N2A                                                                             
  1.58322075E-12  0.00000000E+00  0.00000000E+00  0.00000000E+00  0.00000000E+00
  0.00000000E+00  0.00000000E+00  0.00000000E+00  0.00000000E+00  0.00000000E+00
  0.00000000E+00  0.00000000E+00  0.00000000E+00  0.00000000E+00  0.00000000E+00
  0.00000000E+00  0.00000000E+00  0.00000000E+00  0.00000000E+00  0.00000000E+00
  0.00000000E+00  0.00000000E+00  0.00000000E+00  0.00000000E+00  0.00000000E+00
  0.00000000E+00  0.00000000E+00  0.00000000E+00  0.00000000E+00  0.00000000E+00
  0.00000000E+00  0.00000000E+00  0.00000000E+00
->       8      12       2      33                                 <-   
NNP                                                                             
  2.96347222E-04  8.11158962E-09  0.00000000E+00  0.00000000E+00  0.00000000E+00
  0.00000000E+00  0.00000000E+00  0.00000000E+00  0.00000000E+00  0.00000000E+00
  0.00000000E+00  0.00000000E+00  0.00000000E+00  0.00000000E+00  0.00000000E+00
  0.00000000E+00  0.00000000E+00  0.00000000E+00  0.00000000E+00  0.00000000E+00
  0.00000000E+00  0.00000000E+00  0.00000000E+00  0.00000000E+00  0.00000000E+00
  0.00000000E+00  0.00000000E+00  0.00000000E+00  0.00000000E+00  0.00000000E+00
  0.00000000E+00  0.00000000E+00  0.00000000E+00
->       8      12       2      33                                 <-   
ND                                                                              
  1.54970243E-04  1.15212060E-04  7.80840219E-06  0.00000000E+00  0.00000000E+00
  0.00000000E+00  0.00000000E+00  0.00000000E+00  0.00000000E+00  0.00000000E+00
  0.00000000E+00  0.00000000E+00  0.00000000E+00  0.00000000E+00  0.00000000E+00
  0.00000000E+00  0.00000000E+00  0.00000000E+00  0.00000000E+00  0.00000000E+00
  0.00000000E+00  0.00000000E+00  0.00000000E+00  0.00000000E+00  0.00000000E+00
  0.00000000E+00  0.00000000E+00  0.00000000E+00  0.00000000E+00  0.00000000E+00
  0.00000000E+00  0.00000000E+00  0.00000000E+00
->       8      12       2      33                                 <-   
NT                                                                              
  3.26843656E-05  1.23775367E-18  0.00000000E+00  0.00000000E+00  0.00000000E+00
  0.00000000E+00  0.00000000E+00  0.00000000E+00  0.00000000E+00  0.00000000E+00
  0.00000000E+00  0.00000000E+00  0.00000000E+00  0.00000000E+00  0.00000000E+00
  0.00000000E+00  0.00000000E+00  0.00000000E+00  0.00000000E+00  0.00000000E+00
  0.00000000E+00  0.00000000E+00  0.00000000E+00  0.00000000E+00  0.00000000E+00
  0.00000000E+00  0.00000000E+00  0.00000000E+00  0.00000000E+00  0.00000000E+00
  0.00000000E+00  0.00000000E+00  0.00000000E+00
->       8      12       2      33                                 <-   
H-FACTOR                                                                        
  1.84624446E-17  1.90267936E-17  3.20867628E-17  5.21980348E-17  5.80456856E-17
  7.42988251E-17  9.66938931E-17  1.32542696E-16  1.66362274E-16  1.86557683E-16
  3.06256621E-16  2.45077204E-16  3.92137238E-16  2.14595347E-16  2.94690174E-16
  6.33829302E-16  3.61108912E-16  2.84791112E-16  8.06821064E-16  9.71368490E-15
  5.84253575E-16  1.85651538E-15  9.26534613E-16  1.84007087E-15  1.36093218E-15
  3.01992805E-15  1.98363300E-15  2.53213046E-15  3.41092290E-15  4.92602260E-15
  7.13814824E-15  2.98509115E-14  4.35026296E-14
->       8      12       2      33                                 <-   
OVERV                                                                           
  2.13718113E-10  2.70325706E-10  3.41289580E-10  4.36404274E-10  5.54393365E-10
  7.17142845E-10  9.12156073E-10  1.17420096E-09  1.49001023E-09  1.92824845E-09
  2.48411713E-09  3.15387538E-09  4.10011580E-09  5.16748822E-09  6.61925048E-09
  8.63349037E-09  1.09398135E-08  1.39758001E-08  1.79529192E-08  2.30287416E-08
  2.93607805E-08  3.68288973E-08  4.68987089E-08  6.48999929E-08  8.02395377E-08
  9.54641592E-08  1.25922696E-07  1.65925172E-07  2.15528559E-07  3.20917138E-07
  4.64217806E-07  1.93166579E-06  2.82322685E-06
->       8      12       2      33                                 <-   
STRD                                                                            
  7.97844157E-02  8.30051005E-02  9.53143165E-02  1.02873221E-01  1.14951484E-01
  1.34772286E-01  1.34565756E-01  1.88542768E-01  2.00363651E-01  2.10979089E-01
  2.59277135E-01  2.55073458E-01  2.88183928E-01  2.45400757E-01  3.17589909E-01
  4.74693537E-01  3.92282009E-01  3.97186130E-01  3.70917827E-01  4.11957920E-01
  4.10172105E-01  4.84739989E-01  4.73169565E-01  4.90276992E-01  5.39945781E-01
  5.62662542E-01  5.16056776E-01  6.35448456E-01  4.95555848E-01  4.28229928E-01
  4.50014025E-01  1.42777407E+00  1.36910641E+00
->       8      12       2      33                                 <-   
SIGS00                                                                          
  8.34354758E-02  9.76071879E-02  1.03420101E-01  1.07854478E-01  1.04297057E-01
  9.94756222E-02  1.10813320E-01  1.45022139E-01  1.49848431E-01  1.51035666E-01
  1.84728920E-01  1.77751586E-01  2.67009765E-01  1.40025973E-01  1.93110913E-01
  3.64062637E-01  2.52167851E-01  2.48498753E-01  2.39275426E-01  2.56774992E-01
  2.63100266E-01  3.18092316E-01  2.82593459E-01  2.86077917E-01  2.85325617E-01
  2.87970364E-01  2.88080245E-01  2.88987368E-01  2.89496660E-01  2.89933771E-01
  2.90177673E-01  2.92617619E-01  2.95496047E-01
->       8      12       1      33                                 <-   
NJJS00                                                                          
         1         2         3         4         5         6         7         8
         9        10        11        12        13        14        15        16
        17        18        19        20        21        22        23        24
        25        26        27        28        29        31        33        33
        33
->       8      12       1      33                                 <-   
IJJS00                                                                          
         1         2         3         4         5         6         7         8
         9        10        11        12        13        14        15        16
        17        18        19        20        21        22        23        24
        25        26        27        28        29        31        33        33
        33
->       8      12       2     565                                 <-   
SCAT00                                                                          
  4.01299745E-02  5.40618412E-02  1.08978916E-02  6.44768178E-02  1.42612886E-02
  6.89901086E-03  7.37926960E-02  1.81207880E-02  9.27352905E-03  7.64945149E-03
  7.20006824E-02  2.78519485E-02  7.21639255E-03  8.50975700E-03  7.20388209E-03
  7.70188570E-02  2.50135679E-02  2.76130997E-03  6.51530921E-03  5.74037107E-03
  5.00289025E-03  8.94119367E-02  1.75254736E-02  5.98444836E-03  1.44923734E-03
  3.87744536E-03  3.02862027E-03  2.86179199E-03  1.15233310E-01  2.12834626E-02
  1.69813540E-03  8.32359132E-04  9.99336480E-04  1.76865491E-03  1.47146347E-03
  1.45027530E-03  1.19506121E-01  2.97127869E-02  6.49001086E-05  1.65858935E-03
  2.29336249E-04  5.51597856E-04  8.37953237E-04  7.11507222E-04  7.13911431E-04
  1.19335584E-01  3.02975141E-02  3.52526840E-05  3.83061415E-05  8.36158462E-04
  1.28624059E-04  2.81658053E-04  3.44429543E-04  3.23919725E-04  3.29106406E-04
  1.51520282E-01  3.16884145E-02  3.12642733E-05  2.24521355E-05  7.07043637E-06
  3.83591192E-04  6.21956569E-05  1.02029531E-04  1.49289146E-04  1.32802845E-04
  1.52375200E-04  1.44325688E-01  3.32083479E-02  2.21152504E-06  1.30441431E-05
  8.64232607E-06  4.14083797E-06  1.70348183E-04  2.69531138E-05  3.91334943E-05
  6.49274589E-05  5.38103413E-05  7.21918113E-05  2.29160801E-01  3.34230885E-02
  1.59073807E-07  6.57669261E-06  3.28778953E-07  5.35027266E-06  1.76778349E-06
  5.06055294E-05  1.13049400E-05  1.53675774E-05  2.78264306E-05  2.22726867E-05
  3.53640862E-05  1.09502628E-01  3.75062823E-02  2.82904648E-06  5.66790916E-08
  1.74967113E-06  1.01919809E-07  2.55659029E-06  9.27379119E-07  2.95599402E-05
  4.54321071E-06  6.15177441E-06  1.17228019E-05  9.17401940E-06  1.78181435E-05
  1.60638630E-01  2.99733561E-02  3.42661544E-04  0.00000000E+00  3.47232856E-08
  6.91585342E-07  3.84127823E-08  1.01544049E-06  4.53482471E-07  6.29781498E-05
  1.81198357E-06  2.37998961E-06  4.91880246E-06  3.86071770E-06  9.40233349E-06
  3.21446002E-01  3.24705765E-02  2.94761121E-04  0.00000000E+00  0.00000000E+00
  1.52225628E-08  2.85334693E-07  1.45087720E-08  4.66681485E-07  2.03592123E-07
  3.02342469E-05  7.20877949E-07  9.51980496E-07  2.05746619E-06  1.65392464E-06
  5.00680699E-06  2.19211310E-01  4.26167436E-02  0.00000000E+00  1.55998758E-04
  0.00000000E+00  0.00000000E+00  5.83656856E-09  1.07367434E-07  5.41684564E-09
  1.75341711E-07  9.82338833E-08  6.95296103E-06  2.92492132E-07  3.85439733E-07
  8.72879866E-07  7.15155352E-07  2.66695974E-06  2.17203751E-01  3.29565071E-02
  0.00000000E+00  0.00000000E+00  6.32845622E-05  0.00000000E+00  0.00000000E+00
  2.18170015E-09  4.01034121E-08  2.01222305E-09  6.51672707E-08  4.92397483E-08
  2.92390337E-06  1.24519715E-07  1.57974185E-07  3.77765986E-07  3.16065439E-07
  1.30330716E-06  2.09013015E-01  3.12950090E-02  0.00000000E+00  0.00000000E+00
  0.00000000E+00  2.39637284E-05  0.00000000E+00  0.00000000E+00  2.78719686E-10
  1.55377844E-08  7.45507323E-10  2.42558436E-08  2.41701716E-08  1.03017953E-06
  5.49405961E-08  6.71628371E-08  1.70507207E-07  1.41689313E-07  6.18794331E-07
  2.26792291E-01  3.02624032E-02  0.00000000E+00  0.00000000E+00  0.00000000E+00
  0.00000000E+00  8.19459456E-06  0.00000000E+00  0.00000000E+00  0.00000000E+00
  7.58515029E-09  2.75954898E-10  9.06670650E-09  1.12271152E-08  1.28871150E-07
  2.43004301E-08  3.03470138E-08  7.83848222E-08  6.52722818E-08  2.93063238E-07
  2.35859215E-01  2.99827177E-02  0.00000000E+00  0.00000000E+00  0.00000000E+00
  0.00000000E+00  0.00000000E+00  3.09860638E-06  0.00000000E+00  0.00000000E+00
  0.00000000E+00  3.31021566E-09  1.02204439E-10  3.41683992E-09  4.89385199E-09
  3.90554646E-08  1.07708438E-08  1.43966092E-08  3.73179105E-08  3.20621041E-08
  1.38313126E-07  2.77179241E-01  2.72409841E-02  0.00000000E+00  0.00000000E+00
  0.00000000E+00  0.00000000E+00  0.00000000E+00  4.62888863E-07  7.15180818E-07
  0.00000000E+00  0.00000000E+00  0.00000000E+00  1.07635456E-09  3.30228414E-11
  1.13629217E-09  1.80311654E-09  1.34713520E-08  4.12100842E-09  6.00963412E-09
  1.56874620E-08  1.43933043E-08  5.49320376E-08  2.71910876E-01  4.09131125E-02
  1.64150052E-07  0.00000000E+00  0.00000000E+00  0.00000000E+00  0.00000000E+00
  0.00000000E+00  9.73212650E-07  1.58373457E-08  0.00000000E+00  0.00000000E+00
  0.00000000E+00  6.86508961E-10  2.08093300E-11  7.45859874E-10  1.28636257E-09
  9.40886302E-09  3.29557248E-09  5.10198594E-09  1.31155886E-08  1.28547235E-08
  4.22345074E-08  2.63543546E-01  1.06825763E-02  0.00000000E+00  0.00000000E+00
  0.00000000E+00  0.00000000E+00  0.00000000E+00  0.00000000E+00  0.00000000E+00
  1.96092898E-07  0.00000000E+00  0.00000000E+00  0.00000000E+00  0.00000000E+00
  1.40556788E-10  4.15092309E-12  1.61722746E-10  3.06968728E-10  2.24895769E-09
  8.15052470E-10  1.41886713E-09  3.94758892E-09  3.71375730E-09  1.04821121E-08
  2.35670820E-01  2.21631564E-02  0.00000000E+00  0.00000000E+00  0.00000000E+00
  0.00000000E+00  0.00000000E+00  0.00000000E+00  0.00000000E+00  0.00000000E+00
  5.48546097E-08  0.00000000E+00  0.00000000E+00  0.00000000E+00  0.00000000E+00
  4.02301283E-11  1.20329744E-12  5.00452076E-11  1.01002290E-10  7.20199900E-10
  2.87983304E-10  5.22738686E-10  1.48204549E-09  1.35534728E-09  3.38723738E-09
  2.73264647E-01  4.96547781E-02  3.71233938E-04  0.00000000E+00  0.00000000E+00
  0.00000000E+00  0.00000000E+00  0.00000000E+00  0.00000000E+00  0.00000000E+00
  0.00000000E+00  4.38211956E-08  0.00000000E+00  0.00000000E+00  0.00000000E+00
  0.00000000E+00  3.37162590E-11  9.73429128E-13  4.52049960E-11  9.63762750E-11
  6.86348034E-10  2.92658592E-10  5.55290258E-10  1.54289070E-09  1.43606416E-09
  3.14827187E-09  2.71830380E-01  1.47057194E-02  0.00000000E+00  0.00000000E+00
  0.00000000E+00  0.00000000E+00  0.00000000E+00  0.00000000E+00  0.00000000E+00
  0.00000000E+00  0.00000000E+00  0.00000000E+00  1.64505405E-08  0.00000000E+00
  0.00000000E+00  0.00000000E+00  0.00000000E+00  1.40452780E-11  3.82792539E-13
  2.09254229E-11  4.79222391E-11  3.13056581E-10  1.36334027E-10  3.21875498E-10
  8.65308158E-10  8.24440349E-10  1.50888591E-09  2.69720703E-01  1.62498318E-02
  0.00000000E+00  0.00000000E+00  0.00000000E+00  0.00000000E+00  0.00000000E+00
  0.00000000E+00  0.00000000E+00  0.00000000E+00  0.00000000E+00  0.00000000E+00
  0.00000000E+00  5.01395458E-09  0.00000000E+00  0.00000000E+00  0.00000000E+00
  0.00000000E+00  4.91571714E-12  1.25300947E-13  7.40437139E-12  1.95594808E-11
  1.23787633E-10  4.72559457E-11  1.37540090E-10  3.78040266E-10  3.60050767E-10
  5.31718058E-10  2.63659775E-01  1.92666482E-02  0.00000000E+00  0.00000000E+00
  0.00000000E+00  0.00000000E+00  0.00000000E+00  0.00000000E+00  0.00000000E+00
  0.00000000E+00  0.00000000E+00  0.00000000E+00  0.00000000E+00  0.00000000E+00
  1.91650140E-09  0.00000000E+00  0.00000000E+00  0.00000000E+00  0.00000000E+00
  2.04829122E-12  5.33379696E-14  3.21676821E-12  9.80336298E-12  1.72210649E-11
  2.31825895E-11  8.05745054E-11  2.24096755E-10  2.10729725E-10  2.81012241E-10
  8.17728345E-04  2.38342300E-01  2.58368514E-02  0.00000000E+00  0.00000000E+00
  0.00000000E+00  0.00000000E+00  0.00000000E+00  0.00000000E+00  0.00000000E+00
  0.00000000E+00  0.00000000E+00  0.00000000E+00  0.00000000E+00  0.00000000E+00
  0.00000000E+00  9.18276066E-10  0.00000000E+00  0.00000000E+00  0.00000000E+00
  0.00000000E+00  0.00000000E+00  3.00877351E-14  2.00622418E-12  6.71116938E-12
  1.07784257E-12  9.90751751E-12  6.38807479E-11  1.75641418E-10  1.64365063E-10
  1.82081308E-10 -1.55447651E-07  4.85295575E-04  2.89021820E-01  5.15913926E-02
  0.00000000E+00  0.00000000E+00  0.00000000E+00  0.00000000E+00  0.00000000E+00
  0.00000000E+00  0.00000000E+00  0.00000000E+00  0.00000000E+00  0.00000000E+00
  0.00000000E+00  0.00000000E+00  0.00000000E+00  0.00000000E+00  3.47876172E-10
  0.00000000E+00  0.00000000E+00  0.00000000E+00  0.00000000E+00  0.00000000E+00
  1.48283807E-14  3.33481371E-13  2.17410660E-12  3.45000829E-13  6.11707907E-12
  5.10499906E-11  1.40804549E-10  1.31917630E-10  1.43476203E-10  5.07288091E-02
  2.45681569E-01  3.38093989E-04  0.00000000E+00  0.00000000E+00  0.00000000E+00
  0.00000000E+00  0.00000000E+00  0.00000000E+00  0.00000000E+00  0.00000000E+00
  0.00000000E+00  0.00000000E+00  0.00000000E+00  0.00000000E+00  0.00000000E+00
  0.00000000E+00  0.00000000E+00  1.64906890E-11  0.00000000E+00  0.00000000E+00
  0.00000000E+00  0.00000000E+00  0.00000000E+00  1.07971173E-15  6.43517400E-16
  1.27420481E-13  3.88755300E-15  2.52001030E-13  6.02869013E-12  1.78872438E-11
  1.33312085E-11  1.66243859E-11  2.44767353E-01  4.64507900E-02  2.25002541E-08
  0.00000000E+00  0.00000000E+00  0.00000000E+00  0.00000000E+00  0.00000000E+00
  0.00000000E+00  0.00000000E+00  0.00000000E+00  0.00000000E+00  0.00000000E+00
  0.00000000E+00  0.00000000E+00  0.00000000E+00  0.00000000E+00  0.00000000E+00
  2.01953753E-12  0.00000000E+00  0.00000000E+00  0.00000000E+00  0.00000000E+00
  0.00000000E+00  1.67505398E-16  1.08159847E-16  1.21224624E-15  2.07746371E-16
  6.67474583E-15  8.55451343E-13  1.66511455E-12  7.66861509E-13  2.16691964E-12
->       8      12       2      33                                 <-   
SIGS01                                                                          
  3.65290977E-02  4.26954553E-02  4.01165634E-02  3.24800834E-02  2.06067543E-02
  1.77238323E-02  2.14043800E-02  1.81650687E-02  1.30879562E-02  9.02526174E-03
  8.96155462E-03  9.61561967E-03  1.14045534E-02  6.23283535E-03  6.52310811E-03
  8.81664082E-03  7.11426092E-03  7.06033129E-03  6.76590577E-03  6.76704478E-03
  6.83843764E-03  7.51089398E-03  7.08154496E-03  7.08457781E-03  7.11380690E-03
  7.13043101E-03  7.14844046E-03  7.15940213E-03  7.16582313E-03  7.17238709E-03
  7.25096744E-03  7.26300385E-03  7.19870301E-03
->       8      12       1      33                                 <-   
NJJS01                                                                          
         1         2         3         4         5         6         7         8
         9        10        11        12        13        14        15        16
        17        18        19        20        21        22        23        24
        25        26        27        28        29        31        33        29
        19
->       8      12       1      33                                 <-   
IJJS01                                                                          
         1         2         3         4         5         6         7         8
         9        10        11        12        13        14        15        16
        17        18        19        20        21        22        23        24
        25        26        27        28        29        31        33        33
        33
->       8      12       2     547                                 <-   
SCAT01                                                                          
  3.35786790E-02  4.24720272E-02  1.73142937E-03  4.19546552E-02 -2.28428165E-04
  7.09713495E-04  3.65757979E-02 -1.99000747E-03  2.40889640E-04  2.78386084E-04
  2.56076213E-02 -3.87117662E-03  9.20182647E-05  3.02462257E-04  8.87899223E-05
  2.15873383E-02 -5.04003884E-03 -2.16994042E-04  2.44139865E-05 -2.41023263E-05
  1.20168137E-04  2.56671496E-02 -4.04158933E-03  1.92366220E-04 -1.28642687E-05
  3.60928207E-05 -3.50014561E-05  1.70964158E-05  2.65239850E-02 -4.26348485E-03
  1.30765868E-04 -1.56307258E-04  1.41414248E-05  1.33782050E-05 -2.08275324E-05
  4.04772300E-06  2.35935654E-02 -8.35847110E-03  1.32456910E-06  3.26119989E-05
  3.13839337E-06  5.49586866E-06 -5.67314828E-06  2.21125924E-06 -2.07352537E-06
  1.82882976E-02 -1.05049573E-02 -3.76601520E-07 -9.39602558E-07  8.53447182E-06
  6.00535031E-07 -6.70434611E-06 -4.30137925E-06 -6.61529884E-06 -3.59914861E-06
  1.77859273E-02 -9.26336553E-03 -1.08541983E-07 -1.96570113E-07  3.16851470E-07
  2.29911220E-05  2.25653991E-07 -5.02000648E-06 -1.09942505E-06 -4.13697489E-06
  2.32688421E-07  1.96111463E-02 -8.82437546E-03  5.11721794E-07 -5.09439701E-07
  1.16317842E-07 -1.27782123E-08 -2.73336627E-05 -3.67602297E-07 -1.55279224E-06
 -9.08260290E-07 -1.62591471E-06  1.34172569E-06  1.84940565E-02 -9.99322161E-03
  1.53210400E-09 -1.07766823E-07 -3.53975587E-08  1.05266437E-07 -2.52671040E-08
  2.86861450E-06 -2.36880609E-07 -4.46111216E-07 -9.05718366E-07 -7.67374729E-07
  1.18268258E-06  1.60469580E-02 -7.08810473E-03 -2.30502997E-06 -6.50483278E-10
 -5.24852055E-08  7.80579941E-12 -5.88370703E-08  4.22711572E-08 -4.83335839E-07
 -1.02582177E-07 -3.15834228E-07 -5.25099665E-07 -3.02885553E-07  1.13941610E-06
  1.67901814E-02 -9.81155038E-03 -1.39441431E-06  0.00000000E+00  6.79521273E-10
 -6.31285113E-09  4.40259253E-11 -5.81135673E-09 -5.79120918E-10  1.73977969E-05
 -7.00390785E-08 -1.38843177E-07 -3.07260649E-07 -1.70920188E-07  9.13089593E-07
  2.16797721E-02 -1.02672456E-02  8.76960939E-08  0.00000000E+00  0.00000000E+00
 -2.38225106E-10 -6.91318913E-09 -5.64776828E-12 -1.50879611E-08  2.06555972E-09
 -8.85386999E-06 -4.75549449E-08 -7.34700407E-08 -1.44876040E-07 -9.31476265E-08
  6.98883241E-07  1.72641352E-02 -1.28631284E-02  0.00000000E+00 -8.03098203E-07
  0.00000000E+00  0.00000000E+00 -1.19537366E-10 -3.38084294E-09 -2.70551723E-12
 -9.02841002E-09  2.80870527E-09  4.89912679E-07 -1.53018540E-08 -3.76224527E-08
 -7.04779808E-08 -4.04478513E-08  5.43842646E-07  1.70144830E-02 -1.01498738E-02
  0.00000000E+00  0.00000000E+00 -7.83499786E-07  0.00000000E+00  0.00000000E+00
 -7.84415241E-11 -1.62994462E-09 -1.28721448E-12 -4.28215685E-09  2.65486388E-09
 -3.23314964E-07 -5.35143974E-09 -1.80889614E-08 -3.27399015E-08 -1.87143865E-08
  2.50804021E-07  1.64328124E-02 -9.95414983E-03  0.00000000E+00  0.00000000E+00
  0.00000000E+00 -6.20420963E-07  0.00000000E+00  0.00000000E+00 -1.28691460E-10
 -3.14303361E-10 -6.09347750E-13 -2.02136730E-09  8.52815540E-10 -5.37545816E-07
 -2.14632534E-09 -7.13214954E-09 -1.24058932E-08 -7.65954411E-09  1.00463780E-07
  1.66830197E-02 -9.66690388E-03  0.00000000E+00  0.00000000E+00  0.00000000E+00
  0.00000000E+00 -1.76003823E-07  0.00000000E+00  0.00000000E+00  0.00000000E+00
  1.51065827E-10 -2.87168564E-13 -9.49030188E-10 -3.04338305E-10 -3.78796621E-08
 -1.41196510E-09 -2.78728263E-09 -5.58826008E-09 -2.99791014E-09  3.91495014E-08
  1.59972124E-02 -9.91597120E-03  0.00000000E+00  0.00000000E+00  0.00000000E+00
  0.00000000E+00  0.00000000E+00 -8.64363798E-08  0.00000000E+00  0.00000000E+00
  0.00000000E+00 -2.80024004E-10 -1.34591015E-13 -4.42086229E-10 -6.11154405E-10
 -6.50134213E-09 -7.80231935E-10 -1.16302934E-09 -2.35352049E-09 -6.30810015E-10
  1.51236996E-08  2.15955395E-02 -9.15861316E-03  0.00000000E+00  0.00000000E+00
  0.00000000E+00  0.00000000E+00  0.00000000E+00  2.24230391E-07 -1.78557656E-07
  0.00000000E+00  0.00000000E+00  0.00000000E+00 -1.12497262E-10 -5.35778968E-14
 -1.71975600E-10 -3.51254498E-10 -2.57365929E-09 -3.23151755E-10 -4.23149793E-10
 -5.90120675E-10  6.51299625E-10  4.89524554E-09  1.08809611E-02 -1.40846483E-02
 -1.62976818E-07  0.00000000E+00  0.00000000E+00  0.00000000E+00  0.00000000E+00
  0.00000000E+00 -2.40430857E-08 -1.36980782E-08  0.00000000E+00  0.00000000E+00
  0.00000000E+00 -8.78028969E-11 -4.00854310E-14 -1.35518555E-10 -2.85857366E-10
 -1.85554550E-09 -1.55600977E-10 -2.76808465E-10 -2.79552770E-10  9.42470213E-10
  3.25325744E-09  1.53484233E-02 -3.79942032E-03  0.00000000E+00  0.00000000E+00
  0.00000000E+00  0.00000000E+00  0.00000000E+00  0.00000000E+00  0.00000000E+00
 -1.22536328E-08  0.00000000E+00  0.00000000E+00  0.00000000E+00  0.00000000E+00
 -2.24404609E-11 -1.17762584E-14 -3.37794064E-11 -6.62913197E-11 -3.87288396E-10
 -9.81415574E-11 -5.03617460E-11 -4.71631935E-12  1.81581236E-10  7.41399997E-10
  2.43695155E-02 -7.94137921E-03  0.00000000E+00  0.00000000E+00  0.00000000E+00
  0.00000000E+00  0.00000000E+00  0.00000000E+00  0.00000000E+00  0.00000000E+00
 -4.17689128E-09  0.00000000E+00  0.00000000E+00  0.00000000E+00  0.00000000E+00
 -8.22559989E-12 -3.91114668E-15 -1.04303918E-11 -1.99210457E-11 -1.22585345E-10
 -2.62513605E-11 -8.78629721E-12  1.32312486E-11  5.09715326E-11  1.97740879E-10
  1.28257414E-02 -1.72557067E-02 -3.22466542E-04  0.00000000E+00  0.00000000E+00
  0.00000000E+00  0.00000000E+00  0.00000000E+00  0.00000000E+00  0.00000000E+00
  0.00000000E+00 -3.99579125E-09  0.00000000E+00  0.00000000E+00  0.00000000E+00
  0.00000000E+00 -7.81890438E-12 -3.58366215E-15 -8.73180434E-12 -1.62208493E-11
 -8.64280800E-11 -1.41351167E-11 -1.51396864E-11  7.49760844E-12  4.63404801E-11
  1.57203181E-10  1.27646504E-02 -5.69530902E-03  0.00000000E+00  0.00000000E+00
  0.00000000E+00  0.00000000E+00  0.00000000E+00  0.00000000E+00  0.00000000E+00
  0.00000000E+00  0.00000000E+00  0.00000000E+00 -1.90975280E-09  0.00000000E+00
  0.00000000E+00  0.00000000E+00  0.00000000E+00 -3.54567330E-12 -1.59168820E-15
 -3.09421390E-12 -5.29335300E-12 -4.09514297E-11 -8.45185467E-12 -7.37807905E-12
 -5.08424899E-12  1.96366447E-11  5.81999414E-11  1.43126138E-02 -5.61620854E-03
  0.00000000E+00  0.00000000E+00  0.00000000E+00  0.00000000E+00  0.00000000E+00
  0.00000000E+00  0.00000000E+00  0.00000000E+00  0.00000000E+00  0.00000000E+00
  0.00000000E+00 -6.88587853E-10  0.00000000E+00  0.00000000E+00  0.00000000E+00
  0.00000000E+00 -1.25408939E-12 -2.47568990E-16 -1.35053362E-12 -5.51200795E-13
 -7.91073110E-12 -1.08999420E-12  3.68550513E-13  3.11006863E-12  5.27074565E-12
  1.17920066E-11  1.57015286E-02 -7.15321116E-03  0.00000000E+00  0.00000000E+00
  0.00000000E+00  0.00000000E+00  0.00000000E+00  0.00000000E+00  0.00000000E+00
  0.00000000E+00  0.00000000E+00  0.00000000E+00  0.00000000E+00  0.00000000E+00
 -3.40336481E-10  0.00000000E+00  0.00000000E+00  0.00000000E+00  0.00000000E+00
 -4.98795449E-13  0.00000000E+00 -8.63686401E-13  7.91504937E-13 -2.44513849E-12
  9.85822752E-13  3.90154218E-14  1.10874916E-12  2.48522730E-12  4.01200644E-12
  1.50412452E-04  2.17645466E-02 -8.53570551E-03  0.00000000E+00  0.00000000E+00
  0.00000000E+00  0.00000000E+00  0.00000000E+00  0.00000000E+00  0.00000000E+00
  0.00000000E+00  0.00000000E+00  0.00000000E+00  0.00000000E+00  0.00000000E+00
  0.00000000E+00 -2.09169571E-10  0.00000000E+00  0.00000000E+00  0.00000000E+00
  0.00000000E+00  0.00000000E+00  0.00000000E+00 -4.76711986E-13  1.61807622E-12
 -9.41324384E-14 -9.78903780E-15 -2.01380326E-15  0.00000000E+00  8.11192801E-13
  4.27062378E-23  1.06255200E-07 -2.53859180E-05  7.19309459E-03 -1.45921605E-02
  0.00000000E+00  0.00000000E+00  0.00000000E+00  0.00000000E+00  0.00000000E+00
  0.00000000E+00  0.00000000E+00  0.00000000E+00  0.00000000E+00  0.00000000E+00
  0.00000000E+00  0.00000000E+00  0.00000000E+00  0.00000000E+00 -8.88223106E-11
  0.00000000E+00  0.00000000E+00  0.00000000E+00  0.00000000E+00  0.00000000E+00
  0.00000000E+00 -6.60529574E-14 -1.01205346E-13 -2.23034109E-14  9.49921565E-13
  1.76633037E-24  0.00000000E+00  4.12614441E-13  4.87841011E-24 -6.76421635E-03
  1.39214192E-02 -9.25208878E-05  0.00000000E+00  0.00000000E+00  0.00000000E+00
  0.00000000E+00  0.00000000E+00  0.00000000E+00  0.00000000E+00  0.00000000E+00
  0.00000000E+00  0.00000000E+00  0.00000000E+00  0.00000000E+00  0.00000000E+00
  0.00000000E+00  0.00000000E+00 -3.03940401E-12  0.00000000E+00  0.00000000E+00
  0.00000000E+00  0.00000000E+00  0.00000000E+00  0.00000000E+00  0.00000000E+00
 -4.99059149E-15  0.00000000E+00  1.18139615E-13  1.39628155E-02 -6.63302885E-03
 -1.97297876E-08  0.00000000E+00  0.00000000E+00  0.00000000E+00  0.00000000E+00
  0.00000000E+00  0.00000000E+00  0.00000000E+00  0.00000000E+00  0.00000000E+00
  0.00000000E+00  0.00000000E+00  0.00000000E+00  0.00000000E+00  0.00000000E+00
  0.00000000E+00 -8.04768375E-14
->       8      12       1       2                                 <-   
SCAT-SAVED                                                                      
         1         1
->       8      12       2       8                                 <-   
LAMBDA-D                                                                        
  1.24666998E-02  2.82917004E-02  4.25244011E-02  1.33041993E-01  2.92467207E-01
  6.66487694E-01  1.63478100E+00  3.55460000E+00
->      -8       0       0       0                                 <-   
->       6      12       3       3                                 <-   
SIGNATURE                                                                       
         4         4         4
L_LIBRARY   
->       6      12       1      40                                 <-   
STATE-VECTOR                                                                    
         1         1        33         2         0         0         1         0
         0         0         0         0        12         1         0         0
         0         1         8         0         0         1         0         0
         0         0         0         0         0         0         0         0
         0         0         0         0         0         0         0         0
->       6      12       1       1                                 <-   
ISOTOPESMIX                                                                     
         1
->       6      12       3       3                                 <-   
ISOTOPESUSED                                                                    
         4         4         4
*MAC*RES    
->       6      12       3       3                                 <-   
ISOTOPERNAME                                                                    
         4         4         4
*MAC*RES    
->       6      12       2       1                                 <-   
ISOTOPESDENS                                                                    
  1.00000000E+00
->       6      12       1       1                                 <-   
ISOTOPESTYPE                                                                    
         1
->       6      12       1       1                                 <-   
ISOTOPESTODO                                                                    
         1
->       6      12       2       1                                 <-   
ISOTOPESVOL                                                                     
  2.34294758E+01
->       6      12       2       1                                 <-   
ISOTOPESTEMP                                                                    
  7.13160034E+02
->       6      12       2       1                                 <-   
MIXTURESVOL                                                                     
  2.34294758E+01
->       6      12       2       1                                 <-   
K-EFFECTIVE                                                                     
  1.00000000E+00
->       6      12       2       1                                 <-   
K-INFINITY                                                                      
  1.04557371E+00
->       6      12       2       1                                 <-   
B2  B1HOM                                                                       
  1.45838931E-04
->       6      12       3      24                                 <-   
ADDXSNAME-P0                                                                    
         4         4         4         4         4         4         4         4
         4         4         4         4         4         4         4         4
         4         4         4         4         4         4         4         4
NFTOT   NG      N2N     N3N     N4N     NA      NP      N2A     NNP     ND      
NT      TRANC   
->       6      12       2      34                                 <-   
ENERGY                                                                          
  1.96403300E+07  1.00000000E+07  6.06530700E+06  3.67879400E+06  2.23130200E+06
  1.35335300E+06  8.20850000E+05  4.97870688E+05  3.01973812E+05  1.83156406E+05
  1.11090000E+05  6.73794688E+04  4.08677109E+04  2.47875195E+04  1.50343896E+04
  9.11882031E+03  5.53084424E+03  3.35462598E+03  2.03468396E+03  1.23409802E+03
  7.48518311E+02  4.53999298E+02  3.04324799E+02  1.48575897E+02  9.16608810E+01
  6.79040527E+01  4.01689987E+01  2.26032906E+01  1.37095900E+01  8.31528664E+00
  4.00000000E+00  5.40000975E-01  1.00000098E-01  1.10002802E-04
->       6      12       2      33                                 <-   
DELTAU                                                                          
  6.75000012E-01  4.99999970E-01  5.00000179E-01  4.99999672E-01  5.00000060E-01
  5.00000119E-01  5.00000060E-01  5.00000119E-01  4.99999821E-01  4.99999762E-01
  5.00000358E-01  5.00000060E-01  5.00000060E-01  5.00000060E-01  4.99999762E-01
  4.99999970E-01  5.00000179E-01  4.99999762E-01  5.00000119E-01  4.99999970E-01
  5.00000060E-01  4.00000095E-01  7.16999590E-01  4.83000249E-01  2.99999952E-01
  5.25000155E-01  5.75000048E-01  4.99999881E-01  4.99999970E-01  7.31801212E-01
  2.00247860E+00  1.68639970E+00  6.81242085E+00
->      -6       0       0       0                                 <-   
->       5       0       0      -1                                 <-   00000017
->       6      12      10       1                                 <-   
ISOTOPESLIST                                                                    
->       7       0       0      -1                                 <-   00000001
->       8      12       3       3                                 <-   
ALIAS                                                                           
         4         4         4
*MAC*RES0001
->       8      12       2       1                                 <-   
AWR                                                                             
  2.91591625E+01
->       8      12       2      33                                 <-   
NWT0                                                                            
  3.61493471E-06  5.29863937E-05  3.13649944E-04  3.74705042E-03  1.66192856E-02
  3.32565531E-02  7.29660317E-02  6.33878633E-02  7.01572746E-02  6.95957467E-02
  6.41913712E-02  5.89865595E-02  4.65883017E-02  4.39476259E-02  3.43707465E-02
  2.21278016E-02  1.68287121E-02  1.06166294E-02  6.13135332E-03  2.94533139E-03
  1.42138498E-03  4.84936027E-04  3.45610053E-04  5.65739247E-05  1.12370253E-05
  5.21476977E-06  7.76332286E-07  1.05113166E-07  1.20415047E-08  1.53637791E-09
  2.68220030E-10  8.41028913E-11  5.86029905E-11
->       8      12       2      33                                 <-   
NTOT0                                                                           
  8.15624118E-01  9.25201476E-01  1.17563343E+00  1.17339015E+00  9.38027501E-01
  8.78037035E-01  8.99989247E-01  1.16958404E+00  1.35539126E+00  1.59636474E+00
  2.08234286E+00  1.74437797E+00  1.92465627E+00  1.82822967E+00  1.88442111E+00
  2.05544877E+00  1.98833847E+00  2.01827168E+00  2.04995728E+00  2.11852241E+00
  2.17851138E+00  2.29865789E+00  2.36286688E+00  2.53186965E+00  2.67022920E+00
  2.82056427E+00  3.09852433E+00  3.46183181E+00  3.89875102E+00  4.49746037E+00
  6.16610432E+00  1.97928085E+01  2.84279690E+01
->       8      12       2      33                                 <-   
NG                                                                              
  2.42990398E-04  1.12733665E-04  9.16167919E-05  1.52016306E-04  1.00950172E-04
  1.54136898E-04  3.64223466E-04  1.99378090E-04  1.16915486E-04  3.57924931E-04
  4.21997480E-04  1.82119096E-04  2.77197687E-04  1.48243751E-04  1.71436390E-04
  3.47614405E-04  2.09471342E-04  1.80790390E-04  4.97465022E-04  6.23792922E-03
  4.01013822E-04  1.17550686E-03  5.85881528E-04  1.27646106E-03  9.28388210E-04
  2.16140482E-03  1.34457089E-03  1.72055687E-03  2.32110824E-03  2.89410818E-03
  4.78603784E-03  2.02055462E-02  2.99673527E-02
->       8      12       2      33                                 <-   
N2N                                                                             
  2.39796579E-01  1.71984248E-02  0.00000000E+00  0.00000000E+00  0.00000000E+00
  0.00000000E+00  0.00000000E+00  0.00000000E+00  0.00000000E+00  0.00000000E+00
  0.00000000E+00  0.00000000E+00  0.00000000E+00  0.00000000E+00  0.00000000E+00
  0.00000000E+00  0.00000000E+00  0.00000000E+00  0.00000000E+00  0.00000000E+00
  0.00000000E+00  0.00000000E+00  0.00000000E+00  0.00000000E+00  0.00000000E+00
  0.00000000E+00  0.00000000E+00  0.00000000E+00  0.00000000E+00  0.00000000E+00
  0.00000000E+00  0.00000000E+00  0.00000000E+00
->       8      12       2      33                                 <-   
N3N                                                                             
  5.94351906E-04  0.00000000E+00  0.00000000E+00  0.00000000E+00  0.00000000E+00
  0.00000000E+00  0.00000000E+00  0.00000000E+00  0.00000000E+00  0.00000000E+00
  0.00000000E+00  0.00000000E+00  0.00000000E+00  0.00000000E+00  0.00000000E+00
  0.00000000E+00  0.00000000E+00  0.00000000E+00  0.00000000E+00  0.00000000E+00
  0.00000000E+00  0.00000000E+00  0.00000000E+00  0.00000000E+00  0.00000000E+00
  0.00000000E+00  0.00000000E+00  0.00000000E+00  0.00000000E+00  0.00000000E+00
  0.00000000E+00  0.00000000E+00  0.00000000E+00
->       8      12       2      33                                 <-   
NA                                                                              
  2.10109795E-03  1.28046912E-03  2.87321024E-03  3.44697712E-03  4.23653424E-03
  2.58865533E-03  5.82994893E-03  9.75515880E-03  1.39550222E-02  1.87683012E-02
  2.31791977E-02  2.87047550E-02  3.63798849E-02  4.64568958E-02  5.96269816E-02
  7.72482231E-02  9.90688726E-02  1.27303749E-01  1.64131850E-01  2.11083159E-01
  2.70716518E-01  3.39927047E-01  4.38916534E-01  6.03748381E-01  7.42860794E-01
  8.89392793E-01  1.16838562E+00  1.53054726E+00  1.96641862E+00  2.56422734E+00
  4.23046684E+00  1.78347855E+01  2.64509773E+01
->       8      12       2      33                                 <-   
NP                                                                              
  2.24615820E-03  1.31840433E-03  5.36349777E-04  2.71673809E-04  1.06102161E-04
  1.50007345E-05  2.27031705E-06  5.35979098E-07  1.63590215E-07  5.37558442E-08
  2.47002259E-08  1.63170704E-08  1.64319243E-08  1.80754949E-08  1.98789802E-08
  2.19269172E-08  2.40889513E-08  2.64890563E-08  2.91689570E-08  3.28086323E-08
  4.12502779E-08  5.16157606E-08  6.64073383E-08  9.09983413E-08  1.11733925E-07
  1.33529781E-07  1.74934684E-07  2.28539790E-07  2.92887364E-07  3.81038546E-07
  6.26119913E-07  2.62972299E-06  3.89976913E-06
->       8      12       2      33                                 <-   
N2A                                                                             
  1.23561317E-12  0.00000000E+00  0.00000000E+00  0.00000000E+00  0.00000000E+00
  0.00000000E+00  0.00000000E+00  0.00000000E+00  0.00000000E+00  0.00000000E+00
  0.00000000E+00  0.00000000E+00  0.00000000E+00  0.00000000E+00  0.00000000E+00
  0.00000000E+00  0.00000000E+00  0.00000000E+00  0.00000000E+00  0.00000000E+00
  0.00000000E+00  0.00000000E+00  0.00000000E+00  0.00000000E+00  0.00000000E+00
  0.00000000E+00  0.00000000E+00  0.00000000E+00  0.00000000E+00  0.00000000E+00
  0.00000000E+00  0.00000000E+00  0.00000000E+00
->       8      12       2      33                                 <-   
NNP                                                                             
  2.48699420E-04  6.81229473E-09  0.00000000E+00  0.00000000E+00  0.00000000E+00
  0.00000000E+00  0.00000000E+00  0.00000000E+00  0.00000000E+00  0.00000000E+00
  0.00000000E+00  0.00000000E+00  0.00000000E+00  0.00000000E+00  0.00000000E+00
  0.00000000E+00  0.00000000E+00  0.00000000E+00  0.00000000E+00  0.00000000E+00
  0.00000000E+00  0.00000000E+00  0.00000000E+00  0.00000000E+00  0.00000000E+00
  0.00000000E+00  0.00000000E+00  0.00000000E+00  0.00000000E+00  0.00000000E+00
  0.00000000E+00  0.00000000E+00  0.00000000E+00
->       8      12       2      33                                 <-   
ND                                                                              
  4.27340943E-04  3.64648236E-04  1.87866135E-05  0.00000000E+00  0.00000000E+00
  0.00000000E+00  0.00000000E+00  0.00000000E+00  0.00000000E+00  0.00000000E+00
  0.00000000E+00  0.00000000E+00  0.00000000E+00  0.00000000E+00  0.00000000E+00
  0.00000000E+00  0.00000000E+00  0.00000000E+00  0.00000000E+00  0.00000000E+00
  0.00000000E+00  0.00000000E+00  0.00000000E+00  0.00000000E+00  0.00000000E+00
  0.00000000E+00  0.00000000E+00  0.00000000E+00  0.00000000E+00  0.00000000E+00
  0.00000000E+00  0.00000000E+00  0.00000000E+00
->       8      12       2      33                                 <-   
NT                                                                              
  1.04462466E-04  1.89139876E-16  0.00000000E+00  0.00000000E+00  0.00000000E+00
  0.00000000E+00  0.00000000E+00  0.00000000E+00  0.00000000E+00  0.00000000E+00
  0.00000000E+00  0.00000000E+00  0.00000000E+00  0.00000000E+00  0.00000000E+00
  0.00000000E+00  0.00000000E+00  0.00000000E+00  0.00000000E+00  0.00000000E+00
  0.00000000E+00  0.00000000E+00  0.00000000E+00  0.00000000E+00  0.00000000E+00
  0.00000000E+00  0.00000000E+00  0.00000000E+00  0.00000000E+00  0.00000000E+00
  0.00000000E+00  0.00000000E+00  0.00000000E+00
->       8      12       2      33                                 <-   
H-FACTOR                                                                        
  1.67614612E-16  8.17084708E-17  7.31095379E-17  1.20833644E-16  8.91420385E-17
  1.30691625E-16  2.79054528E-16  1.83520739E-16  1.43204353E-16  3.09180922E-16
  3.97366820E-16  2.20825275E-16  3.54821731E-16  2.00710863E-16  2.51065277E-16
  5.23206428E-16  3.09684695E-16  2.54665908E-16  6.79382257E-16  7.71305661E-15
  5.26299845E-16  1.68806784E-15  8.15858535E-16  1.56708846E-15  1.25809200E-15
  3.05473412E-15  1.81690981E-15  2.31719563E-15  3.08236242E-15  3.89504882E-15
  6.44054292E-15  2.71921429E-14  4.03308842E-14
->       8      12       2      33                                 <-   
OVERV                                                                           
  2.13694978E-10  2.69844896E-10  3.46294493E-10  4.48419996E-10  5.58427138E-10
  7.18512916E-10  9.17361409E-10  1.16882171E-09  1.49342427E-09  1.92233784E-09
  2.46862020E-09  3.15625948E-09  4.05446610E-09  5.19277066E-09  6.64712596E-09
  8.57749249E-09  1.09507372E-08  1.40137626E-08  1.79979320E-08  2.30732287E-08
  2.95222264E-08  3.69992463E-08  4.76907296E-08  6.55005650E-08  8.05480838E-08
  9.63890585E-08  1.26520604E-07  1.65629601E-07  2.12662684E-07  2.77217453E-07
  4.57235416E-07  1.92053903E-06  2.85658848E-06
->       8      12       2      33                                 <-   
STRD                                                                            
  4.52753752E-01  4.77132320E-01  5.75850725E-01  7.42067099E-01  7.14639068E-01
  7.27528989E-01  7.40281463E-01  9.22378898E-01  1.20326865E+00  1.46145678E+00
  1.89307141E+00  1.66791689E+00  1.81462204E+00  1.78366649E+00  1.86966681E+00
  2.03666258E+00  1.96064615E+00  1.98830807E+00  1.96741211E+00  2.02052665E+00
  2.01135993E+00  2.10807681E+00  2.08658552E+00  2.11305952E+00  2.15044427E+00
  2.21205854E+00  2.20007849E+00  2.35810137E+00  2.14374042E+00  2.32838011E+00
  2.10671139E+00  3.06421804E+00  2.98582673E+00
->       8      12       2      33                                 <-   
SIGS00                                                                          
  1.04592025E+00  9.37408686E-01  1.17032826E+00  1.16898477E+00  9.33221698E-01
  8.75275314E-01  8.93791974E-01  1.15962768E+00  1.34131873E+00  1.57723784E+00
  2.05874062E+00  1.71549106E+00  1.88799870E+00  1.78162420E+00  1.82462358E+00
  1.97785199E+00  1.88905966E+00  1.89078736E+00  1.88532841E+00  1.90119994E+00
  1.90739214E+00  1.95755482E+00  1.92336380E+00  1.92684317E+00  1.92643821E+00
  1.92900860E+00  1.92879212E+00  1.92956257E+00  1.93000698E+00  1.93033350E+00
  1.93084371E+00  1.93777919E+00  1.94697261E+00
->       8      12       1      33                                 <-   
NJJS00                                                                          
         1         2         3         4         5         6         7         8
         9        10        11        12        13        14        15        16
        17        18        19        20        21        22        23        24
        25        26        27        28        29        31        33        33
        33
->       8      12       1      33                                 <-   
IJJS00                                                                          
         1         2         3         4         5         6         7         8
         9        10        11        12        13        14        15        16
        17        18        19        20        21        22        23        24
        25        26        27        28        29        31        33        33
        33
->       8      12       2     565                                 <-   
SCAT00                                                                          
  3.94604295E-01  5.07045150E-01  5.33143282E-02  8.53098631E-01  5.36111481E-02
  6.24727309E-02  1.04674160E+00  6.39445782E-02  8.57501999E-02  1.15199618E-01
  8.53134155E-01  9.36192647E-02  6.07403442E-02  1.19435914E-01  1.49462119E-01
  8.04587543E-01  7.38513097E-02  5.99692576E-03  8.16766918E-02  7.90742934E-02
  1.18060321E-01  8.26824188E-01  6.67230189E-02  5.12707559E-03  7.88503140E-03
  5.15255444E-02  4.69753854E-02  7.55582750E-02  1.06062496E+00  6.68726563E-02
  1.21500227E-03  7.23921810E-04  6.55749673E-03  3.07270028E-02  2.45207250E-02
  4.05989289E-02  1.24088466E+00  9.89433601E-02  4.78640068E-05  1.36403821E-03
  1.86329053E-04  4.12225258E-03  1.62085909E-02  1.15348073E-02  1.93895698E-02
  1.46851683E+00  1.00397795E-01  2.50062640E-05  3.55760676E-05  7.83577852E-04
  1.08682878E-04  2.51983432E-03  6.85445778E-03  5.14050480E-03  8.97432864E-03
  1.94413126E+00  1.08711332E-01  2.50112444E-05  1.79129711E-05  5.69605709E-06
  3.25345056E-04  5.20389040E-05  9.63186729E-04  3.13577591E-03  2.32587918E-03
  4.27713385E-03  1.60223854E+00  1.14608966E-01  1.67407848E-06  1.09650664E-05
  7.59571594E-06  3.23611562E-06  1.32843910E-04  2.24767809E-05  3.58746853E-04
  1.40028703E-03  1.03400100E-03  2.04081507E-03  1.75886118E+00  1.13250412E-01
  1.35406296E-07  5.14593648E-06  2.57855561E-07  4.99019916E-06  1.37065945E-06
  3.94659182E-05  9.42917995E-06  1.36865900E-04  5.96502097E-04  4.94207721E-04
  1.00935402E-03  1.66595232E+00  1.28901601E-01  2.25700501E-06  5.54123716E-08
  1.76519586E-06  8.36121004E-08  2.41536168E-06  7.57056682E-07  2.30613077E-05
  3.79053563E-06  5.25801806E-05  2.49150966E-04  2.40680078E-04  5.04713680E-04
  1.71620333E+00  1.15238093E-01  2.35962158E-04  0.00000000E+00  2.61702215E-08
  6.88417515E-07  3.19195621E-08  9.34163552E-07  3.79529041E-07  4.90992825E-05
  1.50953713E-06  1.95008543E-05  1.00932230E-04  1.15743671E-04  2.62737944E-04
  1.85956228E+00  1.08418941E-01  2.25359749E-04  0.00000000E+00  0.00000000E+00
  1.07719149E-08  2.68749659E-07  1.20543087E-08  3.87494254E-07  1.72789228E-07
  2.35702082E-05  5.99363716E-07  7.24281608E-06  4.19240896E-05  5.80870837E-05
  1.17584306E-04  1.78213203E+00  1.18289627E-01  0.00000000E+00  1.23503458E-04
  0.00000000E+00  0.00000000E+00  4.13012069E-09  1.01115575E-07  4.50047866E-09
  1.44902245E-07  8.49020410E-08  5.42072212E-06  2.42691669E-07  2.69405018E-06
  1.66230075E-05  2.79736869E-05  4.54793917E-05  1.78859365E+00  1.06927715E-01
  0.00000000E+00  0.00000000E+00  5.30343277E-05  0.00000000E+00  0.00000000E+00
  1.54383273E-09  3.77656661E-08  1.67181535E-09  5.38542508E-08  4.33923972E-08
  2.27950500E-06  1.02929612E-07  1.00378531E-06  6.60142086E-06  1.28053707E-05
  1.74247489E-05  1.78402746E+00  1.02193959E-01  0.00000000E+00  0.00000000E+00
  0.00000000E+00  2.05916404E-05  0.00000000E+00  0.00000000E+00  1.97229913E-10
  1.42352903E-08  6.19388874E-10  2.00450767E-08  2.15270877E-08  8.03146918E-07
  4.51961064E-08  3.76273960E-07  2.63418428E-06  5.74109481E-06  6.57761439E-06
  1.80245066E+00  1.01300776E-01  0.00000000E+00  0.00000000E+00  0.00000000E+00
  0.00000000E+00  7.62725813E-06  0.00000000E+00  0.00000000E+00  0.00000000E+00
  5.83128745E-09  2.29270422E-10  7.49276996E-09  1.00386250E-08  1.00503456E-07
  1.98910755E-08  1.42684115E-07  1.09261066E-06  2.62245044E-06  2.47693629E-06
  1.81400287E+00  9.87497643E-02  0.00000000E+00  0.00000000E+00  0.00000000E+00
  0.00000000E+00  0.00000000E+00  2.88408046E-06  0.00000000E+00  0.00000000E+00
  0.00000000E+00  2.31587238E-09  8.49135207E-11  2.82370927E-09  4.38721015E-09
  3.04623597E-08  8.78005579E-09  5.50452448E-08  4.87108366E-07  1.30637511E-06
  9.37698474E-07  1.83181560E+00  9.33887437E-02  0.00000000E+00  0.00000000E+00
  0.00000000E+00  0.00000000E+00  0.00000000E+00  3.42720455E-07  6.65666676E-07
  0.00000000E+00  0.00000000E+00  0.00000000E+00  7.53032414E-10  2.74357776E-11
  9.39051281E-10  1.61987523E-09  1.05073328E-08  3.34743544E-09  1.87662881E-08
  2.00990598E-07  6.76484376E-07  3.09753574E-07  1.87875867E+00  1.25739306E-01
  5.97874362E-07  0.00000000E+00  0.00000000E+00  0.00000000E+00  0.00000000E+00
  0.00000000E+00  7.20561502E-07  1.47408761E-08  0.00000000E+00  0.00000000E+00
  0.00000000E+00  4.80291140E-10  1.72882385E-11  6.16397267E-10  1.15134269E-09
  7.33902761E-09  2.66826627E-09  1.28271092E-08  1.74867807E-07  6.20066487E-07
  1.99454377E-07  1.84376132E+00  4.46055196E-02  0.00000000E+00  0.00000000E+00
  0.00000000E+00  0.00000000E+00  0.00000000E+00  0.00000000E+00  0.00000000E+00
  1.45186135E-07  0.00000000E+00  0.00000000E+00  0.00000000E+00  0.00000000E+00
  9.83354578E-11  3.44849084E-12  1.33655170E-10  2.74970602E-10  1.75413284E-09
  6.64243716E-10  2.74035328E-09  5.08216509E-08  1.52267376E-07  4.04979659E-08
  1.76436925E+00  8.15314129E-02  0.00000000E+00  0.00000000E+00  0.00000000E+00
  0.00000000E+00  0.00000000E+00  0.00000000E+00  0.00000000E+00  0.00000000E+00
  4.06140650E-08  0.00000000E+00  0.00000000E+00  0.00000000E+00  0.00000000E+00
  2.81455501E-11  9.99651317E-13  4.13604775E-11  9.05166289E-11  5.61737490E-10
  2.34808978E-10  7.54652452E-10  1.68695351E-08  4.61929268E-08  1.15757413E-08
  1.87264514E+00  1.62069097E-01  1.55051728E-03  0.00000000E+00  0.00000000E+00
  0.00000000E+00  0.00000000E+00  0.00000000E+00  0.00000000E+00  0.00000000E+00
  0.00000000E+00  3.24449800E-08  0.00000000E+00  0.00000000E+00  0.00000000E+00
  0.00000000E+00  2.35883587E-11  8.08641836E-13  3.73609720E-11  8.64065833E-11
  5.35320677E-10  2.38288667E-10  6.93759605E-10  1.51332440E-08  3.83323346E-08
  9.50589563E-09  1.87438798E+00  5.63631281E-02  0.00000000E+00  0.00000000E+00
  0.00000000E+00  0.00000000E+00  0.00000000E+00  0.00000000E+00  0.00000000E+00
  0.00000000E+00  0.00000000E+00  0.00000000E+00  1.21798935E-08  0.00000000E+00
  0.00000000E+00  0.00000000E+00  0.00000000E+00  9.82626914E-12  3.17962914E-13
  1.72948877E-11  4.29883108E-11  2.44172432E-10  1.12422426E-10  2.94634400E-10
  6.37128306E-09  1.50634776E-08  3.74499898E-09  1.87411809E+00  5.44042625E-02
  0.00000000E+00  0.00000000E+00  0.00000000E+00  0.00000000E+00  0.00000000E+00
  0.00000000E+00  0.00000000E+00  0.00000000E+00  0.00000000E+00  0.00000000E+00
  0.00000000E+00  3.71230557E-09  0.00000000E+00  0.00000000E+00  0.00000000E+00
  0.00000000E+00  3.43910360E-12  1.04124744E-13  6.11977266E-12  1.75302724E-11
  9.65076907E-11  4.03506464E-11  6.59024918E-11  1.90737848E-09  4.53701965E-09
  4.29941388E-10  1.87359226E+00  5.54444902E-02  0.00000000E+00  0.00000000E+00
  0.00000000E+00  0.00000000E+00  0.00000000E+00  0.00000000E+00  0.00000000E+00
  0.00000000E+00  0.00000000E+00  0.00000000E+00  0.00000000E+00  0.00000000E+00
  1.41896750E-09  0.00000000E+00  0.00000000E+00  0.00000000E+00  0.00000000E+00
  1.43301267E-12  4.43418868E-14  2.65864414E-12  8.84304088E-12  1.34139939E-11
  1.97622370E-11  3.74366510E-11  7.37614192E-10  1.73195225E-09  2.26977243E-10
  1.03259198E-02  1.90710700E+00  5.64145818E-02  0.00000000E+00  0.00000000E+00
  0.00000000E+00  0.00000000E+00  0.00000000E+00  0.00000000E+00  0.00000000E+00
  0.00000000E+00  0.00000000E+00  0.00000000E+00  0.00000000E+00  0.00000000E+00
  0.00000000E+00  6.79886758E-10  0.00000000E+00  0.00000000E+00  0.00000000E+00
  0.00000000E+00  0.00000000E+00  2.50130828E-14  1.65815300E-12  6.07064182E-12
  8.40275440E-13  8.33760318E-12  2.94321199E-11  1.44906781E-10  8.17427348E-10
  1.46629001E-10 -4.71366917E-07  8.69234616E-04  1.91945243E+00  2.32263952E-02
  0.00000000E+00  0.00000000E+00  0.00000000E+00  0.00000000E+00  0.00000000E+00
  0.00000000E+00  0.00000000E+00  0.00000000E+00  0.00000000E+00  0.00000000E+00
  0.00000000E+00  0.00000000E+00  0.00000000E+00  0.00000000E+00  2.57565663E-10
  0.00000000E+00  0.00000000E+00  0.00000000E+00  0.00000000E+00  0.00000000E+00
  1.23273982E-14  2.75432726E-13  1.96359487E-12  2.70449055E-13  5.12182397E-12
  2.35191432E-11  1.16165723E-10  2.30046079E-10  1.15540438E-10  2.01204956E-01
  1.75510037E+00  1.06544956E-03  0.00000000E+00  0.00000000E+00  0.00000000E+00
  0.00000000E+00  0.00000000E+00  0.00000000E+00  0.00000000E+00  0.00000000E+00
  0.00000000E+00  0.00000000E+00  0.00000000E+00  0.00000000E+00  0.00000000E+00
  0.00000000E+00  0.00000000E+00  1.22096187E-11  0.00000000E+00  0.00000000E+00
  0.00000000E+00  0.00000000E+00  0.00000000E+00  8.97605579E-16  5.09269295E-16
  1.14870285E-13  3.18813672E-15  2.10481020E-13  2.66142121E-12  1.47607655E-11
  1.07164572E-11  1.33895438E-11  1.74576819E+00  1.81809619E-01  1.59126600E-07
  0.00000000E+00  0.00000000E+00  0.00000000E+00  0.00000000E+00  0.00000000E+00
  0.00000000E+00  0.00000000E+00  0.00000000E+00  0.00000000E+00  0.00000000E+00
  0.00000000E+00  0.00000000E+00  0.00000000E+00  0.00000000E+00  0.00000000E+00
  1.49525487E-12  0.00000000E+00  0.00000000E+00  0.00000000E+00  0.00000000E+00
  0.00000000E+00  1.39253633E-16  8.55959417E-17  1.01773730E-15  1.67268175E-16
  5.33360342E-15  3.75943932E-13  1.40843468E-12  6.13519001E-13  1.74652241E-12
->       8      12       2      33                                 <-   
SIGS01                                                                          
  3.37996423E-01  3.98598462E-01  5.59960008E-01  4.13347960E-01  2.09365308E-01
  1.58140451E-01  1.52289227E-01  1.46815553E-01  1.21191718E-01  9.85350013E-02
  8.65772292E-02  5.56796119E-02  4.69478332E-02  3.40445973E-02  2.82091163E-02
  2.70381961E-02  2.38716416E-02  2.28386186E-02  2.19968762E-02  2.16809455E-02
  2.15519313E-02  2.20522713E-02  2.15658769E-02  2.15569083E-02  2.15814915E-02
  2.15962827E-02  2.16117632E-02  2.16216184E-02  2.16280334E-02  2.16342676E-02
  2.21236162E-02  2.22005025E-02  2.20040753E-02
->       8      12       1      33                                 <-   
NJJS01                                                                          
         1         2         3         4         5         6         7         8
         9        10        11        12        13        14        15        16
        17        18        19        20        21        22        23        24
        25        26        27        28        29        31        33        29
        19
->       8      12       1      33                                 <-   
IJJS01                                                                          
         1         2         3         4         5         6         7         8
         9        10        11        12        13        14        15        16
        17        18        19        20        21        22        23        24
        25        26        27        28        29        31        33        33
        33
->       8      12       2     547                                 <-   
SCAT01                                                                          
  3.15964013E-01  3.94515723E-01  8.64840019E-03  5.66925108E-01 -9.18800419E-04
  5.97083475E-03  4.33534175E-01 -9.74444114E-03  2.57501542E-03  3.84498434E-03
  2.28260338E-01 -2.00923160E-02  1.46904832E-03  1.68184668E-03  1.54511968E-03
  1.74175829E-01 -1.89238936E-02 -1.84981123E-04  5.74252772E-06  3.61081416E-04
  1.13782927E-03  1.63293153E-01 -1.61801148E-02  1.74849207E-04  5.05701428E-05
  7.00455566E-04  2.28771256E-04  6.34392141E-04  1.75475761E-01 -1.10048242E-02
  9.40958998E-05 -1.48862862E-04  3.92627808E-05  1.21212783E-04  5.24203715E-05
  1.85293611E-04  1.52233899E-01 -2.86599007E-02  1.51807058E-06  3.97451513E-05
  2.79564142E-06  5.19486457E-05  2.21812981E-04  7.78869944E-05  6.24608219E-05
  1.30648226E-01 -3.10417302E-02 -3.30873831E-07 -9.29824864E-07  1.15710282E-05
  7.17383671E-07 -2.21227074E-05  1.31871624E-04 -2.31876470E-06 -3.74840747E-05
  1.20234855E-01 -3.21135186E-02 -2.05366764E-08 -8.63548095E-08  2.93413535E-07
  1.24663720E-05  6.92597908E-08 -1.84481451E-05  7.21614342E-05  8.70298209E-06
  1.54163772E-05  8.97711888E-02 -3.36576365E-02  3.89318274E-07 -4.18786783E-07
  1.04689526E-07 -3.82469985E-08 -2.13152925E-05 -2.91193317E-07 -6.25093480E-06
  4.22529956E-05  1.30992539E-05  2.32683415E-05  8.18356499E-02 -3.40897515E-02
  1.73366099E-09 -4.88519127E-08 -3.04869836E-08  1.26744780E-07 -1.62139653E-08
  2.23234588E-06 -2.02354144E-07 -1.70026283E-06  1.00732350E-05 -5.54381700E-07
 -4.76489595E-06  7.06876665E-02 -3.48832197E-02 -1.83894588E-06 -5.57848157E-10
 -3.40668365E-08  6.14911204E-12 -5.55848558E-08  4.16556070E-08 -3.77619585E-07
 -8.64468745E-08 -1.12301063E-06  4.26732367E-06  2.99748763E-06  1.20427330E-05
  6.22433685E-02 -3.66419069E-02 -4.59616285E-06  0.00000000E+00  3.58301305E-11
 -1.07858869E-08  3.46819518E-11 -1.81259647E-08  8.69522065E-10  1.35602995E-05
 -5.95046856E-08 -5.33737875E-07  2.90608085E-07  1.89977970E-06  3.99728196E-06
  6.35580346E-02 -3.40343863E-02  6.12868746E-07  0.00000000E+00  0.00000000E+00
 -1.68574835E-10 -6.51349641E-09 -4.44909734E-12 -1.39958418E-08  2.37669373E-09
 -6.90190382E-06 -3.95885635E-08 -2.54553754E-07  5.36465222E-07  2.99062208E-07
 -4.92747813E-06  5.72891124E-02 -3.65198404E-02  0.00000000E+00 -3.01832813E-07
  0.00000000E+00  0.00000000E+00 -8.45880102E-11 -3.18476134E-09 -2.13130403E-12
 -7.46428608E-09  2.91767721E-09  3.81812839E-07 -1.31095650E-08 -1.21101678E-07
 -3.58773235E-07  1.50334230E-07 -1.87486148E-06  5.53582981E-02 -3.34174819E-02
  0.00000000E+00  0.00000000E+00 -6.56595887E-07  0.00000000E+00  0.00000000E+00
 -5.55074389E-11 -1.53527702E-09 -1.01401884E-12 -3.54029650E-09  2.57120170E-09
 -2.52056367E-07 -4.75360107E-09 -5.78733648E-08 -2.20191467E-07 -2.75892830E-07
 -1.57856914E-06  5.41930869E-02 -3.25196795E-02  0.00000000E+00  0.00000000E+00
  0.00000000E+00 -4.00850666E-07  0.00000000E+00  0.00000000E+00 -9.10657175E-11
 -5.94887528E-10 -4.80021025E-13 -1.67117620E-09  7.90677857E-10 -4.19030954E-07
 -1.96500904E-09 -2.64041553E-08 -9.04033612E-08 -1.37355642E-07 -6.85762132E-07
  5.37080914E-02 -3.21962126E-02  0.00000000E+00  0.00000000E+00  0.00000000E+00
  0.00000000E+00 -1.63818541E-07  0.00000000E+00  0.00000000E+00  0.00000000E+00
 -1.92631855E-10 -2.26220518E-13 -7.84615872E-10 -2.67793926E-10 -2.95340943E-08
 -1.25272526E-09 -1.20775550E-08 -2.37019169E-08  8.23178326E-08 -2.49416843E-07
  5.22469543E-02 -3.20271514E-02  0.00000000E+00  0.00000000E+00  0.00000000E+00
  0.00000000E+00  0.00000000E+00 -8.04521250E-08  0.00000000E+00  0.00000000E+00
  0.00000000E+00 -1.95908637E-10 -1.06025696E-13 -3.65497188E-10 -5.49831070E-10
 -5.07140507E-09 -6.81471823E-10 -5.49918999E-09  8.44462544E-09  1.55940057E-07
 -9.10517741E-08  6.44689649E-02 -3.06944307E-02  0.00000000E+00  0.00000000E+00
  0.00000000E+00  0.00000000E+00  0.00000000E+00  1.66019007E-07 -1.66195562E-07
  0.00000000E+00  0.00000000E+00  0.00000000E+00 -7.87046261E-11 -4.22066319E-14
 -1.42181766E-10 -3.16412702E-10 -2.00757388E-09 -2.84166551E-10 -2.15800555E-09
  1.35651961E-08  1.98875384E-07 -2.91289162E-08  3.66665013E-02 -4.24166955E-02
 -5.93601158E-07  0.00000000E+00  0.00000000E+00  0.00000000E+00  0.00000000E+00
  0.00000000E+00 -1.78013728E-08 -1.27497177E-08  0.00000000E+00  0.00000000E+00
  0.00000000E+00 -6.14281126E-11 -3.15777813E-14 -1.12040696E-10 -2.56621197E-10
 -1.44742840E-09 -1.49931262E-10 -1.64293124E-09  2.33118858E-08  2.13091027E-07
 -1.79193762E-08  5.03765717E-02 -1.51006244E-02  0.00000000E+00  0.00000000E+00
  0.00000000E+00  0.00000000E+00  0.00000000E+00  0.00000000E+00  0.00000000E+00
 -9.07252495E-09  0.00000000E+00  0.00000000E+00  0.00000000E+00  0.00000000E+00
 -1.56996551E-11 -9.27688864E-15 -2.79273063E-11 -5.94764030E-11 -3.02123465E-10
 -8.20953305E-11 -4.19215163E-10  1.32051463E-08  4.15798134E-08 -3.38002271E-09
  7.51296282E-02 -2.74744742E-02  0.00000000E+00  0.00000000E+00  0.00000000E+00
  0.00000000E+00  0.00000000E+00  0.00000000E+00  0.00000000E+00  0.00000000E+00
 -3.09254822E-09  0.00000000E+00  0.00000000E+00  0.00000000E+00  0.00000000E+00
 -5.75474260E-12 -3.08105270E-15 -8.62338326E-12 -1.78612264E-11 -9.56343962E-11
 -2.21644578E-11 -1.09008122E-10  4.61458916E-09  1.12341141E-08 -9.44110790E-10
  4.23282534E-02 -5.35481386E-02 -1.34518906E-03  0.00000000E+00  0.00000000E+00
  0.00000000E+00  0.00000000E+00  0.00000000E+00  0.00000000E+00  0.00000000E+00
  0.00000000E+00 -2.95846281E-09  0.00000000E+00  0.00000000E+00  0.00000000E+00
  0.00000000E+00 -5.47021239E-12 -2.82307272E-15 -7.21906606E-12 -1.45260201E-11
 -6.74516415E-11 -1.26511562E-11 -1.02129478E-10  3.91565580E-09  8.98617358E-09
 -7.47380158E-10  4.01565284E-02 -2.07319707E-02  0.00000000E+00  0.00000000E+00
  0.00000000E+00  0.00000000E+00  0.00000000E+00  0.00000000E+00  0.00000000E+00
  0.00000000E+00  0.00000000E+00  0.00000000E+00 -1.41397083E-09  0.00000000E+00
  0.00000000E+00  0.00000000E+00  0.00000000E+00 -2.48060188E-12 -1.25387155E-15
 -2.55815811E-12 -4.71995446E-12 -3.19558303E-11 -7.25775776E-12 -3.65976312E-11
  1.51163648E-09  3.41003759E-09 -2.72240452E-10  4.25241441E-02 -1.85447708E-02
  0.00000000E+00  0.00000000E+00  0.00000000E+00  0.00000000E+00  0.00000000E+00
  0.00000000E+00  0.00000000E+00  0.00000000E+00  0.00000000E+00  0.00000000E+00
  0.00000000E+00 -5.09826792E-10  0.00000000E+00  0.00000000E+00  0.00000000E+00
  0.00000000E+00 -8.77378248E-13 -1.95025458E-16 -1.11656095E-12 -4.67730780E-13
 -6.16928297E-12 -9.19389348E-13  3.85787756E-13  4.42393067E-10  9.72045111E-10
  9.62796336E-12  4.24828641E-02 -2.09025256E-02  0.00000000E+00  0.00000000E+00
  0.00000000E+00  0.00000000E+00  0.00000000E+00  0.00000000E+00  0.00000000E+00
  0.00000000E+00  0.00000000E+00  0.00000000E+00  0.00000000E+00  0.00000000E+00
 -2.51983323E-10  0.00000000E+00  0.00000000E+00  0.00000000E+00  0.00000000E+00
 -3.48964157E-13  0.00000000E+00 -7.14057394E-13  7.21562621E-13 -1.90412269E-12
  8.50294986E-13  4.13697566E-14  1.53615745E-10  3.66982777E-10  3.28296786E-12
 -6.23456845E-06  2.93367971E-02 -2.08548326E-02  0.00000000E+00  0.00000000E+00
  0.00000000E+00  0.00000000E+00  0.00000000E+00  0.00000000E+00  0.00000000E+00
  0.00000000E+00  0.00000000E+00  0.00000000E+00  0.00000000E+00  0.00000000E+00
  0.00000000E+00 -1.54868049E-10  0.00000000E+00  0.00000000E+00  0.00000000E+00
  0.00000000E+00  0.00000000E+00  0.00000000E+00 -3.94124186E-13  1.46646562E-12
 -7.31168327E-14 -2.08414354E-14 -1.02254622E-15  0.00000000E+00  1.48816598E-10
  3.49541522E-23  3.22386938E-07 -9.72124617E-05  2.24261247E-02 -7.70252710E-03
  0.00000000E+00  0.00000000E+00  0.00000000E+00  0.00000000E+00  0.00000000E+00
  0.00000000E+00  0.00000000E+00  0.00000000E+00  0.00000000E+00  0.00000000E+00
  0.00000000E+00  0.00000000E+00  0.00000000E+00  0.00000000E+00 -6.57635751E-11
  0.00000000E+00  0.00000000E+00  0.00000000E+00  0.00000000E+00  0.00000000E+00
  0.00000000E+00 -5.46096405E-14 -9.17226093E-14 -1.73804097E-14  7.84870433E-13
  6.17009085E-25  0.00000000E+00  1.82082578E-11  3.99287588E-24 -3.16863731E-02
  5.07033728E-02 -2.96133599E-04  0.00000000E+00  0.00000000E+00  0.00000000E+00
  0.00000000E+00  0.00000000E+00  0.00000000E+00  0.00000000E+00  0.00000000E+00
  0.00000000E+00  0.00000000E+00  0.00000000E+00  0.00000000E+00  0.00000000E+00
  0.00000000E+00  0.00000000E+00 -2.25035875E-12  0.00000000E+00  0.00000000E+00
  0.00000000E+00  0.00000000E+00  0.00000000E+00  0.00000000E+00  0.00000000E+00
 -4.52298314E-15  0.00000000E+00  9.95743269E-14  5.36901206E-02 -2.84056608E-02
 -1.38223115E-07  0.00000000E+00  0.00000000E+00  0.00000000E+00  0.00000000E+00
  0.00000000E+00  0.00000000E+00  0.00000000E+00  0.00000000E+00  0.00000000E+00
  0.00000000E+00  0.00000000E+00  0.00000000E+00  0.00000000E+00  0.00000000E+00
  0.00000000E+00 -5.95846275E-14
->       8      12       1       2                                 <-   
SCAT-SAVED                                                                      
         1         1
->       8      12       2       8                                 <-   
LAMBDA-D                                                                        
  1.24666998E-02  2.82917004E-02  4.25244011E-02  1.33041993E-01  2.92467207E-01
  6.66487694E-01  1.63478100E+00  3.55460000E+00
->      -8       0       0       0                                 <-   
->       6      12       3       3                                 <-   
SIGNATURE                                                                       
         4         4         4
L_LIBRARY   
->       6      12       1      40                                 <-   
STATE-VECTOR                                                                    
         1         1        33         2         0         0         1         0
         0         0         0         0        12         1         0         0
         0         1         8         0         0         1         0         0
         0         0         0         0         0         0         0         0
         0         0         0         0         0         0         0         0
->       6      12       1       1                                 <-   
ISOTOPESMIX                                                                     
         1
->       6      12       3       3                                 <-   
ISOTOPESUSED                                                                    
         4         4         4
*MAC*RES    
->       6      12       3       3                                 <-   
ISOTOPERNAME                                                                    
         4         4         4
*MAC*RES    
->       6      12       2       1                                 <-   
ISOTOPESDENS                                                                    
  1.00000000E+00
->       6      12       1       1                                 <-   
ISOTOPESTYPE                                                                    
         1
->       6      12       1       1                                 <-   
ISOTOPESTODO                                                                    
         1
->       6      12       2       1                                 <-   
ISOTOPESVOL                                                                     
  2.34294758E+01
->       6      12       2       1                                 <-   
ISOTOPESTEMP                                                                    
  7.13160034E+02
->       6      12       2       1                                 <-   
MIXTURESVOL                                                                     
  2.34294758E+01
->       6      12       2       1                                 <-   
K-EFFECTIVE                                                                     
  1.00000000E+00
->       6      12       2       1                                 <-   
K-INFINITY                                                                      
  7.80523837E-01
->       6      12       2       1                                 <-   
B2  B1HOM                                                                       
 -7.00477883E-03
->       6      12       3      24                                 <-   
ADDXSNAME-P0                                                                    
         4         4         4         4         4         4         4         4
         4         4         4         4         4         4         4         4
         4         4         4         4         4         4         4         4
NFTOT   NG      N2N     N3N     N4N     NA      NP      N2A     NNP     ND      
NT      TRANC   
->       6      12       2      34                                 <-   
ENERGY                                                                          
  1.96403300E+07  1.00000000E+07  6.06530700E+06  3.67879400E+06  2.23130200E+06
  1.35335300E+06  8.20850000E+05  4.97870688E+05  3.01973812E+05  1.83156406E+05
  1.11090000E+05  6.73794688E+04  4.08677109E+04  2.47875195E+04  1.50343896E+04
  9.11882031E+03  5.53084424E+03  3.35462598E+03  2.03468396E+03  1.23409802E+03
  7.48518311E+02  4.53999298E+02  3.04324799E+02  1.48575897E+02  9.16608810E+01
  6.79040527E+01  4.01689987E+01  2.26032906E+01  1.37095900E+01  8.31528664E+00
  4.00000000E+00  5.40000975E-01  1.00000098E-01  1.10002802E-04
->       6      12       2      33                                 <-   
DELTAU                                                                          
  6.75000012E-01  4.99999970E-01  5.00000179E-01  4.99999672E-01  5.00000060E-01
  5.00000119E-01  5.00000060E-01  5.00000119E-01  4.99999821E-01  4.99999762E-01
  5.00000358E-01  5.00000060E-01  5.00000060E-01  5.00000060E-01  4.99999762E-01
  4.99999970E-01  5.00000179E-01  4.99999762E-01  5.00000119E-01  4.99999970E-01
  5.00000060E-01  4.00000095E-01  7.16999590E-01  4.83000249E-01  2.99999952E-01
  5.25000155E-01  5.75000048E-01  4.99999881E-01  4.99999970E-01  7.31801212E-01
  2.00247860E+00  1.68639970E+00  6.81242085E+00
->      -6       0       0       0                                 <-   
->       5       0       0      -1                                 <-   00000018
->       6      12      10       1                                 <-   
ISOTOPESLIST                                                                    
->       7       0       0      -1                                 <-   00000001
->       8      12       3       3                                 <-   
ALIAS                                                                           
         4         4         4
*MAC*RES0001
->       8      12       2       1                                 <-   
AWR                                                                             
  1.74031925E+00
->       8      12       2      33                                 <-   
NWT0                                                                            
  1.16293471E-04  1.87021866E-03  9.28609539E-03  2.64973212E-02  4.64245975E-02
  7.45606199E-02  1.31449774E-01  1.11498646E-01  1.30193621E-01  1.30347148E-01
  1.16406038E-01  1.00205027E-01  7.46135339E-02  6.09656237E-02  4.25832607E-02
  2.28921324E-02  1.46666905E-02  7.48940604E-03  3.40383267E-03  1.19105878E-03
  3.92717659E-04  8.80999578E-05  3.85320091E-05  3.08808558E-06  3.61396189E-07
  1.10391980E-07  1.08700098E-08  1.33956446E-09  2.46420856E-10  4.27190422E-10
  1.08761256E-09  1.18271393E-10  7.89895857E-11
->       8      12       2      33                                 <-   
NTOT0                                                                           
  1.30953535E-01  1.47839457E-01  1.54027790E-01  1.75267026E-01  1.83791012E-01
  1.79092094E-01  2.06738323E-01  2.95631289E-01  2.97420919E-01  3.12102050E-01
  3.51774871E-01  3.53806078E-01  4.74380344E-01  3.63478512E-01  3.99988860E-01
  5.62069237E-01  4.86387759E-01  5.11200070E-01  5.40951848E-01  6.08111084E-01
  6.65101409E-01  7.80733943E-01  8.43207181E-01  1.01380110E+00  1.15504706E+00
  1.29937935E+00  1.58588028E+00  1.95580328E+00  2.41724730E+00  3.40576315E+00
  4.70980072E+00  1.83838291E+01  2.65887146E+01
->       8      12       2      33                                 <-   
NG                                                                              
  1.34913371E-05  1.29889931E-05  2.13314197E-05  3.44569926E-05  3.75050186E-05
  4.83765289E-05  6.43314706E-05  8.61915760E-05  1.06574800E-04  1.19165976E-04
  1.99046437E-04  1.59774892E-04  2.69138225E-04  1.47624814E-04  1.70171348E-04
  3.47652851E-04  2.09572216E-04  1.78882619E-04  5.01345319E-04  6.85984828E-03
  3.91122187E-04  1.10698410E-03  5.91294025E-04  1.30549062E-03  9.06990084E-04
  1.87144428E-03  1.34282350E-03  1.72505248E-03  2.34155613E-03  3.36644193E-03
  4.84276004E-03  2.02961732E-02  2.95611769E-02
->       8      12       2      33                                 <-   
N2N                                                                             
  3.76321189E-03  1.78307309E-04  0.00000000E+00  0.00000000E+00  0.00000000E+00
  0.00000000E+00  0.00000000E+00  0.00000000E+00  0.00000000E+00  0.00000000E+00
  0.00000000E+00  0.00000000E+00  0.00000000E+00  0.00000000E+00  0.00000000E+00
  0.00000000E+00  0.00000000E+00  0.00000000E+00  0.00000000E+00  0.00000000E+00
  0.00000000E+00  0.00000000E+00  0.00000000E+00  0.00000000E+00  0.00000000E+00
  0.00000000E+00  0.00000000E+00  0.00000000E+00  0.00000000E+00  0.00000000E+00
  0.00000000E+00  0.00000000E+00  0.00000000E+00
->       8      12       2      33                                 <-   
N3N                                                                             
  6.18054355E-06  0.00000000E+00  0.00000000E+00  0.00000000E+00  0.00000000E+00
  0.00000000E+00  0.00000000E+00  0.00000000E+00  0.00000000E+00  0.00000000E+00
  0.00000000E+00  0.00000000E+00  0.00000000E+00  0.00000000E+00  0.00000000E+00
  0.00000000E+00  0.00000000E+00  0.00000000E+00  0.00000000E+00  0.00000000E+00
  0.00000000E+00  0.00000000E+00  0.00000000E+00  0.00000000E+00  0.00000000E+00
  0.00000000E+00  0.00000000E+00  0.00000000E+00  0.00000000E+00  0.00000000E+00
  0.00000000E+00  0.00000000E+00  0.00000000E+00
->       8      12       2      33                                 <-   
NA                                                                              
  2.09479057E-03  1.28265459E-03  2.66689248E-03  3.47990775E-03  4.30883327E-03
  2.60412064E-03  5.63690253E-03  9.78110731E-03  1.39524247E-02  1.87696572E-02
  2.31916830E-02  2.86770556E-02  3.65154184E-02  4.64246273E-02  5.94115481E-02
  7.70481899E-02  9.86760557E-02  1.26701787E-01  1.63274825E-01  2.09706694E-01
  2.68419445E-01  3.37997615E-01  4.30359483E-01  5.97448766E-01  7.39694417E-01
  8.80885720E-01  1.16782475E+00  1.53662479E+00  1.99702120E+00  2.98408818E+00
  4.28633547E+00  1.79394321E+01  2.61283474E+01
->       8      12       2      33                                 <-   
NP                                                                              
  2.23602890E-03  1.30993209E-03  5.63771173E-04  2.88929121E-04  1.12859729E-04
  1.46781222E-05  2.36206961E-06  5.31518708E-07  1.63679061E-07  5.37417968E-08
  2.46713103E-08  1.63373830E-08  1.64552496E-08  1.80708959E-08  1.98517807E-08
  2.19056044E-08  2.40528220E-08  2.64416311E-08  2.91113533E-08  3.26471721E-08
  4.09053946E-08  5.13272838E-08  6.51300098E-08  9.00584922E-08  1.11262480E-07
  1.32265598E-07  1.74851522E-07  2.29437916E-07  2.97399566E-07  4.42901921E-07
  6.34328273E-07  2.64514870E-06  3.85221529E-06
->       8      12       2      33                                 <-   
N2A                                                                             
  1.27122575E-12  0.00000000E+00  0.00000000E+00  0.00000000E+00  0.00000000E+00
  0.00000000E+00  0.00000000E+00  0.00000000E+00  0.00000000E+00  0.00000000E+00
  0.00000000E+00  0.00000000E+00  0.00000000E+00  0.00000000E+00  0.00000000E+00
  0.00000000E+00  0.00000000E+00  0.00000000E+00  0.00000000E+00  0.00000000E+00
  0.00000000E+00  0.00000000E+00  0.00000000E+00  0.00000000E+00  0.00000000E+00
  0.00000000E+00  0.00000000E+00  0.00000000E+00  0.00000000E+00  0.00000000E+00
  0.00000000E+00  0.00000000E+00  0.00000000E+00
->       8      12       2      33                                 <-   
NNP                                                                             
  2.48766301E-04  6.48326770E-09  0.00000000E+00  0.00000000E+00  0.00000000E+00
  0.00000000E+00  0.00000000E+00  0.00000000E+00  0.00000000E+00  0.00000000E+00
  0.00000000E+00  0.00000000E+00  0.00000000E+00  0.00000000E+00  0.00000000E+00
  0.00000000E+00  0.00000000E+00  0.00000000E+00  0.00000000E+00  0.00000000E+00
  0.00000000E+00  0.00000000E+00  0.00000000E+00  0.00000000E+00  0.00000000E+00
  0.00000000E+00  0.00000000E+00  0.00000000E+00  0.00000000E+00  0.00000000E+00
  0.00000000E+00  0.00000000E+00  0.00000000E+00
->       8      12       2      33                                 <-   
ND                                                                              
  4.18758806E-04  3.63247993E-04  2.37374061E-05  0.00000000E+00  0.00000000E+00
  0.00000000E+00  0.00000000E+00  0.00000000E+00  0.00000000E+00  0.00000000E+00
  0.00000000E+00  0.00000000E+00  0.00000000E+00  0.00000000E+00  0.00000000E+00
  0.00000000E+00  0.00000000E+00  0.00000000E+00  0.00000000E+00  0.00000000E+00
  0.00000000E+00  0.00000000E+00  0.00000000E+00  0.00000000E+00  0.00000000E+00
  0.00000000E+00  0.00000000E+00  0.00000000E+00  0.00000000E+00  0.00000000E+00
  0.00000000E+00  0.00000000E+00  0.00000000E+00
->       8      12       2      33                                 <-   
NT                                                                              
  1.02370344E-04  1.85180262E-18  0.00000000E+00  0.00000000E+00  0.00000000E+00
  0.00000000E+00  0.00000000E+00  0.00000000E+00  0.00000000E+00  0.00000000E+00
  0.00000000E+00  0.00000000E+00  0.00000000E+00  0.00000000E+00  0.00000000E+00
  0.00000000E+00  0.00000000E+00  0.00000000E+00  0.00000000E+00  0.00000000E+00
  0.00000000E+00  0.00000000E+00  0.00000000E+00  0.00000000E+00  0.00000000E+00
  0.00000000E+00  0.00000000E+00  0.00000000E+00  0.00000000E+00  0.00000000E+00
  0.00000000E+00  0.00000000E+00  0.00000000E+00
->       8      12       2      33                                 <-   
H-FACTOR                                                                        
  1.56122251E-17  1.56625061E-17  2.62017102E-17  4.24187549E-17  4.69700383E-17
  6.08322718E-17  7.99155667E-17  1.08793944E-16  1.36359281E-16  1.51664055E-16
  2.49803595E-16  2.05723193E-16  3.45346053E-16  2.00475057E-16  2.49632071E-16
  5.23566364E-16  3.10076342E-16  2.52328177E-16  6.85007932E-16  8.47805780E-15
  5.17219493E-16  1.57679334E-15  8.26864722E-16  1.59745670E-15  1.22946186E-15
  2.63178515E-15  1.81590036E-15  2.32486425E-15  3.11640891E-15  4.53367821E-15
  6.52143456E-15  2.73332128E-14  3.98119885E-14
->       8      12       2      33                                 <-   
OVERV                                                                           
  2.13734808E-10  2.70323791E-10  3.41862177E-10  4.35938091E-10  5.53174395E-10
  7.20833337E-10  9.10496789E-10  1.17160159E-09  1.49322721E-09  1.92256921E-09
  2.47021781E-09  3.15290771E-09  4.06995060E-09  5.18919041E-09  6.62342003E-09
  8.55567084E-09  1.09081268E-08  1.39484468E-08  1.79054123E-08  2.29252350E-08
  2.92733198E-08  3.67911355E-08  4.67660577E-08  6.48176837E-08  8.02057443E-08
  9.54688346E-08  1.26460336E-07  1.66286242E-07  2.15966907E-07  3.22577648E-07
  4.63272301E-07  1.93170399E-06  2.82147539E-06
->       8      12       2      33                                 <-   
STRD                                                                            
  8.12486857E-02  8.46455246E-02  9.79766995E-02  1.07510492E-01  1.23458803E-01
  1.47306979E-01  1.46558732E-01  2.11897567E-01  2.22919956E-01  2.39536852E-01
  2.89393902E-01  2.85105050E-01  3.52372646E-01  2.85145134E-01  3.52121681E-01
  5.12560964E-01  4.23685104E-01  4.27836597E-01  3.96773666E-01  4.38906997E-01
  4.31248277E-01  5.05414128E-01  4.88598347E-01  5.00929773E-01  5.54572821E-01
  5.72562635E-01  5.09295583E-01  6.30503178E-01  4.90375698E-01  4.22445238E-01
  4.48109478E-01  1.42838776E+00  1.36901760E+00
->       8      12       2      33                                 <-   
SIGS00                                                                          
  1.24464333E-01  1.43179044E-01  1.48931339E-01  1.70894966E-01  1.78950474E-01
  1.76419720E-01  2.01034263E-01  2.85762608E-01  2.83361346E-01  2.93212950E-01
  3.28383923E-01  3.24969023E-01  4.37595338E-01  3.16906154E-01  3.40406984E-01
  4.84673023E-01  3.87501836E-01  3.84319007E-01  3.77175421E-01  3.91544133E-01
  3.96290094E-01  4.41628635E-01  4.12255377E-01  4.15045738E-01  4.14444208E-01
  4.16620553E-01  4.16710883E-01  4.17450130E-01  4.17880863E-01  4.18302655E-01
  4.18614507E-01  4.24065620E-01  4.30753469E-01
->       8      12       1      33                                 <-   
NJJS00                                                                          
         1         2         3         4         5         6         7         8
         9        10        11        12        13        14        15        16
        17        18        19        20        21        22        23        24
        25        26        27        28        29        31        33        33
        33
->       8      12       1      33                                 <-   
IJJS00                                                                          
         1         2         3         4         5         6         7         8
         9        10        11        12        13        14        15        16
        17        18        19        20        21        22        23        24
        25        26        27        28        29        31        33        33
        33
->       8      12       2     565                                 <-   
SCAT00                                                                          
  5.70486821E-02  7.46590272E-02  2.47405171E-02  9.02033001E-02  3.14430520E-02
  1.16210468E-02  1.10870272E-01  3.72262709E-02  1.20920790E-02  1.07176919E-02
  1.17400467E-01  5.40935099E-02  8.40185303E-03  1.12783965E-02  8.83513503E-03
  1.24654151E-01  5.57283200E-02  2.53753760E-03  6.39497815E-03  7.30044860E-03
  5.50982123E-03  1.45170256E-01  4.79249656E-02  4.80019394E-03  1.44546770E-03
  3.54250381E-03  3.52080981E-03  3.09669995E-03  2.03984395E-01  5.57695441E-02
  1.17371161E-03  6.48534158E-04  9.74112132E-04  1.70795585E-03  1.61160098E-03
  1.53660506E-03  2.02923581E-01  8.17184299E-02  5.12215629E-05  1.31064781E-03
  1.83672164E-04  5.46029885E-04  8.37108819E-04  7.19953910E-04  7.30436586E-04
  2.08314016E-01  8.04013014E-02  2.63979055E-05  3.07362607E-05  7.27012346E-04
  1.02749560E-04  2.74730264E-04  3.49914742E-04  3.22686159E-04  3.32898664E-04
  2.40636230E-01  8.48892480E-02  2.50567900E-05  1.78299342E-05  6.01089550E-06
  3.29037866E-04  4.98125482E-05  9.65625513E-05  1.50675914E-04  1.34272530E-04
  1.52991444E-04  2.39014432E-01  8.77475441E-02  1.71744227E-06  1.09273678E-05
  6.98227086E-06  3.47705895E-06  1.44099031E-04  2.16108547E-05  3.48583599E-05
  6.62435341E-05  5.53640130E-05  7.13454210E-05  3.43653619E-01  8.59524608E-02
  1.34736766E-07  5.23681456E-06  2.58203130E-07  4.73340651E-06  1.46621585E-06
  4.27796913E-05  9.06556852E-06  1.32292307E-05  2.89143827E-05  2.34892250E-05
  3.46090419E-05  2.28963643E-01  9.36917886E-02  2.22756967E-06  5.43052714E-08
  1.67328562E-06  8.37101553E-08  2.30594378E-06  7.92392541E-07  2.50063549E-05
  3.63949289E-06  5.25224095E-06  1.23951368E-05  1.00069219E-05  1.73908538E-05
  2.60362357E-01  8.75057802E-02  2.49917182E-04  0.00000000E+00  2.63537672E-08
  6.54607163E-07  3.19440758E-08  9.00928796E-07  3.94973512E-07  5.33122329E-05
  1.45112074E-06  2.03046511E-06  5.25305586E-06  4.33644618E-06  9.12432552E-06
  3.96970391E-01  8.00432563E-02  2.26511722E-04  0.00000000E+00  0.00000000E+00
  1.09301146E-08  2.59118622E-07  1.20635271E-08  3.89256343E-07  1.79547044E-07
  2.55942668E-05  5.77367871E-07  8.11185373E-07  2.21134974E-06  1.93141773E-06
  4.73103091E-06  3.09814870E-01  8.77025351E-02  0.00000000E+00  1.25220031E-04
  0.00000000E+00  0.00000000E+00  4.19077706E-09  9.74946985E-08  4.50392079E-09
  1.45844936E-07  8.75199362E-08  5.88530384E-06  2.34327345E-07  3.27951824E-07
  9.44908777E-07  8.65445656E-07  2.42914939E-06  3.10745686E-01  7.76869208E-02
  0.00000000E+00  0.00000000E+00  5.39108441E-05  0.00000000E+00  0.00000000E+00
  1.56650604E-09  3.64139403E-08  1.67309389E-09  5.42046017E-08  4.42740564E-08
  2.47498838E-06  9.98496787E-08  1.33992131E-07  4.08776316E-07  3.93192977E-07
  1.16372223E-06  3.04660439E-01  7.35733062E-02  0.00000000E+00  0.00000000E+00
  0.00000000E+00  2.05513443E-05  0.00000000E+00  0.00000000E+00  2.00126485E-10
  1.38237173E-08  6.19862550E-10  2.01754773E-08  2.18689067E-08  8.71999930E-07
  4.41079848E-08  5.68360079E-08  1.86611246E-07  1.80108373E-07  5.44658064E-07
  3.22236508E-01  7.25149140E-02  0.00000000E+00  0.00000000E+00  0.00000000E+00
  0.00000000E+00  7.18541060E-06  0.00000000E+00  0.00000000E+00  0.00000000E+00
  5.94638339E-09  2.29445740E-10  7.54151142E-09  1.01961497E-08  1.09034822E-07
  1.95323935E-08  2.55416754E-08  8.51007798E-08  8.34642364E-08  2.55082398E-07
  3.32685053E-01  6.93075731E-02  0.00000000E+00  0.00000000E+00  0.00000000E+00
  0.00000000E+00  0.00000000E+00  2.71700537E-06  0.00000000E+00  0.00000000E+00
  0.00000000E+00  2.43081399E-09  8.49784410E-11  2.84207702E-09  4.45540627E-09
  3.30377468E-08  8.66519478E-09  1.20757848E-08  4.03372660E-08  4.18372572E-08
  1.19133375E-07  3.51890415E-01  6.36045411E-02  0.00000000E+00  0.00000000E+00
  0.00000000E+00  0.00000000E+00  0.00000000E+00  3.68048120E-07  6.27104555E-07
  0.00000000E+00  0.00000000E+00  0.00000000E+00  7.90407073E-10  2.74567469E-11
  9.45159062E-10  1.64496305E-09  1.13956435E-08  3.31807448E-09  5.03037434E-09
  1.71624546E-08  1.92715213E-08  4.70294665E-08  3.87134433E-01  8.97382647E-02
  4.82818564E-07  0.00000000E+00  0.00000000E+00  0.00000000E+00  0.00000000E+00
  0.00000000E+00  7.73812360E-07  1.38869369E-08  0.00000000E+00  0.00000000E+00
  0.00000000E+00  5.04128961E-10  1.73014433E-11  6.20406004E-10  1.16919308E-09
  7.95891886E-09  2.65499378E-09  4.26390834E-09  1.41903564E-08  1.75446075E-08
  3.59190970E-08  3.59652221E-01  2.51209438E-02  0.00000000E+00  0.00000000E+00
  0.00000000E+00  0.00000000E+00  0.00000000E+00  0.00000000E+00  0.00000000E+00
  1.55915657E-07  0.00000000E+00  0.00000000E+00  0.00000000E+00  0.00000000E+00
  1.03216054E-10  3.45112328E-12  1.34524197E-10  2.79239326E-10  1.90251415E-09
  6.55421994E-10  1.17116328E-09  4.20074331E-09  5.12292431E-09  8.76566464E-09
  2.90430218E-01  5.42656556E-02  0.00000000E+00  0.00000000E+00  0.00000000E+00
  0.00000000E+00  0.00000000E+00  0.00000000E+00  0.00000000E+00  0.00000000E+00
  4.36155148E-08  0.00000000E+00  0.00000000E+00  0.00000000E+00  0.00000000E+00
  2.95424726E-11  1.00041405E-12  4.16293458E-11  9.19239268E-11  6.09249928E-10
  2.31514252E-10  4.26712859E-10  1.56752911E-09  1.86677918E-09  2.78684809E-09
  3.78730476E-01  1.24014057E-01  1.12788833E-03  0.00000000E+00  0.00000000E+00
  0.00000000E+00  0.00000000E+00  0.00000000E+00  0.00000000E+00  0.00000000E+00
  0.00000000E+00  3.48427207E-08  0.00000000E+00  0.00000000E+00  0.00000000E+00
  0.00000000E+00  2.47590993E-11  8.09257934E-13  3.76037916E-11  8.77516046E-11
  5.80618720E-10  2.35370362E-10  4.53991594E-10  1.57811519E-09  1.95742755E-09
  2.56653720E-09  3.73419523E-01  3.78900021E-02  0.00000000E+00  0.00000000E+00
  0.00000000E+00  0.00000000E+00  0.00000000E+00  0.00000000E+00  0.00000000E+00
  0.00000000E+00  0.00000000E+00  0.00000000E+00  1.30800091E-08  0.00000000E+00
  0.00000000E+00  0.00000000E+00  0.00000000E+00  1.03139676E-11  3.18204556E-13
  1.74072614E-11  4.36584865E-11  2.64818945E-10  1.09286566E-10  2.63378902E-10
  8.39052050E-10  1.11062948E-09  1.22645472E-09  3.66503596E-01  4.32913452E-02
  0.00000000E+00  0.00000000E+00  0.00000000E+00  0.00000000E+00  0.00000000E+00
  0.00000000E+00  0.00000000E+00  0.00000000E+00  0.00000000E+00  0.00000000E+00
  0.00000000E+00  3.98665145E-09  0.00000000E+00  0.00000000E+00  0.00000000E+00
  0.00000000E+00  3.60979345E-12  1.04204799E-13  6.15953252E-12  1.78634989E-11
  1.04728518E-10  3.74769070E-11  1.12935022E-10  3.13977705E-10  4.29766972E-10
  4.27905517E-10  3.53465915E-01  5.09465821E-02  0.00000000E+00  0.00000000E+00
  0.00000000E+00  0.00000000E+00  0.00000000E+00  0.00000000E+00  0.00000000E+00
  0.00000000E+00  0.00000000E+00  0.00000000E+00  0.00000000E+00  0.00000000E+00
  1.52383173E-09  0.00000000E+00  0.00000000E+00  0.00000000E+00  0.00000000E+00
  1.50413601E-12  4.43763543E-14  2.67591982E-12  8.98386834E-12  1.45567291E-11
  1.83831526E-11  6.62415539E-11  1.83967813E-10  2.48348841E-10  2.26206762E-10
  8.91038333E-04  2.99113154E-01  6.44149408E-02  0.00000000E+00  0.00000000E+00
  0.00000000E+00  0.00000000E+00  0.00000000E+00  0.00000000E+00  0.00000000E+00
  0.00000000E+00  0.00000000E+00  0.00000000E+00  0.00000000E+00  0.00000000E+00
  0.00000000E+00  7.30131566E-10  0.00000000E+00  0.00000000E+00  0.00000000E+00
  0.00000000E+00  0.00000000E+00  2.50325239E-14  1.66892661E-12  6.15958716E-12
  9.06322706E-13  7.85521474E-12  5.25406628E-11  1.41772191E-10  1.91370531E-10
  1.46625170E-10 -4.89929903E-07  7.31936947E-04  4.17008728E-01  1.19189434E-01
  0.00000000E+00  0.00000000E+00  0.00000000E+00  0.00000000E+00  0.00000000E+00
  0.00000000E+00  0.00000000E+00  0.00000000E+00  0.00000000E+00  0.00000000E+00
  0.00000000E+00  0.00000000E+00  0.00000000E+00  0.00000000E+00  2.76600243E-10
  0.00000000E+00  0.00000000E+00  0.00000000E+00  0.00000000E+00  0.00000000E+00
  1.23369798E-14  2.77234805E-13  1.99279612E-12  2.90531813E-13  4.85107961E-12
  4.19863345E-11  1.13652948E-10  1.59591659E-10  1.15537337E-10  8.85514244E-02
  3.40262771E-01  7.14604161E-04  0.00000000E+00  0.00000000E+00  0.00000000E+00
  0.00000000E+00  0.00000000E+00  0.00000000E+00  0.00000000E+00  0.00000000E+00
  0.00000000E+00  0.00000000E+00  0.00000000E+00  0.00000000E+00  0.00000000E+00
  0.00000000E+00  0.00000000E+00  1.31119308E-11  0.00000000E+00  0.00000000E+00
  0.00000000E+00  0.00000000E+00  0.00000000E+00  8.98303216E-16  5.14056778E-16
  1.16627045E-13  3.19662399E-15  1.99313493E-13  4.97270281E-12  1.44385276E-11
  1.07342269E-11  1.33865653E-11  3.42202514E-01  8.30709487E-02  4.17062331E-08
  0.00000000E+00  0.00000000E+00  0.00000000E+00  0.00000000E+00  0.00000000E+00
  0.00000000E+00  0.00000000E+00  0.00000000E+00  0.00000000E+00  0.00000000E+00
  0.00000000E+00  0.00000000E+00  0.00000000E+00  0.00000000E+00  0.00000000E+00
  1.60575687E-12  0.00000000E+00  0.00000000E+00  0.00000000E+00  0.00000000E+00
  0.00000000E+00  1.39361868E-16  8.64006164E-17  1.04530324E-15  1.73782176E-16
  5.39508361E-15  7.05813609E-13  1.34760963E-12  6.17482085E-13  1.74474172E-12
->       8      12       2      33                                 <-   
SIGS01                                                                          
  5.24438396E-02  5.43786362E-02  4.87043038E-02  4.37257513E-02  2.78255343E-02
  2.48337053E-02  3.76626588E-02  3.42610031E-02  2.07405351E-02  1.71280373E-02
  1.57914143E-02  1.81958191E-02  2.14923918E-02  1.71800703E-02  1.62514746E-02
  1.81637313E-02  1.66847445E-02  1.66348275E-02  1.64080001E-02  1.64070614E-02
  1.64621640E-02  1.70175973E-02  1.66635234E-02  1.66672990E-02  1.66925099E-02
  1.67068634E-02  1.67227387E-02  1.67326089E-02  1.67391747E-02  1.67487618E-02
  1.68576259E-02  1.68804061E-02  1.66675337E-02
->       8      12       1      33                                 <-   
NJJS01                                                                          
         1         2         3         4         5         6         7         8
         9        10        11        12        13        14        15        16
        17        18        19        20        21        22        23        24
        25        26        27        28        29        31        33        29
        19
->       8      12       1      33                                 <-   
IJJS01                                                                          
         1         2         3         4         5         6         7         8
         9        10        11        12        13        14        15        16
        17        18        19        20        21        22        23        24
        25        26        27        28        29        31        33        33
        33
->       8      12       2     547                                 <-   
SCAT01                                                                          
  4.74020056E-02  5.70171215E-02  3.59255960E-03  5.59467934E-02 -2.41355621E-03
  1.38639926E-03  5.54125383E-02 -6.78129029E-03 -1.25106759E-04  2.08796846E-04
  4.18837629E-02 -1.14649003E-02 -2.59535591E-04  4.73591062E-04 -2.33986095E-04
  3.54855508E-02 -1.40753109E-02 -1.44062622E-04 -2.91635079E-04 -2.90423108E-04
  1.34024391E-04  4.79836464E-02 -1.07931877E-02  1.32585672E-04 -5.57659005E-05
  6.13418670E-05 -1.62039243E-04 -7.08105108E-06  5.70653491E-02 -1.03216292E-02
  8.99140068E-05 -1.18004624E-04  4.35905895E-06  4.07072002E-05 -9.36740034E-05
 -2.00390587E-05  4.58487980E-02 -2.28039995E-02  1.10212670E-06  3.73864641E-05
  2.50765515E-06  2.89663012E-06 -4.61508989E-06 -8.96339134E-06 -1.22272122E-05
  4.19848971E-02 -2.51077916E-02 -3.40995257E-07 -7.64595541E-07  9.78411572E-06
  4.64157154E-07 -1.68418483E-05 -4.38636289E-06 -8.88932846E-06 -8.85861118E-06
  4.06936668E-02 -2.48571374E-02 -2.26296759E-08 -1.50236147E-07  2.95405471E-07
  1.85274203E-05  2.08304215E-07 -9.28059399E-06  2.23184230E-07 -5.26796839E-06
 -2.36375695E-06  4.35252301E-02 -2.49022506E-02  3.99554040E-07 -4.20454569E-07
  9.74627881E-08 -2.49633327E-08 -2.31516733E-05 -2.97725990E-07 -2.23072470E-06
 -6.09771632E-07 -2.25404324E-06  6.22372056E-07  4.19308506E-02 -2.53275950E-02
  1.67515601E-09 -6.06800796E-08 -3.02099714E-08  1.33913304E-07 -1.86981861E-08
  2.42395640E-06 -1.89249590E-07 -4.48654845E-07 -1.19585980E-06 -1.05044364E-06
  9.64475817E-07  4.52909060E-02 -2.04349346E-02 -1.81496296E-06 -5.54607749E-10
 -3.68443054E-08  6.14694060E-12 -5.30674100E-08  4.11616945E-08 -4.09730177E-07
 -8.31534237E-08 -2.71426273E-07 -7.67881090E-07 -4.17500104E-07  9.89592536E-07
  4.16449979E-02 -2.81097870E-02 -3.52025609E-06  0.00000000E+00  9.22389456E-11
 -9.20475518E-09  3.46697046E-11 -1.27209345E-08  3.55340729E-10  1.47290766E-05
 -5.60871740E-08 -1.17667838E-07 -4.18067174E-07 -2.22484942E-07  7.54193252E-07
  4.53316495E-02 -2.53936630E-02  8.11250004E-07  0.00000000E+00  0.00000000E+00
 -1.71050563E-10 -6.27954844E-09 -4.44752611E-12 -1.34558285E-08  2.15993090E-09
 -7.49605351E-06 -3.81305156E-08 -6.18623801E-08 -1.77225914E-07 -1.14380178E-07
  5.33391812E-07  4.09829840E-02 -2.71679070E-02  0.00000000E+00 -2.90151434E-07
  0.00000000E+00  0.00000000E+00 -8.58303012E-11 -3.07052472E-09 -2.13055116E-12
 -7.51263496E-09  2.66936051E-09  4.14865639E-07 -1.21716299E-08 -3.14300124E-08
 -7.79928300E-08 -5.08005620E-08  4.24753267E-07  4.03048135E-02 -2.42982414E-02
  0.00000000E+00  0.00000000E+00 -6.67447694E-07  0.00000000E+00  0.00000000E+00
 -5.63226341E-11 -1.48024015E-09 -1.01366062E-12 -3.56322816E-09  2.48233545E-09
 -2.73690432E-07 -4.20532631E-09 -1.53045399E-08 -3.70659805E-08 -2.41942413E-08
  1.92562709E-07  3.99547890E-02 -2.36699842E-02  0.00000000E+00  0.00000000E+00
  0.00000000E+00 -4.96464111E-07  0.00000000E+00  0.00000000E+00 -9.24031338E-11
 -4.99805808E-10 -4.79851456E-13 -1.68200109E-09  7.98151989E-10 -4.55089577E-07
 -1.67374159E-09 -6.11123108E-09 -1.19441186E-08 -1.05038778E-08  7.68288047E-08
  3.98898087E-02 -2.35468037E-02  0.00000000E+00  0.00000000E+00  0.00000000E+00
  0.00000000E+00 -1.54328532E-07  0.00000000E+00  0.00000000E+00  0.00000000E+00
 -1.03064272E-10 -2.26140599E-13 -7.89698140E-10 -2.73294720E-10 -3.20614255E-08
 -1.11562326E-09 -2.40036724E-09 -5.64159386E-09 -5.24077848E-09  3.01064276E-08
  3.84748429E-02 -2.34827381E-02  0.00000000E+00  0.00000000E+00  0.00000000E+00
  0.00000000E+00  0.00000000E+00 -7.57915259E-08  0.00000000E+00  0.00000000E+00
  0.00000000E+00 -2.05631998E-10 -1.05988257E-13 -3.67864655E-10 -5.58682267E-10
 -5.50006751E-09 -6.20730578E-10 -1.00587449E-09 -2.40567521E-09 -1.27980326E-09
  1.14495053E-08  4.89163063E-02 -2.20122058E-02  0.00000000E+00  0.00000000E+00
  0.00000000E+00  0.00000000E+00  0.00000000E+00  1.78288104E-07 -1.56567850E-07
  0.00000000E+00  0.00000000E+00  0.00000000E+00 -8.26109042E-11 -4.21917242E-14
 -1.43102738E-10 -3.21345478E-10 -2.17732632E-09 -2.56129062E-10 -3.67475828E-10
 -3.20608456E-10  8.26690050E-10  3.69610587E-09  2.57973857E-02 -3.18987034E-02
 -4.79367657E-07  0.00000000E+00  0.00000000E+00  0.00000000E+00  0.00000000E+00
  0.00000000E+00 -1.91169267E-08 -1.20111263E-08  0.00000000E+00  0.00000000E+00
  0.00000000E+00 -6.44769238E-11 -3.15666276E-14 -1.12766435E-10 -2.60602595E-10
 -1.56977498E-09 -1.20135055E-10 -2.43764092E-10 -1.33163813E-10  1.28997024E-09
  2.47193488E-09  3.75549272E-02 -9.13386140E-03  0.00000000E+00  0.00000000E+00
  0.00000000E+00  0.00000000E+00  0.00000000E+00  0.00000000E+00  0.00000000E+00
 -9.74300107E-09  0.00000000E+00  0.00000000E+00  0.00000000E+00  0.00000000E+00
 -1.64788617E-11 -9.27361317E-15 -2.81082015E-11 -6.04025857E-11 -3.27605471E-10
 -7.84251900E-11 -4.37064065E-11  4.99074532E-11  2.33210229E-10  5.71712622E-10
  6.03242852E-02 -1.99078582E-02  0.00000000E+00  0.00000000E+00  0.00000000E+00
  0.00000000E+00  0.00000000E+00  0.00000000E+00  0.00000000E+00  0.00000000E+00
 -3.32109296E-09  0.00000000E+00  0.00000000E+00  0.00000000E+00  0.00000000E+00
 -6.04036265E-12 -3.07996490E-15 -8.67923962E-12 -1.81406695E-11 -1.03694525E-10
 -2.09189454E-11 -7.46239702E-12  5.22133933E-11  6.69939104E-11  1.53215302E-10
  3.17122377E-02 -4.36317846E-02 -9.79763572E-04  0.00000000E+00  0.00000000E+00
  0.00000000E+00  0.00000000E+00  0.00000000E+00  0.00000000E+00  0.00000000E+00
  0.00000000E+00 -3.17709858E-09  0.00000000E+00  0.00000000E+00  0.00000000E+00
  0.00000000E+00 -5.74171093E-12 -2.82207576E-15 -7.26582726E-12 -1.47554538E-11
 -7.30928026E-11 -1.10565602E-11 -1.23301222E-11  2.33811980E-11  6.96453797E-11
  1.22189481E-10  3.17188725E-02 -1.50053678E-02  0.00000000E+00  0.00000000E+00
  0.00000000E+00  0.00000000E+00  0.00000000E+00  0.00000000E+00  0.00000000E+00
  0.00000000E+00  0.00000000E+00  0.00000000E+00 -1.51846591E-09  0.00000000E+00
  0.00000000E+00  0.00000000E+00  0.00000000E+00 -2.60371932E-12 -1.25342866E-15
 -2.57472819E-12 -4.79664138E-12 -3.46360336E-11 -6.63431289E-12 -5.93593143E-12
 -2.01771187E-11  3.14757803E-11  4.52582451E-11  3.58681716E-02 -1.49961300E-02
  0.00000000E+00  0.00000000E+00  0.00000000E+00  0.00000000E+00  0.00000000E+00
  0.00000000E+00  0.00000000E+00  0.00000000E+00  0.00000000E+00  0.00000000E+00
  0.00000000E+00 -5.47503931E-10  0.00000000E+00  0.00000000E+00  0.00000000E+00
  0.00000000E+00 -9.20924361E-13 -1.94956584E-16 -1.12379333E-12 -4.90021814E-13
 -6.68731780E-12 -8.40256901E-13  2.91555842E-13  4.99117414E-12  6.77871734E-12
  9.47344720E-12  3.76434214E-02 -1.91355590E-02  0.00000000E+00  0.00000000E+00
  0.00000000E+00  0.00000000E+00  0.00000000E+00  0.00000000E+00  0.00000000E+00
  0.00000000E+00  0.00000000E+00  0.00000000E+00  0.00000000E+00  0.00000000E+00
 -2.70605344E-10  0.00000000E+00  0.00000000E+00  0.00000000E+00  0.00000000E+00
 -3.66283962E-13  0.00000000E+00 -7.18682546E-13  7.29928867E-13 -2.06766440E-12
  7.95934065E-13  3.02240261E-14  1.75202550E-12  4.12590058E-12  3.22410870E-12
  2.53088918E-04  4.87903841E-02 -2.09042449E-02  0.00000000E+00  0.00000000E+00
  0.00000000E+00  0.00000000E+00  0.00000000E+00  0.00000000E+00  0.00000000E+00
  0.00000000E+00  0.00000000E+00  0.00000000E+00  0.00000000E+00  0.00000000E+00
  0.00000000E+00 -1.66313074E-10  0.00000000E+00  0.00000000E+00  0.00000000E+00
  0.00000000E+00  0.00000000E+00  0.00000000E+00 -3.96677103E-13  1.48765494E-12
 -7.93522014E-14 -3.40853512E-15 -1.62941505E-15  0.00000000E+00  1.04619655E-12
  3.43221389E-23  3.34857191E-07  2.75965499E-06  1.68060921E-02 -3.20416167E-02
  0.00000000E+00  0.00000000E+00  0.00000000E+00  0.00000000E+00  0.00000000E+00
  0.00000000E+00  0.00000000E+00  0.00000000E+00  0.00000000E+00  0.00000000E+00
  0.00000000E+00  0.00000000E+00  0.00000000E+00  0.00000000E+00 -7.06236181E-11
  0.00000000E+00  0.00000000E+00  0.00000000E+00  0.00000000E+00  0.00000000E+00
  0.00000000E+00 -5.49633682E-14 -9.30479381E-14 -1.88708929E-14  7.55121118E-13
  1.49281109E-24  0.00000000E+00  1.12289301E-12  3.92067972E-24 -9.54589527E-03
  2.68284623E-02 -2.01517643E-04  0.00000000E+00  0.00000000E+00  0.00000000E+00
  0.00000000E+00  0.00000000E+00  0.00000000E+00  0.00000000E+00  0.00000000E+00
  0.00000000E+00  0.00000000E+00  0.00000000E+00  0.00000000E+00  0.00000000E+00
  0.00000000E+00  0.00000000E+00 -2.41666431E-12  0.00000000E+00  0.00000000E+00
  0.00000000E+00  0.00000000E+00  0.00000000E+00  0.00000000E+00  0.00000000E+00
 -4.58833682E-15  0.00000000E+00  9.29795520E-14  2.62130927E-02 -9.95081477E-03
 -3.66458437E-08  0.00000000E+00  0.00000000E+00  0.00000000E+00  0.00000000E+00
  0.00000000E+00  0.00000000E+00  0.00000000E+00  0.00000000E+00  0.00000000E+00
  0.00000000E+00  0.00000000E+00  0.00000000E+00  0.00000000E+00  0.00000000E+00
  0.00000000E+00 -6.39880334E-14
->       8      12       1       2                                 <-   
SCAT-SAVED                                                                      
         1         1
->       8      12       2       8                                 <-   
LAMBDA-D                                                                        
  1.24666998E-02  2.82917004E-02  4.25244011E-02  1.33041993E-01  2.92467207E-01
  6.66487694E-01  1.63478100E+00  3.55460000E+00
->      -8       0       0       0                                 <-   
->       6      12       3       3                                 <-   
SIGNATURE                                                                       
         4         4         4
L_LIBRARY   
->       6      12       1      40                                 <-   
STATE-VECTOR                                                                    
         1         1        33         2         0         0         1         0
         0         0         0         0        12         1         0         0
         0         1         8         0         0         1         0         0
         0         0         0         0         0         0         0         0
         0         0         0         0         0         0         0         0
->       6      12       1       1                                 <-   
ISOTOPESMIX                                                                     
         1
->       6      12       3       3                                 <-   
ISOTOPESUSED                                                                    
         4         4         4
*MAC*RES    
->       6      12       3       3                                 <-   
ISOTOPERNAME                                                                    
         4         4         4
*MAC*RES    
->       6      12       2       1                                 <-   
ISOTOPESDENS                                                                    
  1.00000000E+00
->       6      12       1       1                                 <-   
ISOTOPESTYPE                                                                    
         1
->       6      12       1       1                                 <-   
ISOTOPESTODO                                                                    
         1
->       6      12       2       1                                 <-   
ISOTOPESVOL                                                                     
  2.34294758E+01
->       6      12       2       1                                 <-   
ISOTOPESTEMP                                                                    
  7.13160034E+02
->       6      12       2       1                                 <-   
MIXTURESVOL                                                                     
  2.34294758E+01
->       6      12       2       1                                 <-   
K-EFFECTIVE                                                                     
  9.99999940E-01
->       6      12       2       1                                 <-   
K-INFINITY                                                                      
  7.89677143E-01
->       6      12       2       1                                 <-   
B2  B1HOM                                                                       
 -1.01684604E-03
->       6      12       3      24                                 <-   
ADDXSNAME-P0                                                                    
         4         4         4         4         4         4         4         4
         4         4         4         4         4         4         4         4
         4         4         4         4         4         4         4         4
NFTOT   NG      N2N     N3N     N4N     NA      NP      N2A     NNP     ND      
NT      TRANC   
->       6      12       2      34                                 <-   
ENERGY                                                                          
  1.96403300E+07  1.00000000E+07  6.06530700E+06  3.67879400E+06  2.23130200E+06
  1.35335300E+06  8.20850000E+05  4.97870688E+05  3.01973812E+05  1.83156406E+05
  1.11090000E+05  6.73794688E+04  4.08677109E+04  2.47875195E+04  1.50343896E+04
  9.11882031E+03  5.53084424E+03  3.35462598E+03  2.03468396E+03  1.23409802E+03
  7.48518311E+02  4.53999298E+02  3.04324799E+02  1.48575897E+02  9.16608810E+01
  6.79040527E+01  4.01689987E+01  2.26032906E+01  1.37095900E+01  8.31528664E+00
  4.00000000E+00  5.40000975E-01  1.00000098E-01  1.10002802E-04
->       6      12       2      33                                 <-   
DELTAU                                                                          
  6.75000012E-01  4.99999970E-01  5.00000179E-01  4.99999672E-01  5.00000060E-01
  5.00000119E-01  5.00000060E-01  5.00000119E-01  4.99999821E-01  4.99999762E-01
  5.00000358E-01  5.00000060E-01  5.00000060E-01  5.00000060E-01  4.99999762E-01
  4.99999970E-01  5.00000179E-01  4.99999762E-01  5.00000119E-01  4.99999970E-01
  5.00000060E-01  4.00000095E-01  7.16999590E-01  4.83000249E-01  2.99999952E-01
  5.25000155E-01  5.75000048E-01  4.99999881E-01  4.99999970E-01  7.31801212E-01
  2.00247860E+00  1.68639970E+00  6.81242085E+00
->      -6       0       0       0                                 <-   
->       5       0       0      -1                                 <-   00000019
->       6      12      10       1                                 <-   
ISOTOPESLIST                                                                    
->       7       0       0      -1                                 <-   00000001
->       8      12       3       3                                 <-   
ALIAS                                                                           
         4         4         4
*MAC*RES0001
->       8      12       2       1                                 <-   
AWR                                                                             
  6.26139755E+01
->       8      12       2      33                                 <-   
NWT0                                                                            
  2.52763061E-06  3.72905779E-05  2.30460006E-04  4.06896044E-03  2.32856534E-02
  4.05425802E-02  1.19258940E-01  7.59658962E-02  8.05954188E-02  8.06720182E-02
  7.93116689E-02  8.09903592E-02  6.93249404E-02  8.11454877E-02  7.26406500E-02
  6.13283403E-02  6.32353351E-02  5.92702329E-02  5.43133542E-02  4.59059849E-02
  4.02976461E-02  2.71402579E-02  4.22417112E-02  2.30468269E-02  1.23152575E-02
  1.82084348E-02  1.55731691E-02  1.09858969E-02  8.87020770E-03  1.01632727E-02
  1.55964466E-02  4.45771078E-03  1.19967060E-03
->       8      12       2      33                                 <-   
NTOT0                                                                           
  1.57610166E+00  1.79220295E+00  2.34917140E+00  2.27059221E+00  1.72779214E+00
  1.59670568E+00  1.56219685E+00  1.96270955E+00  2.43224812E+00  2.94833231E+00
  3.97697926E+00  3.19263172E+00  3.36504149E+00  3.34169602E+00  3.40999603E+00
  3.50875950E+00  3.47498775E+00  3.48383594E+00  3.48454905E+00  3.49797845E+00
  3.50075650E+00  3.53397441E+00  3.51008511E+00  3.51284242E+00  3.51279855E+00
  3.51633120E+00  3.51442647E+00  3.51504493E+00  3.51557660E+00  3.51613355E+00
  3.51789379E+00  3.52399993E+00  3.54430413E+00
->       8      12       2      33                                 <-   
NG                                                                              
  5.25948068E-04  2.31786224E-04  1.69767154E-04  2.82263645E-04  1.61507036E-04
  2.24510542E-04  6.51733601E-04  2.97620776E-04  7.82293428E-05  5.96629863E-04
  6.13688841E-04  1.32553410E-04  1.49450963E-04  6.01205684E-05  8.72425589E-05
  1.78112139E-04  1.03239494E-04  8.82383902E-05  2.44496798E-04  2.71996926E-03
  2.01585615E-04  6.77848759E-04  2.75513448E-04  5.89067640E-04  4.68532467E-04
  1.75118377E-03  6.45445427E-04  8.33133061E-04  1.11280137E-03  1.46561302E-03
  2.80668586E-03  6.94065215E-03  1.60984788E-02
->       8      12       2      33                                 <-   
N2N                                                                             
  5.35875082E-01  3.82141955E-02  0.00000000E+00  0.00000000E+00  0.00000000E+00
  0.00000000E+00  0.00000000E+00  0.00000000E+00  0.00000000E+00  0.00000000E+00
  0.00000000E+00  0.00000000E+00  0.00000000E+00  0.00000000E+00  0.00000000E+00
  0.00000000E+00  0.00000000E+00  0.00000000E+00  0.00000000E+00  0.00000000E+00
  0.00000000E+00  0.00000000E+00  0.00000000E+00  0.00000000E+00  0.00000000E+00
  0.00000000E+00  0.00000000E+00  0.00000000E+00  0.00000000E+00  0.00000000E+00
  0.00000000E+00  0.00000000E+00  0.00000000E+00
->       8      12       2      33                                 <-   
N3N                                                                             
  1.34438195E-03  0.00000000E+00  0.00000000E+00  0.00000000E+00  0.00000000E+00
  0.00000000E+00  0.00000000E+00  0.00000000E+00  0.00000000E+00  0.00000000E+00
  0.00000000E+00  0.00000000E+00  0.00000000E+00  0.00000000E+00  0.00000000E+00
  0.00000000E+00  0.00000000E+00  0.00000000E+00  0.00000000E+00  0.00000000E+00
  0.00000000E+00  0.00000000E+00  0.00000000E+00  0.00000000E+00  0.00000000E+00
  0.00000000E+00  0.00000000E+00  0.00000000E+00  0.00000000E+00  0.00000000E+00
  0.00000000E+00  0.00000000E+00  0.00000000E+00
->       8      12       2      33                                 <-   
NA                                                                              
  2.66202347E-04  7.94385269E-05  3.59533192E-06  9.20174514E-08  9.72347092E-09
  1.25581812E-09  3.14619997E-10  1.50582893E-10  1.57943700E-10  1.89049276E-10
  2.20884505E-10  2.40481773E-10  2.65185734E-10  3.64928282E-10  5.28525224E-10
  6.99162339E-10  8.85046925E-10  1.17398047E-09  1.72844516E-09  2.06889128E-09
  1.36774136E-09  1.26466870E-09  1.71089738E-08  3.57893271E-08  4.33724985E-08
  5.31455875E-08  7.00418781E-08  9.14295768E-08  1.17349096E-07  1.59876038E-07
  3.05255071E-07  7.53321842E-07  1.74671698E-06
->       8      12       2      33                                 <-   
NP                                                                              
  9.30529903E-04  4.94242006E-04  1.49595959E-04  3.39475919E-05  4.09924269E-06
  2.78641011E-07  3.08216119E-09  1.21188632E-11  2.39000448E-19  6.73379432E-20
  1.72101247E-21  0.00000000E+00  0.00000000E+00  0.00000000E+00  0.00000000E+00
  0.00000000E+00  0.00000000E+00  0.00000000E+00  0.00000000E+00  0.00000000E+00
  0.00000000E+00  0.00000000E+00  0.00000000E+00  0.00000000E+00  0.00000000E+00
  0.00000000E+00  0.00000000E+00  0.00000000E+00  0.00000000E+00  0.00000000E+00
  0.00000000E+00  0.00000000E+00  0.00000000E+00
->       8      12       2      33                                 <-   
N2A                                                                             
  6.56360979E-13  0.00000000E+00  0.00000000E+00  0.00000000E+00  0.00000000E+00
  0.00000000E+00  0.00000000E+00  0.00000000E+00  0.00000000E+00  0.00000000E+00
  0.00000000E+00  0.00000000E+00  0.00000000E+00  0.00000000E+00  0.00000000E+00
  0.00000000E+00  0.00000000E+00  0.00000000E+00  0.00000000E+00  0.00000000E+00
  0.00000000E+00  0.00000000E+00  0.00000000E+00  0.00000000E+00  0.00000000E+00
  0.00000000E+00  0.00000000E+00  0.00000000E+00  0.00000000E+00  0.00000000E+00
  0.00000000E+00  0.00000000E+00  0.00000000E+00
->       8      12       2      33                                 <-   
NNP                                                                             
  1.25581981E-04  3.55747520E-09  0.00000000E+00  0.00000000E+00  0.00000000E+00
  0.00000000E+00  0.00000000E+00  0.00000000E+00  0.00000000E+00  0.00000000E+00
  0.00000000E+00  0.00000000E+00  0.00000000E+00  0.00000000E+00  0.00000000E+00
  0.00000000E+00  0.00000000E+00  0.00000000E+00  0.00000000E+00  0.00000000E+00
  0.00000000E+00  0.00000000E+00  0.00000000E+00  0.00000000E+00  0.00000000E+00
  0.00000000E+00  0.00000000E+00  0.00000000E+00  0.00000000E+00  0.00000000E+00
  0.00000000E+00  0.00000000E+00  0.00000000E+00
->       8      12       2      33                                 <-   
ND                                                                              
  3.22827364E-05  2.56927812E-08  3.79941261E-17  0.00000000E+00  0.00000000E+00
  0.00000000E+00  0.00000000E+00  0.00000000E+00  0.00000000E+00  0.00000000E+00
  0.00000000E+00  0.00000000E+00  0.00000000E+00  0.00000000E+00  0.00000000E+00
  0.00000000E+00  0.00000000E+00  0.00000000E+00  0.00000000E+00  0.00000000E+00
  0.00000000E+00  0.00000000E+00  0.00000000E+00  0.00000000E+00  0.00000000E+00
  0.00000000E+00  0.00000000E+00  0.00000000E+00  0.00000000E+00  0.00000000E+00
  0.00000000E+00  0.00000000E+00  0.00000000E+00
->       8      12       2      33                                 <-   
NT                                                                              
  3.89836259E-06  4.20526606E-16  0.00000000E+00  0.00000000E+00  0.00000000E+00
  0.00000000E+00  0.00000000E+00  0.00000000E+00  0.00000000E+00  0.00000000E+00
  0.00000000E+00  0.00000000E+00  0.00000000E+00  0.00000000E+00  0.00000000E+00
  0.00000000E+00  0.00000000E+00  0.00000000E+00  0.00000000E+00  0.00000000E+00
  0.00000000E+00  0.00000000E+00  0.00000000E+00  0.00000000E+00  0.00000000E+00
  0.00000000E+00  0.00000000E+00  0.00000000E+00  0.00000000E+00  0.00000000E+00
  0.00000000E+00  0.00000000E+00  0.00000000E+00
->       8      12       2      33                                 <-   
H-FACTOR                                                                        
  3.51857592E-16  1.57217044E-16  1.18991480E-16  1.97579739E-16  1.18695150E-16
  1.63288748E-16  4.51606680E-16  2.23012208E-16  8.54239609E-17  4.31491368E-16
  4.66783658E-16  1.38235565E-16  1.88505700E-16  7.70603312E-17  1.25473320E-16
  2.65754628E-16  1.49698436E-16  1.19926035E-16  3.27986695E-16  3.35759413E-15
  2.50668072E-16  9.78378852E-16  3.66338891E-16  7.03472033E-16  6.09154438E-16
  2.47978911E-15  8.27980423E-16  1.06487479E-15  1.40867519E-15  1.87243197E-15
  3.58556246E-15  8.86668075E-15  2.05657973E-14
->       8      12       2      33                                 <-   
OVERV                                                                           
  2.13667500E-10  2.69952005E-10  3.46750934E-10  4.51797322E-10  5.60091973E-10
  7.06520342E-10  9.35155842E-10  1.16104548E-09  1.49505530E-09  1.92418059E-09
  2.46968601E-09  3.16006088E-09  4.04439815E-09  5.20397103E-09  6.68101574E-09
  8.61323635E-09  1.10311795E-08  1.41464866E-08  1.81708248E-08  2.33207835E-08
  2.99303125E-08  3.74234759E-08  4.95071255E-08  6.68532962E-08  8.13578609E-08
  9.98086094E-08  1.31395950E-07  1.72001791E-07  2.20851291E-07  3.00913058E-07
  5.74643650E-07  1.41794965E-06  3.30893386E-06
->       8      12       2      33                                 <-   
STRD                                                                            
  4.58625466E-01  4.82465297E-01  5.82959890E-01  7.75236070E-01  7.69388318E-01
  7.95049191E-01  8.26853454E-01  9.94080544E-01  1.33810902E+00  1.64943254E+00
  2.16521978E+00  1.91684842E+00  2.10158515E+00  2.08946490E+00  2.19426060E+00
  2.38134933E+00  2.32441688E+00  2.37946939E+00  2.38525653E+00  2.49374962E+00
  2.55222559E+00  2.73369241E+00  2.76435542E+00  2.90015531E+00  3.00714087E+00
  3.09274983E+00  3.08876967E+00  3.16286540E+00  3.15659761E+00  3.18096542E+00
  3.18035793E+00  3.34911895E+00  3.40480518E+00
->       8      12       2      33                                 <-   
SIGS00                                                                          
  2.11243272E+00  1.82949209E+00  2.34872770E+00  2.27021050E+00  1.72760952E+00
  1.59648383E+00  1.56154430E+00  1.96241105E+00  2.43217015E+00  2.94773555E+00
  3.97636414E+00  3.19250035E+00  3.36489177E+00  3.34163523E+00  3.40991116E+00
  3.50858045E+00  3.47488403E+00  3.48374820E+00  3.48430634E+00  3.49525809E+00
  3.50055218E+00  3.53329706E+00  3.50980997E+00  3.51225281E+00  3.51233029E+00
  3.51458025E+00  3.51378250E+00  3.51421404E+00  3.51446199E+00  3.51466846E+00
  3.51508689E+00  3.51705813E+00  3.52820349E+00
->       8      12       1      33                                 <-   
NJJS00                                                                          
         1         2         3         4         5         6         7         8
         9        10        11        12        13        14        15        16
        17        18        19        20        21        22        23        24
        25        26        27        28        29        31        33        33
        33
->       8      12       1      33                                 <-   
IJJS00                                                                          
         1         2         3         4         5         6         7         8
         9        10        11        12        13        14        15        16
        17        18        19        20        21        22        23        24
        25        26        27        28        29        31        33        33
        33
->       8      12       2     565                                 <-   
SCAT00                                                                          
  7.77141392E-01  9.96740699E-01  6.65979534E-02  1.76106644E+00  5.35903797E-02
  1.17029130E-01  2.15594387E+00  5.64088449E-02  1.69611439E-01  2.39151910E-01
  1.68931305E+00  6.91274628E-02  1.21202834E-01  2.47959867E-01  3.21081936E-01
  1.55850744E+00  3.49950716E-02  6.86434750E-03  1.72936067E-01  1.64632499E-01
  2.56792337E-01  1.54564023E+00  3.56143601E-02  2.69227242E-03  1.22471722E-02
  1.09551117E-01  9.95114222E-02  1.65189534E-01  1.92050540E+00  1.58530399E-02
  8.81578890E-04  4.03899292E-04  1.07781682E-02  6.58849329E-02  5.23848608E-02
  8.90154094E-02  2.38344383E+00  4.18732874E-02  2.19133162E-05  8.34030099E-04
  1.01033562E-04  7.40174716E-03  3.48387025E-02  2.47288719E-02  4.25302200E-02
  2.88873577E+00  4.87075336E-02  1.23912869E-05  2.45702922E-05  3.95360694E-04
  5.70601005E-05  4.85572824E-03  1.47705460E-02  1.10132424E-02  1.96950845E-02
  3.91129899E+00  5.89950830E-02  1.33182766E-05  1.04464425E-05  2.22782728E-06
  1.43129102E-04  2.71566496E-05  1.86281092E-03  6.80485740E-03  5.00129303E-03
  9.39739216E-03  3.12874722E+00  6.50655031E-02  8.62028287E-07  5.83909514E-06
  4.64824780E-06  1.30983778E-06  5.17226836E-05  1.17076688E-05  6.99064112E-04
  3.04920087E-03  2.22967681E-03  4.48745349E-03  3.28639746E+00  6.37510791E-02
  7.14091897E-08  2.65409108E-06  1.37522903E-07  2.69586781E-06  5.96563495E-07
  1.54205845E-05  4.91154833E-06  2.67553551E-04  1.30058371E-03  1.07041828E-03
  2.22050888E-03  3.27785683E+00  7.83748329E-02  1.21130392E-06  2.84784161E-08
  9.45738520E-07  4.46190107E-08  1.26854923E-06  3.18308338E-07  8.97705831E-06
  1.98237467E-06  1.02521568E-04  5.42909431E-04  5.23625640E-04  1.11003034E-03
  3.34334636E+00  6.35479465E-02  1.19635151E-04  0.00000000E+00  1.38529224E-08
  3.68445910E-07  1.70275634E-08  4.83475446E-07  1.52366169E-07  1.90099909E-05
  7.91707805E-07  3.79244993E-05  2.19306836E-04  2.52597238E-04  5.77653642E-04
  3.43431497E+00  6.65632710E-02  1.17358250E-04  0.00000000E+00  0.00000000E+00
  5.74932590E-09  1.42967139E-07  6.42945164E-09  1.87897641E-07  6.69563036E-08
  9.12385531E-06  3.14930446E-07  1.40195152E-05  9.09081136E-05  1.27191437E-04
  2.57364562E-04  3.40534306E+00  7.42653608E-02  0.00000000E+00  6.94475311E-05
  0.00000000E+00  0.00000000E+00  2.20438157E-09  5.37899219E-08  2.40044029E-09
  7.00277312E-08  3.26234542E-08  2.09968107E-06  1.27624219E-07  5.18193383E-06
  3.59142941E-05  6.13520606E-05  9.84838043E-05  3.41540766E+00  6.95410967E-02
  0.00000000E+00  0.00000000E+00  2.76909814E-05  0.00000000E+00  0.00000000E+00
  8.23994373E-10  2.00898480E-08  8.91703489E-10  2.60262940E-08  1.67180634E-08
  8.82781023E-07  5.40869571E-08  1.91680488E-06  1.41867285E-05  2.80822915E-05
  3.73184848E-05  3.41604972E+00  6.83404058E-02  0.00000000E+00  0.00000000E+00
  0.00000000E+00  1.08172562E-05  0.00000000E+00  0.00000000E+00  1.05268107E-10
  7.54874296E-09  3.30365596E-10  9.68714797E-09  8.23802537E-09  3.11066771E-07
  2.37229845E-08  7.10603103E-07  5.61302932E-06  1.25805527E-05  1.39003405E-05
  3.42738152E+00  6.82571754E-02  0.00000000E+00  0.00000000E+00  0.00000000E+00
  0.00000000E+00  4.08044025E-06  0.00000000E+00  0.00000000E+00  0.00000000E+00
  3.02309733E-09  1.22286362E-10  3.62095620E-09  3.79455045E-09  3.90467569E-08
  1.04302025E-08  2.64742368E-07  2.31059153E-06  5.74372643E-06  5.14581188E-06
  3.43313885E+00  6.78767264E-02  0.00000000E+00  0.00000000E+00  0.00000000E+00
  0.00000000E+00  0.00000000E+00  1.54292900E-06  0.00000000E+00  0.00000000E+00
  0.00000000E+00  1.18373833E-09  4.52902021E-11  1.36454958E-09  1.64638880E-09
  1.18501058E-08  4.60257610E-09  9.94902152E-08  1.02321201E-06  2.85992405E-06
  1.90812398E-06  3.44617105E+00  6.74130693E-02  0.00000000E+00  0.00000000E+00
  0.00000000E+00  0.00000000E+00  0.00000000E+00  1.62311835E-07  3.56119216E-07
  0.00000000E+00  0.00000000E+00  0.00000000E+00  3.84906051E-10  1.46332477E-11
  4.53774684E-10  6.04459094E-10  4.08746859E-09  1.75326820E-09  3.28621468E-08
  4.20005222E-07  1.48496520E-06  6.16683224E-07  3.46487904E+00  8.71264189E-02
  0.00000000E+00  0.00000000E+00  0.00000000E+00  0.00000000E+00  0.00000000E+00
  0.00000000E+00  3.41256708E-07  7.88609267E-09  0.00000000E+00  0.00000000E+00
  0.00000000E+00  2.45496679E-10  9.22071967E-12  2.97846331E-10  4.31000180E-10
  2.85587309E-09  1.39753675E-09  2.15090914E-08  3.65504292E-07  1.36203244E-06
  3.87149953E-07  3.44340372E+00  4.49311621E-02  0.00000000E+00  0.00000000E+00
  0.00000000E+00  0.00000000E+00  0.00000000E+00  0.00000000E+00  0.00000000E+00
  6.87599098E-08  0.00000000E+00  0.00000000E+00  0.00000000E+00  0.00000000E+00
  5.02633282E-11  1.83922799E-12  6.45750883E-11  1.02636843E-10  6.82176704E-10
  3.48361368E-10  4.36271375E-09  1.05485952E-07  3.32851300E-07  7.60878223E-08
  3.39774752E+00  6.88487440E-02  0.00000000E+00  0.00000000E+00  0.00000000E+00
  0.00000000E+00  0.00000000E+00  0.00000000E+00  0.00000000E+00  0.00000000E+00
  1.92347525E-08  0.00000000E+00  0.00000000E+00  0.00000000E+00  0.00000000E+00
  1.43863550E-11  5.33146932E-13  1.99813915E-11  3.37270108E-11  2.18462456E-10
  1.23235810E-10  1.13307175E-09  3.46203279E-08  1.00357120E-07  2.12833342E-08
  3.45328736E+00  1.14583045E-01  6.01613579E-07  0.00000000E+00  0.00000000E+00
  0.00000000E+00  0.00000000E+00  0.00000000E+00  0.00000000E+00  0.00000000E+00
  0.00000000E+00  1.53658881E-08  0.00000000E+00  0.00000000E+00  0.00000000E+00
  0.00000000E+00  1.20569865E-11  4.31253584E-13  1.80475409E-11  3.21458762E-11
  2.08161446E-10  1.24995833E-10  9.87726456E-10  3.07268593E-08  8.24657391E-08
  1.70075207E-08  3.45658350E+00  6.12930842E-02  0.00000000E+00  0.00000000E+00
  0.00000000E+00  0.00000000E+00  0.00000000E+00  0.00000000E+00  0.00000000E+00
  0.00000000E+00  0.00000000E+00  0.00000000E+00  5.76837689E-09  0.00000000E+00
  0.00000000E+00  0.00000000E+00  0.00000000E+00  5.02261297E-12  1.69557565E-13
  8.35338916E-12  1.59603754E-11  9.49680265E-11  5.92626712E-11  3.49951873E-10
  1.26230528E-08  3.17285682E-08  6.32778185E-09  3.44846678E+00  5.71985655E-02
  0.00000000E+00  0.00000000E+00  0.00000000E+00  0.00000000E+00  0.00000000E+00
  0.00000000E+00  0.00000000E+00  0.00000000E+00  0.00000000E+00  0.00000000E+00
  0.00000000E+00  1.75814163E-09  0.00000000E+00  0.00000000E+00  0.00000000E+00
  0.00000000E+00  1.75786816E-12  5.55477668E-14  2.95572247E-12  6.38328843E-12
  3.74648888E-11  2.16044231E-11  2.82704016E-11  3.67879149E-09  9.39623401E-09
  2.26740904E-10  3.44864082E+00  6.57473952E-02  0.00000000E+00  0.00000000E+00
  0.00000000E+00  0.00000000E+00  0.00000000E+00  0.00000000E+00  0.00000000E+00
  0.00000000E+00  0.00000000E+00  0.00000000E+00  0.00000000E+00  0.00000000E+00
  6.72020606E-10  0.00000000E+00  0.00000000E+00  0.00000000E+00  0.00000000E+00
  7.32472134E-13  2.36641422E-14  1.28416158E-12  3.20850898E-12  5.21388141E-12
  1.06032362E-11  1.57865509E-11  1.31405198E-09  3.42719408E-09  1.19661975E-10
  9.24295001E-03  3.45931339E+00  6.58211336E-02  0.00000000E+00  0.00000000E+00
  0.00000000E+00  0.00000000E+00  0.00000000E+00  0.00000000E+00  0.00000000E+00
  0.00000000E+00  0.00000000E+00  0.00000000E+00  0.00000000E+00  0.00000000E+00
  0.00000000E+00  3.21993210E-10  0.00000000E+00  0.00000000E+00  0.00000000E+00
  0.00000000E+00  0.00000000E+00  1.33488479E-14  8.00870167E-13  2.19850245E-12
  3.36492038E-13  4.53570081E-12  1.23556946E-11  7.65424599E-11  1.47675949E-09
  7.72633971E-11 -1.38081588E-10  5.13081141E-02  3.48185682E+00  5.53554706E-02
  0.00000000E+00  0.00000000E+00  0.00000000E+00  0.00000000E+00  0.00000000E+00
  0.00000000E+00  0.00000000E+00  0.00000000E+00  0.00000000E+00  0.00000000E+00
  0.00000000E+00  0.00000000E+00  0.00000000E+00  0.00000000E+00  1.21982660E-10
  0.00000000E+00  0.00000000E+00  0.00000000E+00  0.00000000E+00  0.00000000E+00
  6.57881977E-15  1.33460991E-13  7.13749968E-13  1.10010078E-13  2.79821912E-12
  9.87195915E-12  6.13609094E-11  2.10745144E-10  6.08820633E-11  1.81655228E-01
  3.40777040E+00  2.39859149E-02  0.00000000E+00  0.00000000E+00  0.00000000E+00
  0.00000000E+00  0.00000000E+00  0.00000000E+00  0.00000000E+00  0.00000000E+00
  0.00000000E+00  0.00000000E+00  0.00000000E+00  0.00000000E+00  0.00000000E+00
  0.00000000E+00  0.00000000E+00  5.78245481E-12  0.00000000E+00  0.00000000E+00
  0.00000000E+00  0.00000000E+00  0.00000000E+00  4.79029319E-16  2.96828985E-16
  4.18969093E-14  1.65374077E-15  1.16043243E-13  1.09232003E-12  7.79708069E-12
  5.64942711E-12  7.05585416E-12  3.34654856E+00  5.79798184E-02  7.02519799E-07
  0.00000000E+00  0.00000000E+00  0.00000000E+00  0.00000000E+00  0.00000000E+00
  0.00000000E+00  0.00000000E+00  0.00000000E+00  0.00000000E+00  0.00000000E+00
  0.00000000E+00  0.00000000E+00  0.00000000E+00  0.00000000E+00  0.00000000E+00
  7.08150227E-13  0.00000000E+00  0.00000000E+00  0.00000000E+00  0.00000000E+00
  0.00000000E+00  7.43161363E-17  4.98898303E-17  4.34726372E-16  7.60556177E-17
  2.80093954E-15  1.53949282E-13  7.45663839E-13  3.23833923E-13  9.20450565E-13
->       8      12       2      33                                 <-   
SIGS01                                                                          
  6.58261538E-01  7.94904351E-01  1.17215240E+00  8.28890324E-01  4.15466934E-01
  3.09302598E-01  2.54971176E-01  2.53535837E-01  2.30997443E-01  1.86571851E-01
  1.62963301E-01  8.68984535E-02  6.05890714E-02  3.85424718E-02  2.76692696E-02
  2.18547545E-02  1.72342844E-02  1.49922008E-02  1.35265319E-02  1.28156841E-02
  1.24274306E-02  1.25777069E-02  1.21214092E-02  1.20988218E-02  1.21104345E-02
  1.21185882E-02  1.21258935E-02  1.21301776E-02  1.21326018E-02  1.21343937E-02
  1.30190691E-02  1.31359389E-02  1.32087851E-02
->       8      12       1      33                                 <-   
NJJS01                                                                          
         1         2         3         4         5         6         7         8
         9        10        11        12        13        14        15        16
        17        18        19        20        21        22        23        24
        25        26        27        28        29        31        33        29
        19
->       8      12       1      33                                 <-   
IJJS01                                                                          
         1         2         3         4         5         6         7         8
         9        10        11        12        13        14        15        16
        17        18        19        20        21        22        23        24
        25        26        27        28        29        31        33        33
        33
->       8      12       2     547                                 <-   
SCAT01                                                                          
  6.18944466E-01  7.78984964E-01  1.18432855E-02  1.17343175E+00  3.78040154E-03
  1.05456458E-02  8.50126624E-01 -8.45915824E-03  6.21326175E-03  8.35975911E-03
  4.25667346E-01 -2.15052646E-02  3.52357351E-03  2.90278764E-03  4.12121881E-03
  3.18032503E-01 -1.02222590E-02  1.20394852E-05  8.97951366E-04  1.52143720E-03
  2.32028519E-03  2.59526074E-01 -8.81211553E-03  1.06016683E-04  1.48474530E-04
  1.47068594E-03  8.83456320E-04  1.46337773E-03  2.65969604E-01 -4.55558114E-03
  6.98829972E-05 -8.55035978E-05  4.31917033E-05  1.93372456E-04  3.27103568E-04
  4.70197003E-04  2.46199697E-01 -1.24337403E-02  1.26748910E-06  1.28774536E-05
  1.38305654E-06  1.15644754E-04  5.02344046E-04  1.98607522E-04  1.69635212E-04
  2.04881921E-01 -1.52020026E-02 -2.96403755E-08 -6.83059739E-07  3.11456665E-06
  2.80795575E-07 -1.95764915E-05  3.00463580E-04  1.25773804E-05 -6.56349512E-05
  1.83530331E-01 -1.83101725E-02 -1.08093792E-08 -2.96534957E-08  1.04829738E-07
  1.36457857E-06  1.99744417E-08 -1.63434252E-05  1.60384676E-04  3.02414046E-05
  4.06795298E-05  1.07551225E-01 -2.05670223E-02  1.99877775E-07 -2.23694798E-07
  6.10444033E-08 -9.33989863E-09 -8.23765276E-06 -1.49528830E-07 -7.86989676E-06
  9.46490618E-05  3.42424282E-05  5.18803281E-05  8.62842128E-02 -2.06517987E-02
  8.69664785E-10 -2.20855796E-08 -1.62255596E-08  3.49756313E-08 -7.46428519E-09
  8.64967205E-07 -1.04002233E-07 -2.84350563E-06  2.40384288E-05  7.69382041E-07
 -1.25731585E-05  5.93994670E-02 -2.56922413E-02 -9.86937380E-07 -2.93761598E-10
 -1.69455809E-08  3.11458736E-12 -2.91929929E-08  1.41770027E-08 -1.47741602E-07
 -4.22103348E-08 -1.95821076E-06  1.06324114E-05  7.62053651E-06  2.54581828E-05
  4.95026074E-02 -2.08573341E-02 -2.90455455E-06  0.00000000E+00  5.11247086E-11
 -6.02892403E-09  1.75667588E-11 -1.33174334E-08  1.70089585E-11  5.24365714E-06
 -3.05060617E-08 -9.34655986E-07  1.23014502E-06  4.72541478E-06  7.69002600E-06
  4.63461615E-02 -2.18334105E-02  1.50585640E-06  0.00000000E+00  0.00000000E+00
 -8.99739380E-11 -3.46512241E-09 -2.25351270E-12 -7.27234006E-09  7.92556465E-10
 -2.66952202E-06 -2.06525712E-08 -4.44405174E-07  1.44277249E-06  8.91838965E-07
 -1.20737586E-05  4.02312726E-02 -2.44913977E-02  0.00000000E+00 -4.12426829E-07
  0.00000000E+00  0.00000000E+00 -4.51474066E-11 -1.69422787E-09 -1.07952698E-12
 -3.60006891E-09  1.26155242E-09  1.47444993E-07 -6.92336899E-09 -2.10865480E-07
 -6.95504525E-07  4.38723617E-07 -4.98380041E-06  3.76306027E-02 -2.29969863E-02
  0.00000000E+00  0.00000000E+00 -3.42830504E-07  0.00000000E+00  0.00000000E+00
 -2.96261488E-11 -8.16727797E-10 -5.13610747E-13 -1.70750558E-09  1.01112863E-09
 -9.75773418E-08 -2.54995802E-09 -9.99323575E-08 -4.40528993E-07 -5.73522641E-07
 -3.90488867E-06  3.61024104E-02 -2.26384066E-02  0.00000000E+00  0.00000000E+00
  0.00000000E+00 -1.93941887E-07  0.00000000E+00  0.00000000E+00 -4.86047695E-11
 -3.34440253E-10 -2.43135508E-13 -8.06018086E-10  2.55437005E-10 -1.62096256E-07
 -1.05778020E-09 -4.66796308E-08 -1.87428142E-07 -2.88940612E-07 -1.68408928E-06
  3.52620818E-02 -2.25758776E-02  0.00000000E+00  0.00000000E+00  0.00000000E+00
  0.00000000E+00 -8.76398545E-08  0.00000000E+00  0.00000000E+00  0.00000000E+00
 -1.22621135E-10 -1.14582985E-13 -3.78424792E-10 -1.10071965E-10 -1.14433796E-08
 -6.60211052E-10 -2.18496847E-08 -4.64004906E-08  1.96042748E-07 -6.16257921E-07
  3.46927755E-02 -2.24463921E-02  0.00000000E+00  0.00000000E+00  0.00000000E+00
  0.00000000E+00  0.00000000E+00 -4.30403766E-08  0.00000000E+00  0.00000000E+00
  0.00000000E+00 -1.00137017E-10 -5.37030849E-14 -1.76281420E-10 -2.04349940E-10
 -1.97177896E-09 -3.54139135E-10 -1.00616537E-08  2.11348983E-08  3.53745747E-07
 -2.25610179E-07  4.15600315E-02 -2.22653467E-02  0.00000000E+00  0.00000000E+00
  0.00000000E+00  0.00000000E+00  0.00000000E+00  7.86263215E-08 -8.89115128E-08
  0.00000000E+00  0.00000000E+00  0.00000000E+00 -4.02291950E-11 -2.13780867E-14
 -6.85750970E-11 -1.16848170E-10 -7.80468801E-10 -1.49284626E-10 -3.98370181E-09
  2.99275804E-08  4.45779023E-07 -7.22245019E-08  2.69794781E-02 -2.89823320E-02
  0.00000000E+00  0.00000000E+00  0.00000000E+00  0.00000000E+00  0.00000000E+00
  0.00000000E+00 -8.43069969E-09 -6.82086032E-09  0.00000000E+00  0.00000000E+00
  0.00000000E+00 -3.13984498E-11 -1.59944655E-14 -5.40378853E-11 -9.51532603E-11
 -5.62753011E-10 -8.03050057E-11 -3.07831605E-09  5.13433775E-08  4.77697597E-07
 -4.47762289E-08  3.48673202E-02 -1.48580689E-02  0.00000000E+00  0.00000000E+00
  0.00000000E+00  0.00000000E+00  0.00000000E+00  0.00000000E+00  0.00000000E+00
 -4.29673275E-09  0.00000000E+00  0.00000000E+00  0.00000000E+00  0.00000000E+00
 -8.02474406E-12 -4.69883777E-15 -1.34695033E-11 -2.20933844E-11 -1.17538909E-10
 -4.36220851E-11 -8.16022749E-10  2.90725737E-08  9.32546271E-08 -8.63030980E-09
  5.00068665E-02 -2.27679461E-02  0.00000000E+00  0.00000000E+00  0.00000000E+00
  0.00000000E+00  0.00000000E+00  0.00000000E+00  0.00000000E+00  0.00000000E+00
 -1.46462553E-09  0.00000000E+00  0.00000000E+00  0.00000000E+00  0.00000000E+00
 -2.94148733E-12 -1.56058441E-15 -4.15910795E-12 -6.64808443E-12 -3.72106929E-11
 -1.18562243E-11 -2.26365204E-10  1.01122151E-08  2.51860808E-08 -2.40022646E-09
  3.23902108E-02 -3.78964245E-02 -5.57272529E-07  0.00000000E+00  0.00000000E+00
  0.00000000E+00  0.00000000E+00  0.00000000E+00  0.00000000E+00  0.00000000E+00
  0.00000000E+00 -1.40112300E-09  0.00000000E+00  0.00000000E+00  0.00000000E+00
  0.00000000E+00 -2.79605224E-12 -1.42991486E-15 -3.48179797E-12 -5.42577962E-12
 -2.62954814E-11 -6.98792586E-12 -2.03099954E-10  8.62060467E-09  2.01097397E-08
 -1.90192972E-09  3.10360603E-02 -2.02716254E-02  0.00000000E+00  0.00000000E+00
  0.00000000E+00  0.00000000E+00  0.00000000E+00  0.00000000E+00  0.00000000E+00
  0.00000000E+00  0.00000000E+00  0.00000000E+00 -6.69654221E-10  0.00000000E+00
  0.00000000E+00  0.00000000E+00  0.00000000E+00 -1.26793823E-12 -6.35098581E-16
 -1.23381459E-12 -1.78598239E-12 -1.24483939E-11 -4.02309869E-12 -7.03139977E-11
  3.37899086E-09  7.61913022E-09 -6.94074631E-10  3.38739529E-02 -1.89101659E-02
  0.00000000E+00  0.00000000E+00  0.00000000E+00  0.00000000E+00  0.00000000E+00
  0.00000000E+00  0.00000000E+00  0.00000000E+00  0.00000000E+00  0.00000000E+00
  0.00000000E+00 -2.41453108E-10  0.00000000E+00  0.00000000E+00  0.00000000E+00
  0.00000000E+00 -4.48464345E-13 -9.87823654E-17 -5.38523870E-13 -1.74017783E-13
 -2.40457632E-12 -5.50152534E-13  2.15140541E-13  9.69597291E-10  2.17728746E-09
  5.08946487E-12  3.38947736E-02 -2.17437819E-02  0.00000000E+00  0.00000000E+00
  0.00000000E+00  0.00000000E+00  0.00000000E+00  0.00000000E+00  0.00000000E+00
  0.00000000E+00  0.00000000E+00  0.00000000E+00  0.00000000E+00  0.00000000E+00
 -1.19338886E-10  0.00000000E+00  0.00000000E+00  0.00000000E+00  0.00000000E+00
 -1.78370028E-13  0.00000000E+00 -3.44394055E-13  2.59251876E-13 -7.37796163E-13
  4.20857197E-13  2.29227953E-14  3.36483563E-10  8.18794754E-10  1.73465073E-12
 -3.35174525E-04  3.03983726E-02 -2.17621736E-02  0.00000000E+00  0.00000000E+00
  0.00000000E+00  0.00000000E+00  0.00000000E+00  0.00000000E+00  0.00000000E+00
  0.00000000E+00  0.00000000E+00  0.00000000E+00  0.00000000E+00  0.00000000E+00
  0.00000000E+00 -7.33452465E-11  0.00000000E+00  0.00000000E+00  0.00000000E+00
  0.00000000E+00  0.00000000E+00  0.00000000E+00 -1.90088396E-13  5.28370262E-13
 -2.84546217E-14 -1.31501425E-14 -4.33371543E-16  0.00000000E+00  3.33486072E-10
  1.84670034E-23  9.73879796E-11 -8.20120797E-03  1.87042411E-02 -1.82639789E-02
  0.00000000E+00  0.00000000E+00  0.00000000E+00  0.00000000E+00  0.00000000E+00
  0.00000000E+00  0.00000000E+00  0.00000000E+00  0.00000000E+00  0.00000000E+00
  0.00000000E+00  0.00000000E+00  0.00000000E+00  0.00000000E+00 -3.11455133E-11
  0.00000000E+00  0.00000000E+00  0.00000000E+00  0.00000000E+00  0.00000000E+00
  0.00000000E+00 -2.63385505E-14 -3.30478273E-14 -6.74028077E-15  4.31922781E-13
  2.34188225E-25  0.00000000E+00  3.86345608E-11  2.10951898E-24 -3.55853699E-02
  3.20011489E-02 -5.34939952E-03  0.00000000E+00  0.00000000E+00  0.00000000E+00
  0.00000000E+00  0.00000000E+00  0.00000000E+00  0.00000000E+00  0.00000000E+00
  0.00000000E+00  0.00000000E+00  0.00000000E+00  0.00000000E+00  0.00000000E+00
  0.00000000E+00  0.00000000E+00 -1.06576607E-12  0.00000000E+00  0.00000000E+00
  0.00000000E+00  0.00000000E+00  0.00000000E+00  0.00000000E+00  0.00000000E+00
 -1.62963919E-15  0.00000000E+00  5.56051414E-14  4.87941615E-02 -1.06640076E-02
 -6.02953605E-07  0.00000000E+00  0.00000000E+00  0.00000000E+00  0.00000000E+00
  0.00000000E+00  0.00000000E+00  0.00000000E+00  0.00000000E+00  0.00000000E+00
  0.00000000E+00  0.00000000E+00  0.00000000E+00  0.00000000E+00  0.00000000E+00
  0.00000000E+00 -2.82191771E-14
->       8      12       1       2                                 <-   
SCAT-SAVED                                                                      
         1         1
->       8      12       2       8                                 <-   
LAMBDA-D                                                                        
  1.24666998E-02  2.82917004E-02  4.25244011E-02  1.33041993E-01  2.92467207E-01
  6.66487694E-01  1.63478100E+00  3.55460000E+00
->      -8       0       0       0                                 <-   
->       6      12       3       3                                 <-   
SIGNATURE                                                                       
         4         4         4
L_LIBRARY   
->       6      12       1      40                                 <-   
STATE-VECTOR                                                                    
         1         1        33         2         0         0         1         0
         0         0         0         0        12         1         0         0
         0         1         8         0         0         1         0         0
         0         0         0         0         0         0         0         0
         0         0         0         0         0         0         0         0
->       6      12       1       1                                 <-   
ISOTOPESMIX                                                                     
         1
->       6      12       3       3                                 <-   
ISOTOPESUSED                                                                    
         4         4         4
*MAC*RES    
->       6      12       3       3                                 <-   
ISOTOPERNAME                                                                    
         4         4         4
*MAC*RES    
->       6      12       2       1                                 <-   
ISOTOPESDENS                                                                    
  1.00000000E+00
->       6      12       1       1                                 <-   
ISOTOPESTYPE                                                                    
         1
->       6      12       1       1                                 <-   
ISOTOPESTODO                                                                    
         1
->       6      12       2       1                                 <-   
ISOTOPESVOL                                                                     
  2.34294758E+01
->       6      12       2       1                                 <-   
ISOTOPESTEMP                                                                    
  7.13160034E+02
->       6      12       2       1                                 <-   
MIXTURESVOL                                                                     
  2.34294758E+01
->       6      12       2       1                                 <-   
K-EFFECTIVE                                                                     
  1.00000000E+00
->       6      12       2       1                                 <-   
K-INFINITY                                                                      
  1.14824510E+00
->       6      12       2       1                                 <-   
B2  B1HOM                                                                       
  3.66933946E-03
->       6      12       3      24                                 <-   
ADDXSNAME-P0                                                                    
         4         4         4         4         4         4         4         4
         4         4         4         4         4         4         4         4
         4         4         4         4         4         4         4         4
NFTOT   NG      N2N     N3N     N4N     NA      NP      N2A     NNP     ND      
NT      TRANC   
->       6      12       2      34                                 <-   
ENERGY                                                                          
  1.96403300E+07  1.00000000E+07  6.06530700E+06  3.67879400E+06  2.23130200E+06
  1.35335300E+06  8.20850000E+05  4.97870688E+05  3.01973812E+05  1.83156406E+05
  1.11090000E+05  6.73794688E+04  4.08677109E+04  2.47875195E+04  1.50343896E+04
  9.11882031E+03  5.53084424E+03  3.35462598E+03  2.03468396E+03  1.23409802E+03
  7.48518311E+02  4.53999298E+02  3.04324799E+02  1.48575897E+02  9.16608810E+01
  6.79040527E+01  4.01689987E+01  2.26032906E+01  1.37095900E+01  8.31528664E+00
  4.00000000E+00  5.40000975E-01  1.00000098E-01  1.10002802E-04
->       6      12       2      33                                 <-   
DELTAU                                                                          
  6.75000012E-01  4.99999970E-01  5.00000179E-01  4.99999672E-01  5.00000060E-01
  5.00000119E-01  5.00000060E-01  5.00000119E-01  4.99999821E-01  4.99999762E-01
  5.00000358E-01  5.00000060E-01  5.00000060E-01  5.00000060E-01  4.99999762E-01
  4.99999970E-01  5.00000179E-01  4.99999762E-01  5.00000119E-01  4.99999970E-01
  5.00000060E-01  4.00000095E-01  7.16999590E-01  4.83000249E-01  2.99999952E-01
  5.25000155E-01  5.75000048E-01  4.99999881E-01  4.99999970E-01  7.31801212E-01
  2.00247860E+00  1.68639970E+00  6.81242085E+00
->      -6       0       0       0                                 <-   
->       5       0       0      -1                                 <-   00000020
->       6      12      10       1                                 <-   
ISOTOPESLIST                                                                    
->       7       0       0      -1                                 <-   00000001
->       8      12       3       3                                 <-   
ALIAS                                                                           
         4         4         4
*MAC*RES0001
->       8      12       2       1                                 <-   
AWR                                                                             
  1.08012176E+00
->       8      12       2      33                                 <-   
NWT0                                                                            
  1.78792485E-04  2.85703503E-03  1.33810565E-02  4.03315462E-02  6.50504753E-02
  9.14349407E-02  1.90245211E-01  1.61889628E-01  1.89391002E-01  1.89409062E-01
  1.59927204E-01  1.30052254E-01  9.38768089E-02  9.87514630E-02  5.93693927E-02
  3.42266969E-02  3.91815752E-02  2.66631134E-02  1.81908328E-02  8.07748921E-03
  4.66625765E-03  1.62675243E-03  1.54275645E-03  2.84509588E-04  6.35240940E-05
  3.47877940E-05  7.02298075E-06  1.38519226E-06  2.51518884E-07  7.28343323E-08
  1.36600121E-07  4.54652138E-08  4.17738271E-08
->       8      12       2      33                                 <-   
NTOT0                                                                           
  3.94609012E-02  4.64721918E-02  5.32202274E-02  5.15584163E-02  4.27232273E-02
  3.87894623E-02  4.11507860E-02  4.89928760E-02  5.58989048E-02  5.94571494E-02
  8.32486302E-02  7.12046325E-02  9.67748389E-02  5.16933575E-02  7.95862302E-02
  1.47900969E-01  1.04892470E-01  1.03518747E-01  9.97543707E-02  1.09770663E-01
  1.10046819E-01  1.33816972E-01  1.17941387E-01  1.20003745E-01  1.19557627E-01
  1.21543765E-01  1.20909266E-01  1.21452987E-01  1.21940643E-01  1.22434020E-01
  1.23539001E-01  1.30875647E-01  1.36666000E-01
->       8      12       2      33                                 <-   
NG                                                                              
  1.10865321E-05  8.53875463E-06  1.22946340E-05  2.01898201E-05  2.08772726E-05
  2.67354571E-05  3.89061897E-05  4.68207327E-05  5.53986320E-05  6.75096817E-05
  1.09554436E-04  7.96245804E-05  1.23600417E-04  7.21242905E-05  8.46057519E-05
  1.76958303E-04  1.02587510E-04  8.51692894E-05  2.48362659E-04  3.00952373E-03
  1.92593943E-04  5.56181127E-04  2.76197970E-04  6.23758184E-04  4.39933763E-04
  1.09007745E-03  6.27606176E-04  8.03007337E-04  1.08690897E-03  1.43178646E-03
  2.41445284E-03  9.33015626E-03  1.45133045E-02
->       8      12       2      33                                 <-   
N2N                                                                             
  6.02054270E-03  3.75488395E-04  0.00000000E+00  0.00000000E+00  0.00000000E+00
  0.00000000E+00  0.00000000E+00  0.00000000E+00  0.00000000E+00  0.00000000E+00
  0.00000000E+00  0.00000000E+00  0.00000000E+00  0.00000000E+00  0.00000000E+00
  0.00000000E+00  0.00000000E+00  0.00000000E+00  0.00000000E+00  0.00000000E+00
  0.00000000E+00  0.00000000E+00  0.00000000E+00  0.00000000E+00  0.00000000E+00
  0.00000000E+00  0.00000000E+00  0.00000000E+00  0.00000000E+00  0.00000000E+00
  0.00000000E+00  0.00000000E+00  0.00000000E+00
->       8      12       2      33                                 <-   
N3N                                                                             
  1.36166591E-05  0.00000000E+00  0.00000000E+00  0.00000000E+00  0.00000000E+00
  0.00000000E+00  0.00000000E+00  0.00000000E+00  0.00000000E+00  0.00000000E+00
  0.00000000E+00  0.00000000E+00  0.00000000E+00  0.00000000E+00  0.00000000E+00
  0.00000000E+00  0.00000000E+00  0.00000000E+00  0.00000000E+00  0.00000000E+00
  0.00000000E+00  0.00000000E+00  0.00000000E+00  0.00000000E+00  0.00000000E+00
  0.00000000E+00  0.00000000E+00  0.00000000E+00  0.00000000E+00  0.00000000E+00
  0.00000000E+00  0.00000000E+00  0.00000000E+00
->       8      12       2      33                                 <-   
NA                                                                              
  2.56261905E-04  7.77622627E-05  4.50933840E-06  1.45707091E-07  1.06139559E-08
  1.22375698E-09  3.55051183E-10  1.49086465E-10  1.56998609E-10  1.89463181E-10
  2.23458585E-10  2.41332399E-10  2.70609396E-10  3.54475643E-10  5.24084942E-10
  7.08112347E-10  8.79777584E-10  1.15792909E-09  1.70538927E-09  2.07852335E-09
  1.38096856E-09  8.82204199E-10  6.61846689E-10  6.26832697E-10  6.10666240E-10
  6.42262299E-10  7.52769347E-10  9.31194510E-10  1.16683785E-09  1.58861235E-09
  2.65569966E-09  1.02218536E-08  1.58989248E-08
->       8      12       2      33                                 <-   
NP                                                                              
  9.10544593E-04  4.91152925E-04  1.61698146E-04  4.56267917E-05  4.56796170E-06
  2.66792142E-07  4.20657731E-09  1.07417642E-11  2.44438747E-19  6.54590606E-20
  1.54688187E-21  0.00000000E+00  0.00000000E+00  0.00000000E+00  0.00000000E+00
  0.00000000E+00  0.00000000E+00  0.00000000E+00  0.00000000E+00  0.00000000E+00
  0.00000000E+00  0.00000000E+00  0.00000000E+00  0.00000000E+00  0.00000000E+00
  0.00000000E+00  0.00000000E+00  0.00000000E+00  0.00000000E+00  0.00000000E+00
  0.00000000E+00  0.00000000E+00  0.00000000E+00
->       8      12       2      33                                 <-   
N2A                                                                             
  6.63140658E-13  0.00000000E+00  0.00000000E+00  0.00000000E+00  0.00000000E+00
  0.00000000E+00  0.00000000E+00  0.00000000E+00  0.00000000E+00  0.00000000E+00
  0.00000000E+00  0.00000000E+00  0.00000000E+00  0.00000000E+00  0.00000000E+00
  0.00000000E+00  0.00000000E+00  0.00000000E+00  0.00000000E+00  0.00000000E+00
  0.00000000E+00  0.00000000E+00  0.00000000E+00  0.00000000E+00  0.00000000E+00
  0.00000000E+00  0.00000000E+00  0.00000000E+00  0.00000000E+00  0.00000000E+00
  0.00000000E+00  0.00000000E+00  0.00000000E+00
->       8      12       2      33                                 <-   
NNP                                                                             
  1.23212973E-04  3.42552631E-09  0.00000000E+00  0.00000000E+00  0.00000000E+00
  0.00000000E+00  0.00000000E+00  0.00000000E+00  0.00000000E+00  0.00000000E+00
  0.00000000E+00  0.00000000E+00  0.00000000E+00  0.00000000E+00  0.00000000E+00
  0.00000000E+00  0.00000000E+00  0.00000000E+00  0.00000000E+00  0.00000000E+00
  0.00000000E+00  0.00000000E+00  0.00000000E+00  0.00000000E+00  0.00000000E+00
  0.00000000E+00  0.00000000E+00  0.00000000E+00  0.00000000E+00  0.00000000E+00
  0.00000000E+00  0.00000000E+00  0.00000000E+00
->       8      12       2      33                                 <-   
ND                                                                              
  1.27806361E-05  2.47446099E-08  5.25606642E-17  0.00000000E+00  0.00000000E+00
  0.00000000E+00  0.00000000E+00  0.00000000E+00  0.00000000E+00  0.00000000E+00
  0.00000000E+00  0.00000000E+00  0.00000000E+00  0.00000000E+00  0.00000000E+00
  0.00000000E+00  0.00000000E+00  0.00000000E+00  0.00000000E+00  0.00000000E+00
  0.00000000E+00  0.00000000E+00  0.00000000E+00  0.00000000E+00  0.00000000E+00
  0.00000000E+00  0.00000000E+00  0.00000000E+00  0.00000000E+00  0.00000000E+00
  0.00000000E+00  0.00000000E+00  0.00000000E+00
->       8      12       2      33                                 <-   
NT                                                                              
  1.08538494E-07  4.07668396E-18  0.00000000E+00  0.00000000E+00  0.00000000E+00
  0.00000000E+00  0.00000000E+00  0.00000000E+00  0.00000000E+00  0.00000000E+00
  0.00000000E+00  0.00000000E+00  0.00000000E+00  0.00000000E+00  0.00000000E+00
  0.00000000E+00  0.00000000E+00  0.00000000E+00  0.00000000E+00  0.00000000E+00
  0.00000000E+00  0.00000000E+00  0.00000000E+00  0.00000000E+00  0.00000000E+00
  0.00000000E+00  0.00000000E+00  0.00000000E+00  0.00000000E+00  0.00000000E+00
  0.00000000E+00  0.00000000E+00  0.00000000E+00
->       8      12       2      33                                 <-   
H-FACTOR                                                                        
  1.08561367E-17  9.36529919E-18  1.44438507E-17  2.36919119E-17  2.54821723E-17
  3.25409941E-17  4.49047866E-17  5.75009971E-17  7.02439262E-17  8.25816294E-17
  1.33617277E-16  1.01251685E-16  1.57407666E-16  9.26635515E-17  1.22501743E-16
  2.65065964E-16  1.49305651E-16  1.16396422E-16  3.33904094E-16  3.71223497E-15
  2.42686824E-16  7.84146733E-16  3.71005169E-16  7.41265796E-16  5.71843378E-16
  1.51552818E-15  8.08840973E-16  1.02982149E-15  1.37585849E-15  1.83512060E-15
  3.09441083E-15  1.19574879E-14  1.86001778E-14
->       8      12       2      33                                 <-   
OVERV                                                                           
  2.13738263E-10  2.70397399E-10  3.40936779E-10  4.36583825E-10  5.55033186E-10
  7.11920745E-10  9.12352860E-10  1.17652366E-09  1.48581625E-09  1.93339078E-09
  2.49876653E-09  3.15369730E-09  4.10997680E-09  5.11248910E-09  6.63062227E-09
  8.72582184E-09  1.09645439E-08  1.39999008E-08  1.80290183E-08  2.32114790E-08
  2.95760803E-08  3.69453623E-08  4.78597286E-08  6.56483010E-08  8.06532654E-08
  9.68370131E-08  1.27510134E-07  1.66973877E-07  2.14482441E-07  2.95970921E-07
  4.97820622E-07  1.91495496E-06  2.99032922E-06
->       8      12       2      33                                 <-   
STRD                                                                            
  7.61727169E-02  7.90380836E-02  9.03656110E-02  9.61642787E-02  1.05489366E-01
  1.23843849E-01  1.22317933E-01  1.68026820E-01  1.80766106E-01  1.88076228E-01
  2.33993620E-01  2.31381714E-01  2.39506349E-01  2.16121212E-01  2.89227158E-01
  4.13253129E-01  3.42590123E-01  3.45753282E-01  3.18834066E-01  3.50884736E-01
  3.43528450E-01  4.03570861E-01  3.72677147E-01  3.78906965E-01  3.82068664E-01
  3.85401249E-01  3.69283646E-01  4.01632458E-01  3.55700344E-01  3.99832964E-01
  4.16332334E-01  1.16772664E+00  1.22188818E+00
->       8      12       2      33                                 <-   
SIGS00                                                                          
  4.41872776E-02  4.62689027E-02  5.30404970E-02  5.14916442E-02  4.26975973E-02
  3.87624837E-02  4.11118716E-02  4.89460453E-02  5.58434986E-02  5.93896285E-02
  8.31390619E-02  7.11250156E-02  9.66511443E-02  5.16212024E-02  7.95016363E-02
  1.47723988E-01  1.04789853E-01  1.03433594E-01  9.95060205E-02  1.06761128E-01
  1.09854184E-01  1.33260787E-01  1.17665201E-01  1.19379990E-01  1.19117700E-01
  1.20453708E-01  1.20281652E-01  1.20650016E-01  1.20853707E-01  1.21002227E-01
  1.21124551E-01  1.21545456E-01  1.22152716E-01
->       8      12       1      33                                 <-   
NJJS00                                                                          
         1         2         3         4         5         6         7         8
         9        10        11        12        13        14        15        16
        17        18        19        20        21        22        23        24
        25        26        27        28        29        31        33        33
        33
->       8      12       1      33                                 <-   
IJJS00                                                                          
         1         2         3         4         5         6         7         8
         9        10        11        12        13        14        15        16
        17        18        19        20        21        22        23        24
        25        26        27        28        29        31        33        33
        33
->       8      12       2     565                                 <-   
SCAT00                                                                          
  1.95650756E-02  2.63232235E-02  2.33559380E-03  3.58435251E-02  2.91004567E-03
  2.88761128E-03  4.18375023E-02  4.10663988E-03  4.61635552E-03  4.58976626E-03
  3.54262330E-02  6.35828404E-03  3.79918446E-03  5.06907189E-03  5.42824250E-03
  3.45370471E-02  4.16706037E-03  1.27212959E-03  4.14337683E-03  3.44495731E-03
  4.19276441E-03  3.91024537E-02  2.03572470E-03  2.54579214E-03  8.35305778E-04
  2.64909957E-03  1.99088594E-03  2.57640029E-03  4.65082563E-02  1.95932016E-03
  8.68138333E-04  3.60641483E-04  5.94063953E-04  1.34457066E-03  1.02071522E-03
  1.36024191E-03  5.24711944E-02  2.40499037E-03  2.77105501E-05  7.20200420E-04
  9.72375419E-05  3.21602303E-04  6.66015432E-04  4.98310430E-04  6.62478735E-04
  5.67099713E-02  3.35357548E-03  1.58256917E-05  1.61948356E-05  3.13695433E-04
  5.46963784E-05  1.69003804E-04  2.76139675E-04  2.25309239E-04  3.06931819E-04
  8.03600252E-02  2.67484039E-03  1.32421519E-05  9.62722697E-06  2.94670167E-06
  1.47676401E-04  2.64439768E-05  6.34034659E-05  1.21252480E-04  9.63401399E-05
  1.44871723E-04  6.71096593E-02  2.77894060E-03  9.54885991E-07  5.27693874E-06
  3.63636218E-06  1.74246009E-06  6.72266251E-05  1.14535424E-05  2.45581050E-05
  5.26602525E-05  4.06572617E-05  6.91572568E-05  9.19412002E-02  4.01413720E-03
  6.34640998E-08  2.78864081E-06  1.42096866E-07  2.05209494E-06  7.48339119E-07
  1.99886599E-05  4.80242488E-06  9.61337719E-06  2.21835926E-05  1.80398783E-05
  3.41540072E-05  4.93748970E-02  4.55958070E-03  1.22585834E-06  1.96428545E-08
  6.43049475E-07  4.20049062E-08  9.59191425E-07  3.87724100E-07  1.16631081E-05
  1.93117944E-06  3.78784853E-06  9.25287804E-06  8.11084010E-06  1.71418615E-05
  7.47764856E-02  2.00369908E-03  1.50347987E-04  0.00000000E+00  1.56307802E-08
  2.56705022E-07  1.56193352E-08  3.89764864E-07  1.88074580E-07  2.48261276E-05
  7.70315069E-07  1.44442731E-06  3.83156066E-06  3.67901384E-06  8.98430153E-06
  1.39144480E-01  4.72444668E-03  1.40194708E-04  0.00000000E+00  0.00000000E+00
  7.17646209E-09  1.09882109E-07  5.90116978E-09  1.93725128E-07  8.40047818E-08
  1.19180704E-05  3.06414591E-07  5.63817650E-07  1.60874845E-06  1.73237629E-06
  4.34535241E-06  9.98580977E-02  8.57949071E-03  0.00000000E+00  6.78117576E-05
  0.00000000E+00  0.00000000E+00  2.75156786E-09  4.13499919E-08  2.20319496E-09
  7.30263068E-08  4.03435578E-08  2.74110130E-06  1.24307022E-07  2.22356789E-07
  6.59706188E-07  7.99817542E-07  1.97556437E-06  9.85787213E-02  4.93175909E-03
  0.00000000E+00  0.00000000E+00  2.22639319E-05  0.00000000E+00  0.00000000E+00
  1.02853182E-09  1.54455364E-08  8.18432155E-10  2.71408425E-08  2.01335073E-08
  1.15267130E-06  5.28993525E-08  8.86989397E-08  2.74101666E-07  3.59975360E-07
  8.70187932E-07  9.50522050E-02  4.85489145E-03  0.00000000E+00  0.00000000E+00
  0.00000000E+00  8.33312333E-06  0.00000000E+00  0.00000000E+00  1.31398434E-10
  6.08737594E-09  3.03221309E-10  1.01020525E-08  9.85387949E-09  4.06127413E-07
  2.33290063E-08  3.64661830E-08  1.16218231E-07  1.60530476E-07  3.79429082E-07
  1.01856999E-01  4.45383321E-03  0.00000000E+00  0.00000000E+00  0.00000000E+00
  0.00000000E+00  2.73747310E-06  0.00000000E+00  0.00000000E+00  0.00000000E+00
  3.26226379E-09  1.12240252E-10  3.77608478E-09  4.56939908E-09  5.08303195E-08
  1.03134097E-08  1.58205040E-08  5.13049478E-08  7.33622940E-08  1.66986453E-07
  1.05345778E-01  4.90413001E-03  0.00000000E+00  0.00000000E+00  0.00000000E+00
  0.00000000E+00  0.00000000E+00  1.03511547E-06  0.00000000E+00  0.00000000E+00
  0.00000000E+00  1.48317636E-09  4.15704901E-11  1.42303413E-09  1.98963557E-09
  1.54077160E-08  4.56949678E-09  7.19587590E-09  2.39454963E-08  3.62073997E-08
  7.42501030E-08  1.24929428E-01  4.50840313E-03  0.00000000E+00  0.00000000E+00
  0.00000000E+00  0.00000000E+00  0.00000000E+00  1.88021289E-07  2.38912151E-07
  0.00000000E+00  0.00000000E+00  0.00000000E+00  4.82271778E-10  1.34318962E-11
  4.73236561E-10  7.32435945E-10  5.31454036E-09  1.74785431E-09  2.90002444E-09
  1.00295621E-08  1.79472917E-08  2.82443526E-08  1.15455233E-01  8.33132863E-03
  0.00000000E+00  0.00000000E+00  0.00000000E+00  0.00000000E+00  0.00000000E+00
  0.00000000E+00  3.95310224E-07  5.29059774E-09  0.00000000E+00  0.00000000E+00
  0.00000000E+00  3.07597448E-10  8.46444703E-12  3.10629661E-10  5.23135923E-10
  3.71194409E-09  1.39753764E-09  2.38560260E-09  8.65900329E-09  1.63013372E-08
  2.09610089E-08  1.15363829E-01  2.20997841E-03  0.00000000E+00  0.00000000E+00
  0.00000000E+00  0.00000000E+00  0.00000000E+00  0.00000000E+00  0.00000000E+00
  7.96511657E-08  0.00000000E+00  0.00000000E+00  0.00000000E+00  0.00000000E+00
  6.29779215E-11  1.68849385E-12  6.73519018E-11  1.24791941E-10  8.87142193E-10
  3.46037032E-10  6.44850562E-10  2.60916000E-09  4.15727053E-09  5.04583797E-09
  1.11289792E-01  4.01579402E-03  0.00000000E+00  0.00000000E+00  0.00000000E+00
  0.00000000E+00  0.00000000E+00  0.00000000E+00  0.00000000E+00  0.00000000E+00
  2.22814478E-08  0.00000000E+00  0.00000000E+00  0.00000000E+00  0.00000000E+00
  1.80255255E-11  4.89489146E-13  2.08418439E-11  4.10514851E-11  2.84094526E-10
  1.22287791E-10  2.31180727E-10  9.29838428E-10  1.32878364E-09  1.60850000E-09
  1.17748581E-01  7.82792177E-03  3.68255428E-07  0.00000000E+00  0.00000000E+00
  0.00000000E+00  0.00000000E+00  0.00000000E+00  0.00000000E+00  0.00000000E+00
  0.00000000E+00  1.77997741E-08  0.00000000E+00  0.00000000E+00  0.00000000E+00
  0.00000000E+00  1.51069192E-11  3.96018667E-13  1.88258558E-11  3.91637903E-11
  2.70734546E-10  1.24246113E-10  2.43050358E-10  9.19313403E-10  1.19767840E-09
  1.47391910E-09  1.17188916E-01  2.70511094E-03  0.00000000E+00  0.00000000E+00
  0.00000000E+00  0.00000000E+00  0.00000000E+00  0.00000000E+00  0.00000000E+00
  0.00000000E+00  0.00000000E+00  0.00000000E+00  6.68206157E-09  0.00000000E+00
  0.00000000E+00  0.00000000E+00  0.00000000E+00  6.29313181E-12  1.55755075E-13
  8.71435649E-12  1.94689369E-11  1.23489968E-10  5.79394727E-11  1.38447073E-10
  4.73439288E-10  5.50155699E-10  6.90400681E-10  1.17779225E-01  3.09274415E-03
  0.00000000E+00  0.00000000E+00  0.00000000E+00  0.00000000E+00  0.00000000E+00
  0.00000000E+00  0.00000000E+00  0.00000000E+00  0.00000000E+00  0.00000000E+00
  0.00000000E+00  2.03662331E-09  0.00000000E+00  0.00000000E+00  0.00000000E+00
  0.00000000E+00  2.20253807E-12  5.09458639E-14  3.08352215E-12  7.93945031E-12
  4.88178074E-11  2.01759720E-11  5.77316077E-11  1.95996580E-10  2.10321011E-10
  2.25627655E-10  1.17797248E-01  2.87080789E-03  0.00000000E+00  0.00000000E+00
  0.00000000E+00  0.00000000E+00  0.00000000E+00  0.00000000E+00  0.00000000E+00
  0.00000000E+00  0.00000000E+00  0.00000000E+00  0.00000000E+00  0.00000000E+00
  7.78465625E-10  0.00000000E+00  0.00000000E+00  0.00000000E+00  0.00000000E+00
  9.17758057E-13  2.16711211E-14  1.33962362E-12  3.97179598E-12  6.79088426E-12
  9.89834083E-12  3.37969236E-11  1.07077944E-10  1.05156134E-10  1.19258700E-10
  2.96259241E-04  1.16118222E-01  3.05645424E-03  0.00000000E+00  0.00000000E+00
  0.00000000E+00  0.00000000E+00  0.00000000E+00  0.00000000E+00  0.00000000E+00
  0.00000000E+00  0.00000000E+00  0.00000000E+00  0.00000000E+00  0.00000000E+00
  0.00000000E+00  3.72995468E-10  0.00000000E+00  0.00000000E+00  0.00000000E+00
  0.00000000E+00  0.00000000E+00  1.22245929E-14  8.35486736E-13  2.71672355E-12
  4.26779217E-13  4.22961492E-12  2.67848070E-11  7.44312875E-11  7.17418347E-11
  7.72754499E-11 -1.69894418E-10  1.68790240E-04  1.20664664E-01  4.88402182E-03
  0.00000000E+00  0.00000000E+00  0.00000000E+00  0.00000000E+00  0.00000000E+00
  0.00000000E+00  0.00000000E+00  0.00000000E+00  0.00000000E+00  0.00000000E+00
  0.00000000E+00  0.00000000E+00  0.00000000E+00  0.00000000E+00  1.41304163E-10
  0.00000000E+00  0.00000000E+00  0.00000000E+00  0.00000000E+00  0.00000000E+00
  6.02474418E-15  1.38936632E-13  8.80611773E-13  1.37076534E-13  2.61085121E-12
  2.14056706E-11  5.96685409E-11  4.77716686E-11  6.08912573E-11  1.27773639E-02
  1.07902169E-01  1.63620178E-04  0.00000000E+00  0.00000000E+00  0.00000000E+00
  0.00000000E+00  0.00000000E+00  0.00000000E+00  0.00000000E+00  0.00000000E+00
  0.00000000E+00  0.00000000E+00  0.00000000E+00  0.00000000E+00  0.00000000E+00
  0.00000000E+00  0.00000000E+00  6.69836929E-12  0.00000000E+00  0.00000000E+00
  0.00000000E+00  0.00000000E+00  0.00000000E+00  4.38684954E-16  2.74992846E-16
  5.16447914E-14  1.59687839E-15  1.07844804E-13  2.52113955E-12  7.57984821E-12
  5.65829935E-12  7.05515724E-12  1.09375343E-01  1.34745035E-02  1.02770112E-08
  0.00000000E+00  0.00000000E+00  0.00000000E+00  0.00000000E+00  0.00000000E+00
  0.00000000E+00  0.00000000E+00  0.00000000E+00  0.00000000E+00  0.00000000E+00
  0.00000000E+00  0.00000000E+00  0.00000000E+00  0.00000000E+00  0.00000000E+00
  8.20317935E-13  0.00000000E+00  0.00000000E+00  0.00000000E+00  0.00000000E+00
  0.00000000E+00  6.80571452E-17  4.62196994E-17  5.04174868E-16  8.32821852E-17
  2.82162874E-15  3.57651707E-13  7.04520860E-13  3.25770118E-13  9.19635136E-13
->       8      12       2      33                                 <-   
SIGS01                                                                          
  1.72685534E-02  2.16855034E-02  2.46147495E-02  1.88125409E-02  1.05520813E-02
  8.37868825E-03  7.74962408E-03  6.43253652E-03  5.80151659E-03  3.66660720E-03
  3.70064564E-03  2.96199671E-03  2.95467861E-03  7.88361998E-04  1.03440310E-03
  1.87659985E-03  1.18698983E-03  1.14613026E-03  1.00259157E-03  9.98801901E-04
  1.02925079E-03  1.31315179E-03  1.12270424E-03  1.12732616E-03  1.13896967E-03
  1.14608265E-03  1.15329714E-03  1.15757273E-03  1.15994248E-03  1.16167113E-03
  1.19514565E-03  1.19872834E-03  1.20035699E-03
->       8      12       1      33                                 <-   
NJJS01                                                                          
         1         2         3         4         5         6         7         8
         9        10        11        12        13        14        15        16
        17        18        19        20        21        22        23        24
        25        26        27        28        29        31        33        29
        19
->       8      12       1      33                                 <-   
IJJS01                                                                          
         1         2         3         4         5         6         7         8
         9        10        11        12        13        14        15        16
        17        18        19        20        21        22        23        24
        25        26        27        28        29        31        33        33
        33
->       8      12       2     547                                 <-   
SCAT01                                                                          
  1.61445402E-02  2.09436510E-02  4.43407655E-04  2.43372563E-02  3.35410092E-04
  2.49306438E-04  1.91024486E-02  3.53823634E-05  2.15518841E-04  1.96406865E-04
  1.09097250E-02 -2.11453196E-04  1.35272785E-04  1.12588932E-04  1.29717679E-04
  8.80062673E-03 -3.77271615E-04 -9.06273272E-05  7.62919371E-05  5.20000358E-05
  6.51098817E-05  8.27705953E-03 -4.99119866E-04  8.77220591E-05  4.17254660E-06
  2.23961724E-05  1.73432363E-05  2.43052873E-05  7.42508052E-03 -5.27723576E-04
  6.73527757E-05 -6.94271876E-05  7.95707456E-06  2.68328472E-06  8.05250875E-06
  1.01708301E-05  7.32443901E-03 -9.92340152E-04  5.51316589E-07  5.18689922E-06
  1.33793947E-06  3.24789517E-06  2.74989293E-06  4.65844823E-06  2.57392276E-06
  4.56670765E-03 -1.52261881E-03 -1.49504388E-07 -3.95527280E-07  1.44655178E-06
  2.65627051E-07 -7.78649110E-07  1.49589573E-06 -2.05393758E-06 -1.04959304E-06
  4.44731489E-03 -9.00235726E-04 -8.11870393E-08 -8.90044731E-08  1.27454797E-07
  9.82318488E-06  9.10521010E-08 -1.34742572E-06  8.90703689E-07 -1.12961277E-06
  9.24350161E-07  4.32926556E-03 -7.46669655E-04  2.19805187E-07 -2.08420118E-07
  4.72507153E-08 -1.64272407E-09 -1.07690776E-05 -1.56136792E-07 -5.77106391E-07
  5.49254366E-07 -2.06933592E-07  1.11967950E-06  4.58842749E-03 -1.36627071E-03
  4.33249409E-10 -5.45894849E-08 -1.40603378E-08  2.06105852E-08 -1.11048131E-08
  1.13153169E-06 -1.01019928E-07 -2.11609333E-07 -3.17939239E-08 -2.44401889E-07
  3.81296360E-07  1.41474442E-03 -1.63402711E-03 -9.98795826E-07 -2.57798755E-10
 -2.40005118E-08  3.46075469E-12 -2.20753247E-08  1.66544485E-08 -1.91367619E-07
 -4.33960068E-08 -1.54614568E-07 -3.36470229E-08 -2.77368297E-08  6.99831560E-07
  2.48249387E-03 -6.24063890E-04  2.77870583E-07  0.00000000E+00  5.26022670E-10
 -1.17321353E-09  1.95191953E-11  2.22983965E-09 -4.14976553E-10  6.85702935E-06
 -2.98111011E-08 -6.94720583E-08 -7.33331902E-08 -1.46579664E-08  4.51376849E-07
  4.62306477E-03 -1.44816237E-03 -7.03409000E-07  0.00000000E+00  0.00000000E+00
 -1.12307864E-10 -2.66170708E-09 -2.50397684E-12 -5.75115644E-09  7.73855369E-10
 -3.48964318E-06 -2.02077146E-08 -3.61371235E-08 -3.11435144E-08 -2.47646668E-08
  1.87484900E-07  2.79509369E-03 -2.74646515E-03  0.00000000E+00 -9.46552234E-07
  0.00000000E+00  0.00000000E+00 -5.63541956E-11 -1.30184774E-09 -1.19950978E-12
 -3.75915477E-09  1.10994103E-09  1.93054589E-07 -6.51919718E-09 -1.83199980E-08
 -3.00126004E-08 -1.00453388E-08  1.84748998E-07  2.75573274E-03 -1.60810386E-03
  0.00000000E+00  0.00000000E+00 -2.75640502E-07  0.00000000E+00  0.00000000E+00
 -3.69801446E-11 -6.27671193E-10 -5.70695401E-13 -1.78295967E-09  1.06163622E-09
 -1.27446256E-07 -2.29356001E-09 -8.74364048E-09 -1.51146153E-08 -1.14389049E-08
  7.09792971E-08  2.44802702E-03 -1.60960248E-03  0.00000000E+00  0.00000000E+00
  0.00000000E+00 -2.41058160E-07  0.00000000E+00  0.00000000E+00 -6.06697748E-11
 -4.33690202E-11 -2.70158516E-13 -8.41635761E-10  3.40822870E-10 -2.11871935E-07
 -9.22634191E-10 -3.51779783E-09 -6.15015283E-09 -5.06788567E-09  2.73850347E-08
  2.59093032E-03 -1.44543534E-03  0.00000000E+00  0.00000000E+00  0.00000000E+00
  0.00000000E+00 -5.87955569E-08  0.00000000E+00  0.00000000E+00  0.00000000E+00
  1.45216866E-10 -1.27318173E-13 -3.95147276E-10 -1.24991850E-10 -1.49334021E-08
 -6.02922878E-10 -1.41636114E-09 -2.25632424E-09  9.75681980E-10  1.10138059E-08
  2.47622840E-03 -1.59212807E-03  0.00000000E+00  0.00000000E+00  0.00000000E+00
  0.00000000E+00  0.00000000E+00 -2.88747977E-08  0.00000000E+00  0.00000000E+00
  0.00000000E+00 -1.25467650E-10 -5.96718516E-14 -1.84071244E-10 -2.48120940E-10
 -2.56412980E-09 -3.32065236E-10 -6.02528250E-10 -4.70404438E-10  3.02252534E-09
  4.40261738E-09  4.06721234E-03 -1.44697796E-03  0.00000000E+00  0.00000000E+00
  0.00000000E+00  0.00000000E+00  0.00000000E+00  9.10803735E-08 -5.96486842E-08
  0.00000000E+00  0.00000000E+00  0.00000000E+00 -5.04055617E-11 -2.37541293E-14
 -7.16054022E-11 -1.42505910E-10 -1.01503395E-09 -1.37725012E-10 -2.23326385E-10
  1.31612915E-10  4.18908019E-09  1.43421752E-09  1.85617339E-03 -2.75406078E-03
  0.00000000E+00  0.00000000E+00  0.00000000E+00  0.00000000E+00  0.00000000E+00
  0.00000000E+00 -9.76608483E-09 -4.57595783E-09  0.00000000E+00  0.00000000E+00
  0.00000000E+00 -3.93409923E-11 -1.77721505E-14 -5.64258015E-11 -1.16105500E-10
 -7.31818717E-10 -6.70583797E-11 -1.51168938E-10  5.00180564E-10  4.57353888E-09
  9.80194481E-10  2.46210489E-03 -7.33468740E-04  0.00000000E+00  0.00000000E+00
  0.00000000E+00  0.00000000E+00  0.00000000E+00  0.00000000E+00  0.00000000E+00
 -4.97731500E-09  0.00000000E+00  0.00000000E+00  0.00000000E+00  0.00000000E+00
 -1.00546802E-11 -5.22108525E-15 -1.40647155E-11 -2.69321596E-11 -1.52758667E-10
 -4.16794377E-11 -3.04967822E-11  3.12762954E-10  8.94805063E-10  2.36472258E-10
  3.74378683E-03 -1.33443729E-03  0.00000000E+00  0.00000000E+00  0.00000000E+00
  0.00000000E+00  0.00000000E+00  0.00000000E+00  0.00000000E+00  0.00000000E+00
 -1.69661563E-09  0.00000000E+00  0.00000000E+00  0.00000000E+00  0.00000000E+00
 -3.68556487E-12 -1.73403389E-15 -4.34289757E-12 -8.09563961E-12 -4.83509205E-11
 -1.11527419E-11 -5.96458213E-12  1.07581721E-10  2.42040860E-10  6.20246840E-11
  2.04631267E-03 -2.60481681E-03 -3.41320685E-07  0.00000000E+00  0.00000000E+00
  0.00000000E+00  0.00000000E+00  0.00000000E+00  0.00000000E+00  0.00000000E+00
  0.00000000E+00 -1.62305447E-09  0.00000000E+00  0.00000000E+00  0.00000000E+00
  0.00000000E+00 -3.50334085E-12 -1.58884121E-15 -3.63565731E-12 -6.59532888E-12
 -3.40951573E-11 -6.03680604E-12 -8.52641308E-12  9.30348645E-11  1.93596861E-10
  4.92977430E-11  2.15958012E-03 -9.00230196E-04  0.00000000E+00  0.00000000E+00
  0.00000000E+00  0.00000000E+00  0.00000000E+00  0.00000000E+00  0.00000000E+00
  0.00000000E+00  0.00000000E+00  0.00000000E+00 -7.75724374E-10  0.00000000E+00
  0.00000000E+00  0.00000000E+00  0.00000000E+00 -1.58867559E-12 -7.05685912E-16
 -1.28833641E-12 -2.15624198E-12 -1.61535507E-11 -3.62922669E-12 -3.88057425E-12
  3.73448043E-11  7.36260358E-11  1.83387194E-11  2.12699315E-03 -1.00628275E-03
  0.00000000E+00  0.00000000E+00  0.00000000E+00  0.00000000E+00  0.00000000E+00
  0.00000000E+00  0.00000000E+00  0.00000000E+00  0.00000000E+00  0.00000000E+00
  0.00000000E+00 -2.79698181E-10  0.00000000E+00  0.00000000E+00  0.00000000E+00
  0.00000000E+00 -5.61907779E-13 -1.09761421E-16 -5.62321077E-13 -2.27122059E-13
 -3.12103923E-12 -4.73734225E-13  1.59270180E-13  1.11431862E-11  2.12427090E-11
  5.00109719E-12  2.16006767E-03 -9.69420886E-04  0.00000000E+00  0.00000000E+00
  0.00000000E+00  0.00000000E+00  0.00000000E+00  0.00000000E+00  0.00000000E+00
  0.00000000E+00  0.00000000E+00  0.00000000E+00  0.00000000E+00  0.00000000E+00
 -1.38241613E-10  0.00000000E+00  0.00000000E+00  0.00000000E+00  0.00000000E+00
 -2.23490456E-13  0.00000000E+00 -3.59612703E-13  3.19607540E-13 -9.63711858E-13
  4.15910714E-13  1.71158220E-14  3.81440842E-12  7.99347047E-12  1.70239799E-12
  2.35905100E-05  2.72581493E-03 -1.00012519E-03  0.00000000E+00  0.00000000E+00
  0.00000000E+00  0.00000000E+00  0.00000000E+00  0.00000000E+00  0.00000000E+00
  0.00000000E+00  0.00000000E+00  0.00000000E+00  0.00000000E+00  0.00000000E+00
  0.00000000E+00 -8.49628007E-11  0.00000000E+00  0.00000000E+00  0.00000000E+00
  0.00000000E+00  0.00000000E+00  0.00000000E+00 -1.98488334E-13  6.54503578E-13
 -3.70798532E-14 -5.94482959E-15 -8.57617153E-16  0.00000000E+00  3.25780505E-12
  1.81226546E-23  1.19793744E-10 -1.96825404E-05  1.21252297E-03 -1.56414299E-03
  0.00000000E+00  0.00000000E+00  0.00000000E+00  0.00000000E+00  0.00000000E+00
  0.00000000E+00  0.00000000E+00  0.00000000E+00  0.00000000E+00  0.00000000E+00
  0.00000000E+00  0.00000000E+00  0.00000000E+00  0.00000000E+00 -3.60788240E-11
  0.00000000E+00  0.00000000E+00  0.00000000E+00  0.00000000E+00  0.00000000E+00
  0.00000000E+00 -2.75024415E-14 -4.09370515E-14 -8.79956864E-15  4.04414322E-13
  7.21264745E-25  0.00000000E+00  3.77418664E-13  2.07018361E-24 -2.27663526E-03
  3.53219640E-03 -4.09587665E-05  0.00000000E+00  0.00000000E+00  0.00000000E+00
  0.00000000E+00  0.00000000E+00  0.00000000E+00  0.00000000E+00  0.00000000E+00
  0.00000000E+00  0.00000000E+00  0.00000000E+00  0.00000000E+00  0.00000000E+00
  0.00000000E+00  0.00000000E+00 -1.23457852E-12  0.00000000E+00  0.00000000E+00
  0.00000000E+00  0.00000000E+00  0.00000000E+00  0.00000000E+00  0.00000000E+00
 -2.01866904E-15  0.00000000E+00  5.06626161E-14  3.47699132E-03 -2.31378595E-03
 -8.92377461E-09  0.00000000E+00  0.00000000E+00  0.00000000E+00  0.00000000E+00
  0.00000000E+00  0.00000000E+00  0.00000000E+00  0.00000000E+00  0.00000000E+00
  0.00000000E+00  0.00000000E+00  0.00000000E+00  0.00000000E+00  0.00000000E+00
  0.00000000E+00 -3.26889666E-14
->       8      12       1       2                                 <-   
SCAT-SAVED                                                                      
         1         1
->       8      12       2       8                                 <-   
LAMBDA-D                                                                        
  1.24666998E-02  2.82917004E-02  4.25244011E-02  1.33041993E-01  2.92467207E-01
  6.66487694E-01  1.63478100E+00  3.55460000E+00
->      -8       0       0       0                                 <-   
->       6      12       3       3                                 <-   
SIGNATURE                                                                       
         4         4         4
L_LIBRARY   
->       6      12       1      40                                 <-   
STATE-VECTOR                                                                    
         1         1        33         2         0         0         1         0
         0         0         0         0        12         1         0         0
         0         1         8         0         0         1         0         0
         0         0         0         0         0         0         0         0
         0         0         0         0         0         0         0         0
->       6      12       1       1                                 <-   
ISOTOPESMIX                                                                     
         1
->       6      12       3       3                                 <-   
ISOTOPESUSED                                                                    
         4         4         4
*MAC*RES    
->       6      12       3       3                                 <-   
ISOTOPERNAME                                                                    
         4         4         4
*MAC*RES    
->       6      12       2       1                                 <-   
ISOTOPESDENS                                                                    
  1.00000000E+00
->       6      12       1       1                                 <-   
ISOTOPESTYPE                                                                    
         1
->       6      12       1       1                                 <-   
ISOTOPESTODO                                                                    
         1
->       6      12       2       1                                 <-   
ISOTOPESVOL                                                                     
  2.34294758E+01
->       6      12       2       1                                 <-   
ISOTOPESTEMP                                                                    
  7.13160034E+02
->       6      12       2       1                                 <-   
MIXTURESVOL                                                                     
  2.34294758E+01
->       6      12       2       1                                 <-   
K-EFFECTIVE                                                                     
  1.00000000E+00
->       6      12       2       1                                 <-   
K-INFINITY                                                                      
  1.43489659E+00
->       6      12       2       1                                 <-   
B2  B1HOM                                                                       
  9.03559034E-04
->       6      12       3      24                                 <-   
ADDXSNAME-P0                                                                    
         4         4         4         4         4         4         4         4
         4         4         4         4         4         4         4         4
         4         4         4         4         4         4         4         4
NFTOT   NG      N2N     N3N     N4N     NA      NP      N2A     NNP     ND      
NT      TRANC   
->       6      12       2      34                                 <-   
ENERGY                                                                          
  1.96403300E+07  1.00000000E+07  6.06530700E+06  3.67879400E+06  2.23130200E+06
  1.35335300E+06  8.20850000E+05  4.97870688E+05  3.01973812E+05  1.83156406E+05
  1.11090000E+05  6.73794688E+04  4.08677109E+04  2.47875195E+04  1.50343896E+04
  9.11882031E+03  5.53084424E+03  3.35462598E+03  2.03468396E+03  1.23409802E+03
  7.48518311E+02  4.53999298E+02  3.04324799E+02  1.48575897E+02  9.16608810E+01
  6.79040527E+01  4.01689987E+01  2.26032906E+01  1.37095900E+01  8.31528664E+00
  4.00000000E+00  5.40000975E-01  1.00000098E-01  1.10002802E-04
->       6      12       2      33                                 <-   
DELTAU                                                                          
  6.75000012E-01  4.99999970E-01  5.00000179E-01  4.99999672E-01  5.00000060E-01
  5.00000119E-01  5.00000060E-01  5.00000119E-01  4.99999821E-01  4.99999762E-01
  5.00000358E-01  5.00000060E-01  5.00000060E-01  5.00000060E-01  4.99999762E-01
  4.99999970E-01  5.00000179E-01  4.99999762E-01  5.00000119E-01  4.99999970E-01
  5.00000060E-01  4.00000095E-01  7.16999590E-01  4.83000249E-01  2.99999952E-01
  5.25000155E-01  5.75000048E-01  4.99999881E-01  4.99999970E-01  7.31801212E-01
  2.00247860E+00  1.68639970E+00  6.81242085E+00
->      -6       0       0       0                                 <-   
->       5       0       0      -1                                 <-   00000021
->       6      12      10       1                                 <-   
ISOTOPESLIST                                                                    
->       7       0       0      -1                                 <-   00000001
->       8      12       3       3                                 <-   
ALIAS                                                                           
         4         4         4
*MAC*RES0001
->       8      12       2       1                                 <-   
AWR                                                                             
  2.34967880E+01
->       8      12       2      33                                 <-   
NWT0                                                                            
  5.26104759E-06  7.62660784E-05  4.33307345E-04  4.69410839E-03  2.00307928E-02
  4.19117883E-02  1.12511292E-01  1.04900844E-01  1.11041658E-01  1.07654504E-01
  9.98113453E-02  9.98056382E-02  6.92284927E-02  8.56308416E-02  7.54063800E-02
  4.79448251E-02  5.79849407E-02  5.55858687E-02  5.83092608E-02  3.87623720E-02
  3.37075219E-02  1.62338875E-02  3.23096924E-02  1.64928455E-02  8.36817734E-03
  1.12114772E-02  7.85811990E-03  5.02123637E-03  3.58734629E-03  3.38681415E-03
  2.98728584E-03  1.58721858E-04  4.29841430E-06
->       8      12       2      33                                 <-   
NTOT0                                                                           
  6.80415750E-01  7.83824384E-01  9.72396314E-01  9.40478623E-01  7.42270172E-01
  6.88296795E-01  6.94653273E-01  8.57863069E-01  1.02636671E+00  1.19448280E+00
  1.66031373E+00  1.35286009E+00  1.61823285E+00  1.46993649E+00  1.66154313E+00
  2.01501083E+00  1.85119462E+00  1.84035075E+00  1.66742146E+00  1.73064780E+00
  1.71493435E+00  2.11052799E+00  1.76627302E+00  1.76510429E+00  1.75734925E+00
  1.78344214E+00  1.76527607E+00  1.76892900E+00  1.77254510E+00  1.77615047E+00
  1.78603768E+00  1.81760275E+00  1.89139330E+00
->       8      12       2      33                                 <-   
NG                                                                              
  2.09989652E-04  1.20664845E-04  1.37796218E-04  2.37297165E-04  2.32266888E-04
  3.01984313E-04  5.00481750E-04  4.55214060E-04  4.96206398E-04  7.48173916E-04
  1.00319553E-03  7.57544127E-04  1.22446462E-03  8.44699796E-04  1.40034594E-03
  1.60518370E-03  1.11381349E-03  1.16058835E-03  2.71992618E-03  1.74114108E-02
  1.96715840E-03  7.76735786E-03  2.76052579E-03  5.61248139E-03  4.12005372E-03
  1.44643849E-02  5.41715603E-03  6.95141219E-03  9.39410459E-03  1.21638728E-02
  2.12315749E-02  5.11307642E-02  1.17651403E-01
->       8      12       2      33                                 <-   
N2N                                                                             
  1.77693009E-01  1.25771249E-02  0.00000000E+00  0.00000000E+00  0.00000000E+00
  0.00000000E+00  0.00000000E+00  0.00000000E+00  0.00000000E+00  0.00000000E+00
  0.00000000E+00  0.00000000E+00  0.00000000E+00  0.00000000E+00  0.00000000E+00
  0.00000000E+00  0.00000000E+00  0.00000000E+00  0.00000000E+00  0.00000000E+00
  0.00000000E+00  0.00000000E+00  0.00000000E+00  0.00000000E+00  0.00000000E+00
  0.00000000E+00  0.00000000E+00  0.00000000E+00  0.00000000E+00  0.00000000E+00
  0.00000000E+00  0.00000000E+00  0.00000000E+00
->       8      12       2      33                                 <-   
N3N                                                                             
  4.37234732E-04  0.00000000E+00  0.00000000E+00  0.00000000E+00  0.00000000E+00
  0.00000000E+00  0.00000000E+00  0.00000000E+00  0.00000000E+00  0.00000000E+00
  0.00000000E+00  0.00000000E+00  0.00000000E+00  0.00000000E+00  0.00000000E+00
  0.00000000E+00  0.00000000E+00  0.00000000E+00  0.00000000E+00  0.00000000E+00
  0.00000000E+00  0.00000000E+00  0.00000000E+00  0.00000000E+00  0.00000000E+00
  0.00000000E+00  0.00000000E+00  0.00000000E+00  0.00000000E+00  0.00000000E+00
  0.00000000E+00  0.00000000E+00  0.00000000E+00
->       8      12       2      33                                 <-   
NA                                                                              
  2.26374413E-03  9.87796579E-04  1.66734957E-04  1.24254093E-05  1.35613561E-06
  1.55332401E-07  2.59481681E-08  2.70397882E-09  2.52183363E-09  2.70195577E-09
  2.72481349E-09  2.64986877E-09  2.88614599E-09  3.79858855E-09  5.65596592E-09
  7.51710338E-09  9.47847578E-09  1.24497213E-08  1.84418418E-08  2.20259171E-08
  1.44562611E-08  9.50089785E-09  1.07024096E-08  1.43265604E-08  1.58548232E-08
  1.83229965E-08  2.32833823E-08  2.98757996E-08  3.80416658E-08  5.12785583E-08
  8.89515732E-08  2.13467729E-07  4.90914658E-07
->       8      12       2      33                                 <-   
NP                                                                              
  9.05514508E-03  6.60366705E-03  3.06469155E-03  9.24257445E-04  1.69486841E-04
  2.35289190E-05  5.98877193E-07  1.98408734E-09  2.61947069E-18  6.85915742E-19
  1.68770517E-20  0.00000000E+00  0.00000000E+00  0.00000000E+00  0.00000000E+00
  0.00000000E+00  0.00000000E+00  0.00000000E+00  0.00000000E+00  0.00000000E+00
  0.00000000E+00  0.00000000E+00  0.00000000E+00  0.00000000E+00  0.00000000E+00
  0.00000000E+00  0.00000000E+00  0.00000000E+00  0.00000000E+00  0.00000000E+00
  0.00000000E+00  0.00000000E+00  0.00000000E+00
->       8      12       2      33                                 <-   
N2A                                                                             
  3.81490282E-12  0.00000000E+00  0.00000000E+00  0.00000000E+00  0.00000000E+00
  0.00000000E+00  0.00000000E+00  0.00000000E+00  0.00000000E+00  0.00000000E+00
  0.00000000E+00  0.00000000E+00  0.00000000E+00  0.00000000E+00  0.00000000E+00
  0.00000000E+00  0.00000000E+00  0.00000000E+00  0.00000000E+00  0.00000000E+00
  0.00000000E+00  0.00000000E+00  0.00000000E+00  0.00000000E+00  0.00000000E+00
  0.00000000E+00  0.00000000E+00  0.00000000E+00  0.00000000E+00  0.00000000E+00
  0.00000000E+00  0.00000000E+00  0.00000000E+00
->       8      12       2      33                                 <-   
NNP                                                                             
  1.64898357E-03  3.13972720E-07  0.00000000E+00  0.00000000E+00  0.00000000E+00
  0.00000000E+00  0.00000000E+00  0.00000000E+00  0.00000000E+00  0.00000000E+00
  0.00000000E+00  0.00000000E+00  0.00000000E+00  0.00000000E+00  0.00000000E+00
  0.00000000E+00  0.00000000E+00  0.00000000E+00  0.00000000E+00  0.00000000E+00
  0.00000000E+00  0.00000000E+00  0.00000000E+00  0.00000000E+00  0.00000000E+00
  0.00000000E+00  0.00000000E+00  0.00000000E+00  0.00000000E+00  0.00000000E+00
  0.00000000E+00  0.00000000E+00  0.00000000E+00
->       8      12       2      33                                 <-   
ND                                                                              
  1.33325651E-04  6.87520014E-07  8.21954080E-15  0.00000000E+00  0.00000000E+00
  0.00000000E+00  0.00000000E+00  0.00000000E+00  0.00000000E+00  0.00000000E+00
  0.00000000E+00  0.00000000E+00  0.00000000E+00  0.00000000E+00  0.00000000E+00
  0.00000000E+00  0.00000000E+00  0.00000000E+00  0.00000000E+00  0.00000000E+00
  0.00000000E+00  0.00000000E+00  0.00000000E+00  0.00000000E+00  0.00000000E+00
  0.00000000E+00  0.00000000E+00  0.00000000E+00  0.00000000E+00  0.00000000E+00
  0.00000000E+00  0.00000000E+00  0.00000000E+00
->       8      12       2      33                                 <-   
NT                                                                              
  2.29975194E-06  1.38413813E-16  0.00000000E+00  0.00000000E+00  0.00000000E+00
  0.00000000E+00  0.00000000E+00  0.00000000E+00  0.00000000E+00  0.00000000E+00
  0.00000000E+00  0.00000000E+00  0.00000000E+00  0.00000000E+00  0.00000000E+00
  0.00000000E+00  0.00000000E+00  0.00000000E+00  0.00000000E+00  0.00000000E+00
  0.00000000E+00  0.00000000E+00  0.00000000E+00  0.00000000E+00  0.00000000E+00
  0.00000000E+00  0.00000000E+00  0.00000000E+00  0.00000000E+00  0.00000000E+00
  0.00000000E+00  0.00000000E+00  0.00000000E+00
->       8      12       2      33                                 <-   
H-FACTOR                                                                        
  1.65063269E-16  1.09083841E-16  1.44444555E-16  2.51918742E-16  2.73292189E-16
  3.48740087E-16  5.11001054E-16  5.38886067E-16  6.44853171E-16  8.71158404E-16
  1.17304640E-15  9.85351628E-16  1.61612383E-15  1.12752547E-15  1.95715772E-15
  2.38684101E-15  1.59518496E-15  1.59020547E-15  3.65765513E-15  2.17254210E-14
  2.50352933E-15  1.14239740E-14  3.87008041E-15  6.79621967E-15  5.54859266E-15
  2.06886967E-14  7.23105166E-15  9.24125058E-15  1.23115714E-14  1.61510023E-14
  2.81806015E-14  6.78544406E-14  1.56128216E-13
->       8      12       2      33                                 <-   
OVERV                                                                           
  2.13663309E-10  2.69812561E-10  3.45624668E-10  4.47671622E-10  5.59749802E-10
  7.11855908E-10  9.24005206E-10  1.16741206E-09  1.48521706E-09  1.93895655E-09
  2.49014809E-09  3.15463500E-09  4.04986400E-09  5.10557641E-09  6.67753275E-09
  8.66472494E-09  1.10614939E-08  1.40792427E-08  1.81691053E-08  2.33686386E-08
  2.98820133E-08  3.69461262E-08  4.95314900E-08  6.67462956E-08  8.13129617E-08
  9.92509683E-08  1.31090999E-07  1.71622233E-07  2.20232025E-07  2.98036525E-07
  5.18041304E-07  1.24454539E-06  2.86488944E-06
->       8      12       2      33                                 <-   
STRD                                                                            
  4.51153725E-01  4.75226313E-01  5.70632517E-01  7.31964529E-01  7.00886309E-01
  7.02876031E-01  7.05501020E-01  8.61170053E-01  1.13613725E+00  1.38029301E+00
  1.85347986E+00  1.57400000E+00  1.68272328E+00  1.66347885E+00  1.79809248E+00
  2.00415444E+00  1.89987004E+00  1.90263748E+00  1.81506205E+00  1.86887586E+00
  1.83933342E+00  1.99766707E+00  1.83624947E+00  1.81403005E+00  1.77715540E+00
  1.78393888E+00  1.75513172E+00  1.76198411E+00  1.74337363E+00  1.75123918E+00
  1.77526963E+00  1.80694580E+00  1.94712865E+00
->       8      12       2      33                                 <-   
SIGS00                                                                          
  8.45521271E-01  7.88649082E-01  9.68987763E-01  9.39282358E-01  7.41861820E-01
  6.87971890E-01  6.94151878E-01  8.57407749E-01  1.02587032E+00  1.19373453E+00
  1.65930998E+00  1.35210299E+00  1.61700821E+00  1.46909165E+00  1.66014457E+00
  2.01340485E+00  1.85008025E+00  1.83919060E+00  1.66470253E+00  1.71323657E+00
  1.71296656E+00  2.10276031E+00  1.76351273E+00  1.75949192E+00  1.75322950E+00
  1.76897752E+00  1.75985920E+00  1.76197815E+00  1.76315010E+00  1.76398659E+00
  1.76480591E+00  1.76647186E+00  1.77374136E+00
->       8      12       1      33                                 <-   
NJJS00                                                                          
         1         2         3         4         5         6         7         8
         9        10        11        12        13        14        15        16
        17        18        19        20        21        22        23        24
        25        26        27        28        29        31        33        33
        33
->       8      12       1      33                                 <-   
IJJS00                                                                          
         1         2         3         4         5         6         7         8
         9        10        11        12        13        14        15        16
        17        18        19        20        21        22        23        24
        25        26        27        28        29        31        33        33
        33
->       8      12       2     565                                 <-   
SCAT00                                                                          
  3.36785287E-01  4.38959748E-01  3.34907174E-02  6.97114348E-01  3.42548490E-02
  4.98326793E-02  8.36235344E-01  4.59902845E-02  7.52040371E-02  9.25908834E-02
  6.81269288E-01  6.35974109E-02  5.65869883E-02  9.78625119E-02  1.18757091E-01
  6.49536490E-01  3.66109349E-02  1.52240675E-02  7.28360638E-02  6.54156581E-02
  9.37064737E-02  6.72022879E-01  2.50222981E-02  1.72971189E-02  9.49588884E-03
  4.64408919E-02  3.89191248E-02  5.94424121E-02  8.27000558E-01  2.17801034E-02
  4.82004788E-03  3.73392063E-03  6.69351732E-03  2.62020174E-02  2.03349069E-02
  3.18783633E-02  9.91502941E-01  3.01774479E-02  1.72044980E-04  4.58855834E-03
  1.44827436E-03  4.08225134E-03  1.35286059E-02  9.71883349E-03  1.53329456E-02
  1.15357602E+00  3.42145301E-02  1.15254144E-04  1.28675019E-04  2.29481189E-03
  8.11923528E-04  2.42127827E-03  5.69398887E-03  4.36973665E-03  7.11950054E-03
  1.61303377E+00  4.00933363E-02  1.11033463E-04  6.27503177E-05  2.35392745E-05
  9.35061311E-04  3.76949145E-04  9.40085214E-04  2.58893566E-03  1.96049036E-03
  3.39401467E-03  1.30678606E+00  4.62538116E-02  3.54635667E-05  3.96167561E-05
  2.60817687E-05  1.27097928E-05  3.76776909E-04  1.71519641E-04  3.62616993E-04
  1.15389249E-03  8.64561938E-04  1.62130757E-03  1.54664469E+00  4.53100204E-02
  1.31113984E-05  2.02480678E-05  1.40877887E-06  1.45644517E-05  5.69914619E-06
  1.14721799E-04  7.69038816E-05  1.40813063E-04  4.95033455E-04  4.09088709E-04
  8.02123686E-04  1.41264462E+00  6.96546957E-02  7.14359157E-06  4.65167432E-06
  5.29062891E-06  4.49577612E-07  6.80034645E-06  3.18321463E-06  6.45656692E-05
  3.50450900E-05  5.49233991E-05  2.07492209E-04  1.94487817E-04  3.99910699E-04
  1.60371208E+00  5.50069399E-02  7.08666979E-04  0.00000000E+00  3.04340597E-06
  2.29330863E-06  1.96632527E-07  2.59786566E-06  1.59880472E-06  1.32062545E-04
  1.54254267E-05  2.08695383E-05  8.56857368E-05  9.28345180E-05  2.08170750E-04
  1.92295599E+00  5.64285703E-02  8.25876719E-04  0.00000000E+00  0.00000000E+00
  1.35156142E-06  1.09436837E-06  7.81344198E-08  1.06996583E-06  7.24416736E-07
  6.33024174E-05  6.69841756E-06  8.00278758E-06  3.65011583E-05  4.62148928E-05
  9.49487585E-05  1.77739823E+00  9.04486924E-02  0.00000000E+00  4.23567428E-04
  0.00000000E+00  0.00000000E+00  5.18209845E-07  4.12020739E-07  2.91592048E-08
  3.99913631E-07  3.58849491E-07  1.46087814E-05  3.42135399E-06  3.09453344E-06
  1.51381719E-05  2.22475028E-05  3.83925617E-05  1.76850235E+00  7.26821125E-02
  0.00000000E+00  0.00000000E+00  1.25810388E-04  0.00000000E+00  0.00000000E+00
  1.93706043E-07  1.53948264E-07  1.08323528E-08  1.48626626E-07  1.85080140E-07
  6.13690690E-06  1.95226949E-06  1.20727884E-06  6.41313454E-06  1.02826270E-05
  1.54120826E-05  1.60753000E+00  7.06884414E-02  0.00000000E+00  0.00000000E+00
  0.00000000E+00  4.55772497E-05  0.00000000E+00  0.00000000E+00  2.47466065E-08
  5.90476752E-08  4.01534495E-09  5.53173187E-08  9.22025833E-08  2.16347121E-06
  1.06473817E-06  4.83689234E-07  2.79470964E-06  4.68968392E-06  6.16416264E-06
  1.65192759E+00  5.71721829E-02  0.00000000E+00  0.00000000E+00  0.00000000E+00
  0.00000000E+00  1.32129971E-05  0.00000000E+00  0.00000000E+00  0.00000000E+00
  2.71037148E-08  1.48796309E-09  2.06754098E-08  4.30161258E-08  2.75426714E-07
  5.42920702E-07  2.03588854E-07  1.28779038E-06  2.19169146E-06  2.49767049E-06
  1.65265191E+00  6.13090657E-02  0.00000000E+00  0.00000000E+00  0.00000000E+00
  0.00000000E+00  0.00000000E+00  4.99620501E-06  0.00000000E+00  0.00000000E+00
  0.00000000E+00  1.14755005E-08  5.52193624E-10  7.79051934E-09  1.87938731E-08
  8.40539869E-08  2.54257316E-07  9.00342911E-08  6.36188645E-07  1.11096142E-06
  1.03472405E-06  1.99142468E+00  6.03139065E-02  0.00000000E+00  0.00000000E+00
  0.00000000E+00  0.00000000E+00  0.00000000E+00  9.26662665E-07  1.15316038E-06
  0.00000000E+00  0.00000000E+00  0.00000000E+00  3.73159104E-09  1.78961179E-10
  2.59019073E-09  6.93352309E-09  2.89907440E-08  1.00450663E-07  3.57265222E-08
  2.83358048E-07  5.69462145E-07  3.76816843E-07  1.72248983E+00  1.11336187E-01
  0.00000000E+00  0.00000000E+00  0.00000000E+00  0.00000000E+00  0.00000000E+00
  0.00000000E+00  1.94828590E-06  2.55361954E-08  0.00000000E+00  0.00000000E+00
  0.00000000E+00  2.38017117E-09  1.13583927E-10  1.69978298E-09  4.95685093E-09
  2.02661354E-08  8.28109208E-08  2.95800717E-08  2.64709769E-07  5.28180067E-07
  2.75551884E-07  1.69727588E+00  4.10231799E-02  0.00000000E+00  0.00000000E+00
  0.00000000E+00  0.00000000E+00  0.00000000E+00  0.00000000E+00  0.00000000E+00
  3.92560679E-07  0.00000000E+00  0.00000000E+00  0.00000000E+00  0.00000000E+00
  4.87233254E-10  2.27880180E-11  3.68317460E-10  1.18313659E-09  4.83847806E-09
  2.35340192E-08  8.47314130E-09  8.58082885E-08  1.38051007E-07  6.81808459E-08
  1.64853072E+00  6.22151382E-02  0.00000000E+00  0.00000000E+00  0.00000000E+00
  0.00000000E+00  0.00000000E+00  0.00000000E+00  0.00000000E+00  0.00000000E+00
  1.09814081E-07  0.00000000E+00  0.00000000E+00  0.00000000E+00  0.00000000E+00
  1.39425457E-10  6.64659430E-12  1.13920332E-10  3.89338312E-10  1.55054525E-09
  8.60958416E-09  3.08085313E-09  3.23331868E-08  4.48681021E-08  2.28016166E-08
  1.71945333E+00  1.04698554E-01  5.83132874E-07  0.00000000E+00  0.00000000E+00
  0.00000000E+00  0.00000000E+00  0.00000000E+00  0.00000000E+00  0.00000000E+00
  0.00000000E+00  8.77261641E-08  0.00000000E+00  0.00000000E+00  0.00000000E+00
  0.00000000E+00  1.16816029E-10  5.46544017E-12  1.02850319E-10  3.71554315E-10
  1.47736456E-09  8.85017748E-09  3.30990813E-09  3.41434649E-08  4.09834904E-08
  2.21948078E-08  1.70848048E+00  4.95242104E-02  0.00000000E+00  0.00000000E+00
  0.00000000E+00  0.00000000E+00  0.00000000E+00  0.00000000E+00  0.00000000E+00
  0.00000000E+00  0.00000000E+00  0.00000000E+00  3.29325296E-08  0.00000000E+00
  0.00000000E+00  0.00000000E+00  0.00000000E+00  4.86409801E-11  2.20626555E-12
  4.75766856E-11  1.84764135E-10  6.75446754E-10  4.43167725E-09  1.91847760E-09
  1.91319334E-08  1.92250820E-08  1.14718999E-08  1.70327282E+00  5.13792150E-02
  0.00000000E+00  0.00000000E+00  0.00000000E+00  0.00000000E+00  0.00000000E+00
  0.00000000E+00  0.00000000E+00  0.00000000E+00  0.00000000E+00  0.00000000E+00
  0.00000000E+00  1.00374944E-08  0.00000000E+00  0.00000000E+00  0.00000000E+00
  0.00000000E+00  1.70140204E-11  6.32516392E-13  1.68313002E-11  7.44673004E-11
  2.65612837E-10  1.95174921E-09  8.36195668E-10  8.67790906E-09  7.53993312E-09
  4.30484981E-09  1.70507443E+00  5.87053113E-02  0.00000000E+00  0.00000000E+00
  0.00000000E+00  0.00000000E+00  0.00000000E+00  0.00000000E+00  0.00000000E+00
  0.00000000E+00  0.00000000E+00  0.00000000E+00  0.00000000E+00  0.00000000E+00
  3.83666654E-09  0.00000000E+00  0.00000000E+00  0.00000000E+00  0.00000000E+00
  6.15871243E-12  2.32808185E-13  7.31507650E-12  3.80724757E-11  3.90606297E-11
  9.95143523E-10  4.96259867E-10  4.94889507E-09  3.83271237E-09  2.50348808E-09
  6.74282666E-03  1.72352672E+00  5.80758378E-02  0.00000000E+00  0.00000000E+00
  0.00000000E+00  0.00000000E+00  0.00000000E+00  0.00000000E+00  0.00000000E+00
  0.00000000E+00  0.00000000E+00  0.00000000E+00  0.00000000E+00  0.00000000E+00
  0.00000000E+00  1.83830762E-09  0.00000000E+00  0.00000000E+00  0.00000000E+00
  0.00000000E+00  0.00000000E+00  1.31326170E-13  4.56098397E-12  2.62766215E-11
  3.46950962E-12  4.74586426E-10  3.95440763E-10  3.63225028E-09  2.65456856E-09
  1.89568494E-09 -2.09356504E-10  5.58248423E-02  1.75131714E+00  4.04603779E-02
  0.00000000E+00  0.00000000E+00  0.00000000E+00  0.00000000E+00  0.00000000E+00
  0.00000000E+00  0.00000000E+00  0.00000000E+00  0.00000000E+00  0.00000000E+00
  0.00000000E+00  0.00000000E+00  0.00000000E+00  0.00000000E+00  6.96417424E-10
  0.00000000E+00  0.00000000E+00  0.00000000E+00  0.00000000E+00  0.00000000E+00
  6.47225329E-14  7.71495715E-13  8.50922631E-12  9.45399249E-13  2.57378008E-10
  3.16565524E-10  2.91222446E-09  1.80903237E-09  1.43823820E-09  1.87804297E-01
  1.70193052E+00  6.74588699E-03  0.00000000E+00  0.00000000E+00  0.00000000E+00
  0.00000000E+00  0.00000000E+00  0.00000000E+00  0.00000000E+00  0.00000000E+00
  0.00000000E+00  0.00000000E+00  0.00000000E+00  0.00000000E+00  0.00000000E+00
  0.00000000E+00  0.00000000E+00  3.30129049E-11  0.00000000E+00  0.00000000E+00
  0.00000000E+00  0.00000000E+00  0.00000000E+00  4.71269777E-15  3.04255272E-15
  4.98300674E-13  1.75603957E-14  1.12351812E-11  3.53682431E-11  3.69175635E-10
  1.91030233E-10  1.62415262E-10  1.58593762E+00  8.71636067E-03  2.19113872E-07
  0.00000000E+00  0.00000000E+00  0.00000000E+00  0.00000000E+00  0.00000000E+00
  0.00000000E+00  0.00000000E+00  0.00000000E+00  0.00000000E+00  0.00000000E+00
  0.00000000E+00  0.00000000E+00  0.00000000E+00  0.00000000E+00  0.00000000E+00
  4.04293569E-12  0.00000000E+00  0.00000000E+00  0.00000000E+00  0.00000000E+00
  0.00000000E+00  7.31123212E-16  5.11380101E-16  4.69726780E-15  8.73593359E-16
  5.57952664E-13  4.25809952E-12  2.65394668E-11  6.14396815E-12  1.62071068E-11
->       8      12       2      33                                 <-   
SIGS01                                                                          
  2.89380044E-01  3.54449630E-01  4.69215482E-01  3.41175467E-01  1.78294763E-01
  1.36461541E-01  1.18385598E-01  1.09917119E-01  9.94066894E-02  7.31766671E-02
  6.79763258E-02  4.16928418E-02  3.72415856E-02  1.88768748E-02  1.70371849E-02
  1.95160843E-02  1.53585607E-02  1.50142023E-02  1.16517050E-02  1.11369975E-02
  1.09530119E-02  1.56538207E-02  1.14636356E-02  1.12583125E-02  1.13158850E-02
  1.13582313E-02  1.13981999E-02  1.14216795E-02  1.14347395E-02  1.14440061E-02
  1.19089121E-02  1.19344844E-02  1.19963391E-02
->       8      12       1      33                                 <-   
NJJS01                                                                          
         1         2         3         4         5         6         7         8
         9        10        11        12        13        14        15        16
        17        18        19        20        21        22        23        24
        25        26        27        28        29        31        33        29
        19
->       8      12       1      33                                 <-   
IJJS01                                                                          
         1         2         3         4         5         6         7         8
         9        10        11        12        13        14        15        16
        17        18        19        20        21        22        23        24
        25        26        27        28        29        31        33        33
        33
->       8      12       2     547                                 <-   
SCAT01                                                                          
  2.71867692E-01  3.45515460E-01  6.03968091E-03  4.67798769E-01  3.28793866E-03
  4.35233675E-03  3.49337459E-01 -1.87999010E-03  2.91756866E-03  3.43088107E-03
  1.84457496E-01 -7.56482221E-03  1.66642200E-03  1.44798402E-03  1.87350111E-03
  1.42198533E-01 -6.43099891E-03 -5.71877346E-04  7.52151944E-04  7.13741232E-04
  9.99092706E-04  1.24302082E-01 -6.20102091E-03  6.98159623E-04 -1.13746835E-04
  5.07983787E-04  3.42385349E-04  5.37008338E-04  1.20090626E-01 -5.91968140E-03
  3.72592825E-04 -4.51339176E-04  6.36249024E-05  5.08065023E-05  1.37736686E-04
  1.89366561E-04  1.12749465E-01 -1.01694921E-02  5.40699466E-06  7.42222692E-05
  1.78160444E-05  4.92425715E-05  1.46052000E-04  8.12846629E-05  6.36349359E-05
  8.57898518E-02 -1.33397942E-02 -3.95173720E-06 -2.81657685E-06  2.27684322E-05
  2.86320437E-06 -1.62510662E-06  8.65403199E-05 -6.89755689E-06 -2.09108039E-05
  8.15734491E-02 -1.26138739E-02 -1.05646677E-06 -1.90048425E-07  5.14870180E-07
  2.99837411E-05  1.89265711E-06 -1.24788312E-05  4.85720666E-05  2.07562630E-06
  1.74489523E-05  5.66207618E-02 -1.35972146E-02  1.55215957E-06 -1.85178817E-06
  3.23551632E-07 -5.96132281E-08 -5.70117154E-05 -6.33556056E-07 -5.10826521E-06
  2.92972200E-05  8.33654394E-06  2.04510270E-05  6.01428226E-02 -1.49221169E-02
  1.25082039E-07 -6.82341010E-07 -8.08486220E-08  1.36392728E-07 -5.95028844E-08
  5.88622152E-06 -7.36626021E-07 -2.41464545E-06  6.55339090E-06 -1.16216177E-06
 -1.35699190E-06  3.65478881E-02 -2.28947587E-02 -5.82040366E-06 -5.36034470E-08
 -1.46201586E-07  7.15907333E-10 -1.56990794E-07  1.83142092E-07 -1.29451507E-06
  1.48179140E-07 -1.43278078E-06  2.79548726E-06  1.81812504E-06  1.05246008E-05
  3.46340425E-02 -1.76615454E-02 -6.47676006E-06  0.00000000E+00  7.13423205E-08
  2.26706849E-08  4.03782918E-09 -5.91061138E-08  6.49857679E-09  3.61799466E-05
 -2.50771279E-07 -7.29277247E-07 -6.26993710E-08  1.08424706E-06  4.45833484E-06
  4.82506417E-02 -1.75972097E-02  1.96450401E-06  0.00000000E+00  0.00000000E+00
 -2.11512283E-08 -2.64715858E-08 -5.17983989E-10 -3.85481655E-08  1.25014026E-08
 -1.84556357E-05 -1.90524091E-07 -3.70214309E-07  2.12310781E-07  3.09379402E-08
 -2.24578480E-06  3.92423607E-02 -2.87345611E-02  0.00000000E+00 -7.42210614E-06
  0.00000000E+00  0.00000000E+00 -1.06133307E-08 -1.29581590E-08 -2.48136039E-10
 -2.03669011E-08  1.44190633E-08  1.01012199E-06  3.02028099E-07 -1.94545905E-07
 -3.66944477E-07  2.93234166E-08 -3.31317040E-07  3.88751104E-02 -2.38838028E-02
  0.00000000E+00  0.00000000E+00 -1.55760597E-06  0.00000000E+00  0.00000000E+00
 -6.96456581E-09 -6.24999785E-09 -1.18056634E-10 -9.65998126E-09  1.19266170E-08
 -6.77818377E-07  2.02332487E-07 -9.10830380E-08 -2.09885258E-07 -2.33381641E-07
 -6.59194200E-07  3.03249918E-02 -2.38609053E-02  0.00000000E+00  0.00000000E+00
  0.00000000E+00 -1.71570457E-06  0.00000000E+00  0.00000000E+00 -1.14260930E-08
 -1.66388048E-09 -5.58862123E-11 -4.55993776E-09  3.65398711E-09 -1.12134387E-06
  7.57828005E-08 -3.89844850E-08 -8.71119141E-08 -1.11979134E-07 -3.03183754E-07
  3.11445873E-02 -1.86732877E-02  0.00000000E+00  0.00000000E+00  0.00000000E+00
  0.00000000E+00 -2.83789291E-07  0.00000000E+00  0.00000000E+00  0.00000000E+00
  6.50377530E-11 -2.63376109E-11 -2.14088702E-09 -1.05301845E-09 -7.98522635E-08
  1.25695472E-08 -1.72796888E-08 -2.63583022E-08  5.65270994E-08 -1.06014269E-07
  3.03663537E-02 -2.00075917E-02  0.00000000E+00  0.00000000E+00  0.00000000E+00
  0.00000000E+00  0.00000000E+00 -1.39370343E-07  0.00000000E+00  0.00000000E+00
  0.00000000E+00 -9.69714753E-10 -1.23439887E-11 -9.97288252E-10 -2.32583308E-09
 -1.40216327E-08 -6.03385919E-09 -7.63705543E-09  2.37752462E-09  1.11772707E-07
 -3.68363935E-08  5.33808209E-02 -1.94133371E-02  0.00000000E+00  0.00000000E+00
  0.00000000E+00  0.00000000E+00  0.00000000E+00  4.48889466E-07 -2.87907056E-07
  0.00000000E+00  0.00000000E+00  0.00000000E+00 -3.89585392E-10 -4.91388657E-12
 -3.87954308E-10 -1.34720379E-09 -5.54986324E-09 -3.59360675E-09 -2.88929458E-09
  8.54949622E-09  1.44019353E-07 -1.16512862E-08  2.48942077E-02 -3.77270021E-02
  0.00000000E+00  0.00000000E+00  0.00000000E+00  0.00000000E+00  0.00000000E+00
  0.00000000E+00 -4.81321329E-08 -2.20868337E-08  0.00000000E+00  0.00000000E+00
  0.00000000E+00 -3.03987391E-10 -3.67642765E-12 -3.05712011E-10 -1.09892029E-09
 -4.00585209E-09 -2.42672726E-09 -2.08790585E-09  1.64440781E-08  1.54519313E-07
 -6.70768685E-09  3.16296443E-02 -1.34305712E-02  0.00000000E+00  0.00000000E+00
  0.00000000E+00  0.00000000E+00  0.00000000E+00  0.00000000E+00  0.00000000E+00
 -2.45306921E-08  0.00000000E+00  0.00000000E+00  0.00000000E+00  0.00000000E+00
 -7.78045406E-11 -1.08005727E-12 -7.62018851E-11 -2.54558929E-10 -8.40220338E-10
 -8.19725510E-10 -4.85031459E-10  9.54020329E-09  3.01762704E-08 -1.02920050E-09
  4.56048250E-02 -2.03707982E-02  0.00000000E+00  0.00000000E+00  0.00000000E+00
  0.00000000E+00  0.00000000E+00  0.00000000E+00  0.00000000E+00  0.00000000E+00
 -8.36176728E-09  0.00000000E+00  0.00000000E+00  0.00000000E+00  0.00000000E+00
 -2.85467552E-11 -3.58710078E-13 -2.35295897E-11 -7.63969651E-11 -2.65824446E-10
 -4.36553953E-11 -1.21563509E-10  3.31302652E-09  8.15207724E-09 -3.06381615E-10
  2.75999568E-02 -3.42889354E-02 -5.40176870E-07  0.00000000E+00  0.00000000E+00
  0.00000000E+00  0.00000000E+00  0.00000000E+00  0.00000000E+00  0.00000000E+00
  0.00000000E+00 -7.99922173E-09  0.00000000E+00  0.00000000E+00  0.00000000E+00
  0.00000000E+00 -2.71511147E-11 -3.28674831E-13 -1.96977989E-11 -6.20552845E-11
 -1.89304863E-10  2.78343570E-10 -1.22949803E-10  2.83083113E-09  6.51160148E-09
 -2.40913484E-10  2.81760283E-02 -1.62417274E-02  0.00000000E+00  0.00000000E+00
  0.00000000E+00  0.00000000E+00  0.00000000E+00  0.00000000E+00  0.00000000E+00
  0.00000000E+00  0.00000000E+00  0.00000000E+00 -3.82315690E-09  0.00000000E+00
  0.00000000E+00  0.00000000E+00  0.00000000E+00 -1.23279408E-11 -1.45981372E-13
 -6.98013826E-12 -2.00755593E-11 -8.90380894E-11  1.28296790E-10 -4.89983817E-11
  1.11427134E-09  2.46929122E-09 -8.55239213E-11  3.06815207E-02 -1.67778246E-02
  0.00000000E+00  0.00000000E+00  0.00000000E+00  0.00000000E+00  0.00000000E+00
  0.00000000E+00  0.00000000E+00  0.00000000E+00  0.00000000E+00  0.00000000E+00
  0.00000000E+00 -1.37849210E-09  0.00000000E+00  0.00000000E+00  0.00000000E+00
  0.00000000E+00 -4.36833469E-12 -2.27057414E-14 -3.04662589E-12 -1.72869813E-12
 -1.73124085E-11  2.39421483E-10  4.88843666E-13  3.24839766E-10  7.07468972E-10
  2.89034994E-11  3.04141100E-02 -1.92598421E-02  0.00000000E+00  0.00000000E+00
  0.00000000E+00  0.00000000E+00  0.00000000E+00  0.00000000E+00  0.00000000E+00
  0.00000000E+00  0.00000000E+00  0.00000000E+00  0.00000000E+00  0.00000000E+00
 -6.81323609E-10  0.00000000E+00  0.00000000E+00  0.00000000E+00  0.00000000E+00
 -1.51362191E-12  0.00000000E+00 -1.94836270E-12  3.15666872E-12 -5.18562450E-12
  1.81340193E-10  9.45122751E-14  1.12556631E-10  2.65980876E-10  9.97278475E-12
  1.22385216E-04  2.45531145E-02 -1.89793613E-02  0.00000000E+00  0.00000000E+00
  0.00000000E+00  0.00000000E+00  0.00000000E+00  0.00000000E+00  0.00000000E+00
  0.00000000E+00  0.00000000E+00  0.00000000E+00  0.00000000E+00  0.00000000E+00
  0.00000000E+00 -4.18739016E-10  0.00000000E+00  0.00000000E+00  0.00000000E+00
  0.00000000E+00  0.00000000E+00  0.00000000E+00 -1.07539932E-12  6.33664518E-12
 -2.46446689E-13 -1.16643578E-11 -6.71529161E-15  0.00000000E+00  1.08300473E-10
  3.71419241E-21  1.48806287E-10 -7.59074045E-03  1.33907050E-02 -1.31091038E-02
  0.00000000E+00  0.00000000E+00  0.00000000E+00  0.00000000E+00  0.00000000E+00
  0.00000000E+00  0.00000000E+00  0.00000000E+00  0.00000000E+00  0.00000000E+00
  0.00000000E+00  0.00000000E+00  0.00000000E+00  0.00000000E+00 -1.77814430E-10
  0.00000000E+00  0.00000000E+00  0.00000000E+00  0.00000000E+00  0.00000000E+00
  0.00000000E+00 -1.49006770E-13 -3.96336365E-13 -5.33165024E-14  2.03937353E-11
  6.91588676E-23  0.00000000E+00  1.25466755E-11  4.24278879E-22 -3.25321630E-02
  2.12845486E-02 -1.60399056E-03  0.00000000E+00  0.00000000E+00  0.00000000E+00
  0.00000000E+00  0.00000000E+00  0.00000000E+00  0.00000000E+00  0.00000000E+00
  0.00000000E+00  0.00000000E+00  0.00000000E+00  0.00000000E+00  0.00000000E+00
  0.00000000E+00  0.00000000E+00 -6.08461892E-12  0.00000000E+00  0.00000000E+00
  0.00000000E+00  0.00000000E+00  0.00000000E+00  0.00000000E+00  0.00000000E+00
 -1.95439571E-14  0.00000000E+00  3.60318502E-12  4.45285067E-02 -1.75932364E-03
 -1.88875248E-07  0.00000000E+00  0.00000000E+00  0.00000000E+00  0.00000000E+00
  0.00000000E+00  0.00000000E+00  0.00000000E+00  0.00000000E+00  0.00000000E+00
  0.00000000E+00  0.00000000E+00  0.00000000E+00  0.00000000E+00  0.00000000E+00
  0.00000000E+00 -1.61107523E-13
->       8      12       1       2                                 <-   
SCAT-SAVED                                                                      
         1         1
->       8      12       2       8                                 <-   
LAMBDA-D                                                                        
  1.24666998E-02  2.82917004E-02  4.25244011E-02  1.33041993E-01  2.92467207E-01
  6.66487694E-01  1.63478100E+00  3.55460000E+00
->      -8       0       0       0                                 <-   
->       6      12       3       3                                 <-   
SIGNATURE                                                                       
         4         4         4
L_LIBRARY   
->       6      12       1      40                                 <-   
STATE-VECTOR                                                                    
         1         1        33         2         0         0         1         0
         0         0         0         0        12         1         0         0
         0         1         8         0         0         1         0         0
         0         0         0         0         0         0         0         0
         0         0         0         0         0         0         0         0
->       6      12       1       1                                 <-   
ISOTOPESMIX                                                                     
         1
->       6      12       3       3                                 <-   
ISOTOPESUSED                                                                    
         4         4         4
*MAC*RES    
->       6      12       3       3                                 <-   
ISOTOPERNAME                                                                    
         4         4         4
*MAC*RES    
->       6      12       2       1                                 <-   
ISOTOPESDENS                                                                    
  1.00000000E+00
->       6      12       1       1                                 <-   
ISOTOPESTYPE                                                                    
         1
->       6      12       1       1                                 <-   
ISOTOPESTODO                                                                    
         1
->       6      12       2       1                                 <-   
ISOTOPESVOL                                                                     
  2.34294758E+01
->       6      12       2       1                                 <-   
ISOTOPESTEMP                                                                    
  7.13160034E+02
->       6      12       2       1                                 <-   
MIXTURESVOL                                                                     
  2.34294758E+01
->       6      12       2       1                                 <-   
K-EFFECTIVE                                                                     
  9.99999821E-01
->       6      12       2       1                                 <-   
K-INFINITY                                                                      
  1.09525788E+00
->       6      12       2       1                                 <-   
B2  B1HOM                                                                       
  2.03543738E-03
->       6      12       3      24                                 <-   
ADDXSNAME-P0                                                                    
         4         4         4         4         4         4         4         4
         4         4         4         4         4         4         4         4
         4         4         4         4         4         4         4         4
NFTOT   NG      N2N     N3N     N4N     NA      NP      N2A     NNP     ND      
NT      TRANC   
->       6      12       2      34                                 <-   
ENERGY                                                                          
  1.96403300E+07  1.00000000E+07  6.06530700E+06  3.67879400E+06  2.23130200E+06
  1.35335300E+06  8.20850000E+05  4.97870688E+05  3.01973812E+05  1.83156406E+05
  1.11090000E+05  6.73794688E+04  4.08677109E+04  2.47875195E+04  1.50343896E+04
  9.11882031E+03  5.53084424E+03  3.35462598E+03  2.03468396E+03  1.23409802E+03
  7.48518311E+02  4.53999298E+02  3.04324799E+02  1.48575897E+02  9.16608810E+01
  6.79040527E+01  4.01689987E+01  2.26032906E+01  1.37095900E+01  8.31528664E+00
  4.00000000E+00  5.40000975E-01  1.00000098E-01  1.10002802E-04
->       6      12       2      33                                 <-   
DELTAU                                                                          
  6.75000012E-01  4.99999970E-01  5.00000179E-01  4.99999672E-01  5.00000060E-01
  5.00000119E-01  5.00000060E-01  5.00000119E-01  4.99999821E-01  4.99999762E-01
  5.00000358E-01  5.00000060E-01  5.00000060E-01  5.00000060E-01  4.99999762E-01
  4.99999970E-01  5.00000179E-01  4.99999762E-01  5.00000119E-01  4.99999970E-01
  5.00000060E-01  4.00000095E-01  7.16999590E-01  4.83000249E-01  2.99999952E-01
  5.25000155E-01  5.75000048E-01  4.99999881E-01  4.99999970E-01  7.31801212E-01
  2.00247860E+00  1.68639970E+00  6.81242085E+00
->      -6       0       0       0                                 <-   
->       5       0       0      -1                                 <-   00000022
->       6      12      10       1                                 <-   
ISOTOPESLIST                                                                    
->       7       0       0      -1                                 <-   00000001
->       8      12       3       3                                 <-   
ALIAS                                                                           
         4         4         4
*MAC*RES0001
->       8      12       2       1                                 <-   
AWR                                                                             
  3.62647462E+00
->       8      12       2      33                                 <-   
NWT0                                                                            
  8.76248814E-05  1.33268500E-03  6.31718943E-03  2.08903588E-02  4.11943905E-02
  7.36847967E-02  1.60049215E-01  1.52793482E-01  1.68471798E-01  1.72514677E-01
  1.43594906E-01  1.29988298E-01  8.65568444E-02  9.26284119E-02  7.01923892E-02
  3.71382609E-02  4.53956947E-02  3.98848467E-02  3.81449386E-02  1.93396751E-02
  1.41216163E-02  5.43439016E-03  9.77280736E-03  3.83296097E-03  1.61911407E-03
  1.78338820E-03  9.33250005E-04  4.63697565E-04  2.54813349E-04  1.73021952E-04
  8.41975343E-05  1.26124473E-06  2.26264145E-08
->       8      12       2      33                                 <-   
NTOT0                                                                           
  1.84175298E-01  2.20553815E-01  2.32432351E-01  2.20901012E-01  1.98603734E-01
  1.83298796E-01  1.96674332E-01  2.31400326E-01  2.59979874E-01  2.47741342E-01
  3.51823300E-01  3.42210174E-01  4.98487353E-01  3.75921458E-01  5.87106287E-01
  9.26580250E-01  7.62292981E-01  7.40018964E-01  5.75718403E-01  6.34976268E-01
  6.18964016E-01  9.71698821E-01  6.72695279E-01  6.69828534E-01  6.61532402E-01
  6.83494866E-01  6.69388175E-01  6.73031390E-01  6.76651001E-01  6.80086970E-01
  6.88370585E-01  7.19199121E-01  7.93329060E-01
->       8      12       2      33                                 <-   
NG                                                                              
  4.37482231E-05  4.83758267E-05  8.49185453E-05  1.47821309E-04  1.85469704E-04
  2.31987346E-04  2.81134417E-04  3.80279205E-04  4.86767385E-04  5.85793226E-04
  8.09868332E-04  7.31009757E-04  1.15065707E-03  9.02363332E-04  1.40783191E-03
  1.60785136E-03  1.11380056E-03  1.14017818E-03  2.75592296E-03  1.85895842E-02
  1.93581625E-03  7.13733025E-03  2.78434390E-03  5.69431018E-03  4.06244583E-03
  1.25321150E-02  5.39238146E-03  6.91242144E-03  9.36706737E-03  1.19958501E-02
  1.95807610E-02  4.91792895E-02  1.18131869E-01
->       8      12       2      33                                 <-   
N2N                                                                             
  6.63645566E-03  1.79295035E-04  0.00000000E+00  0.00000000E+00  0.00000000E+00
  0.00000000E+00  0.00000000E+00  0.00000000E+00  0.00000000E+00  0.00000000E+00
  0.00000000E+00  0.00000000E+00  0.00000000E+00  0.00000000E+00  0.00000000E+00
  0.00000000E+00  0.00000000E+00  0.00000000E+00  0.00000000E+00  0.00000000E+00
  0.00000000E+00  0.00000000E+00  0.00000000E+00  0.00000000E+00  0.00000000E+00
  0.00000000E+00  0.00000000E+00  0.00000000E+00  0.00000000E+00  0.00000000E+00
  0.00000000E+00  0.00000000E+00  0.00000000E+00
->       8      12       2      33                                 <-   
N3N                                                                             
  4.97183100E-06  0.00000000E+00  0.00000000E+00  0.00000000E+00  0.00000000E+00
  0.00000000E+00  0.00000000E+00  0.00000000E+00  0.00000000E+00  0.00000000E+00
  0.00000000E+00  0.00000000E+00  0.00000000E+00  0.00000000E+00  0.00000000E+00
  0.00000000E+00  0.00000000E+00  0.00000000E+00  0.00000000E+00  0.00000000E+00
  0.00000000E+00  0.00000000E+00  0.00000000E+00  0.00000000E+00  0.00000000E+00
  0.00000000E+00  0.00000000E+00  0.00000000E+00  0.00000000E+00  0.00000000E+00
  0.00000000E+00  0.00000000E+00  0.00000000E+00
->       8      12       2      33                                 <-   
NA                                                                              
  2.26071500E-03  9.81621211E-04  1.87110403E-04  1.66324880E-05  1.42191720E-06
  1.54664534E-07  2.83248394E-08  2.68590150E-09  2.51943111E-09  2.70359224E-09
  2.72279110E-09  2.65725086E-09  2.92154856E-09  3.73226161E-09  5.64360958E-09
  7.52970752E-09  9.47314671E-09  1.23789023E-08  1.83360065E-08  2.20762075E-08
  1.45713148E-08  9.46739842E-09  5.45610357E-09  3.01380609E-09  2.06066431E-09
  1.48030677E-09  9.75390768E-10  7.26539384E-10  6.40010545E-10  6.58280819E-10
  9.02701580E-10  2.16085083E-09  5.18724264E-09
->       8      12       2      33                                 <-   
NP                                                                              
  9.04264115E-03  6.58722129E-03  3.20070074E-03  1.08443073E-03  1.77507827E-04
  2.32050261E-05  6.76730451E-07  1.84254911E-09  2.64735640E-18  6.71118463E-19
  1.55087721E-20  0.00000000E+00  0.00000000E+00  0.00000000E+00  0.00000000E+00
  0.00000000E+00  0.00000000E+00  0.00000000E+00  0.00000000E+00  0.00000000E+00
  0.00000000E+00  0.00000000E+00  0.00000000E+00  0.00000000E+00  0.00000000E+00
  0.00000000E+00  0.00000000E+00  0.00000000E+00  0.00000000E+00  0.00000000E+00
  0.00000000E+00  0.00000000E+00  0.00000000E+00
->       8      12       2      33                                 <-   
N2A                                                                             
  4.00231714E-12  0.00000000E+00  0.00000000E+00  0.00000000E+00  0.00000000E+00
  0.00000000E+00  0.00000000E+00  0.00000000E+00  0.00000000E+00  0.00000000E+00
  0.00000000E+00  0.00000000E+00  0.00000000E+00  0.00000000E+00  0.00000000E+00
  0.00000000E+00  0.00000000E+00  0.00000000E+00  0.00000000E+00  0.00000000E+00
  0.00000000E+00  0.00000000E+00  0.00000000E+00  0.00000000E+00  0.00000000E+00
  0.00000000E+00  0.00000000E+00  0.00000000E+00  0.00000000E+00  0.00000000E+00
  0.00000000E+00  0.00000000E+00  0.00000000E+00
->       8      12       2      33                                 <-   
NNP                                                                             
  1.66336028E-03  3.07238821E-07  0.00000000E+00  0.00000000E+00  0.00000000E+00
  0.00000000E+00  0.00000000E+00  0.00000000E+00  0.00000000E+00  0.00000000E+00
  0.00000000E+00  0.00000000E+00  0.00000000E+00  0.00000000E+00  0.00000000E+00
  0.00000000E+00  0.00000000E+00  0.00000000E+00  0.00000000E+00  0.00000000E+00
  0.00000000E+00  0.00000000E+00  0.00000000E+00  0.00000000E+00  0.00000000E+00
  0.00000000E+00  0.00000000E+00  0.00000000E+00  0.00000000E+00  0.00000000E+00
  0.00000000E+00  0.00000000E+00  0.00000000E+00
->       8      12       2      33                                 <-   
ND                                                                              
  1.27730658E-04  6.72489136E-07  1.02963529E-14  0.00000000E+00  0.00000000E+00
  0.00000000E+00  0.00000000E+00  0.00000000E+00  0.00000000E+00  0.00000000E+00
  0.00000000E+00  0.00000000E+00  0.00000000E+00  0.00000000E+00  0.00000000E+00
  0.00000000E+00  0.00000000E+00  0.00000000E+00  0.00000000E+00  0.00000000E+00
  0.00000000E+00  0.00000000E+00  0.00000000E+00  0.00000000E+00  0.00000000E+00
  0.00000000E+00  0.00000000E+00  0.00000000E+00  0.00000000E+00  0.00000000E+00
  0.00000000E+00  0.00000000E+00  0.00000000E+00
->       8      12       2      33                                 <-   
NT                                                                              
  1.11477448E-06  1.65723082E-18  0.00000000E+00  0.00000000E+00  0.00000000E+00
  0.00000000E+00  0.00000000E+00  0.00000000E+00  0.00000000E+00  0.00000000E+00
  0.00000000E+00  0.00000000E+00  0.00000000E+00  0.00000000E+00  0.00000000E+00
  0.00000000E+00  0.00000000E+00  0.00000000E+00  0.00000000E+00  0.00000000E+00
  0.00000000E+00  0.00000000E+00  0.00000000E+00  0.00000000E+00  0.00000000E+00
  0.00000000E+00  0.00000000E+00  0.00000000E+00  0.00000000E+00  0.00000000E+00
  0.00000000E+00  0.00000000E+00  0.00000000E+00
->       8      12       2      33                                 <-   
H-FACTOR                                                                        
  5.49632599E-17  6.12611947E-17  1.07762079E-16  1.89365730E-16  2.41348486E-16
  3.02963595E-16  3.63052138E-16  4.91475833E-16  6.37512042E-16  7.69102316E-16
  1.04124151E-15  9.61657151E-16  1.52167182E-15  1.19527043E-15  1.96743561E-15
  2.39142028E-15  1.59535998E-15  1.56269405E-15  3.70654503E-15  2.31561054E-14
  2.47418896E-15  1.04189008E-14  3.91138004E-15  6.88356656E-15  5.46979573E-15
  1.78591035E-14  7.20078887E-15  9.19091141E-15  1.22678467E-14  1.59301808E-14
  2.59936183E-14  6.52731721E-14  1.56785771E-13
->       8      12       2      33                                 <-   
OVERV                                                                           
  2.13631030E-10  2.70140854E-10  3.41291106E-10  4.37363618E-10  5.56859725E-10
  7.13734072E-10  9.14391673E-10  1.17607801E-09  1.48087109E-09  1.94485850E-09
  2.50569188E-09  3.14842885E-09  4.09441414E-09  5.04888575E-09  6.66419719E-09
  8.67945982E-09  1.10547731E-08  1.40183731E-08  1.81074018E-08  2.33066313E-08
  2.97550464E-08  3.67880872E-08  4.91405707E-08  6.64528841E-08  8.11718550E-08
  9.86405837E-08  1.30250370E-07  1.70719858E-07  2.19026319E-07  2.94040035E-07
  4.78065090E-07  1.19759045E-06  2.87710463E-06
->       8      12       2      33                                 <-   
STRD                                                                            
  8.70574266E-02  9.02678967E-02  1.03647873E-01  1.12617068E-01  1.26954615E-01
  1.48091733E-01  1.48384407E-01  2.02216879E-01  2.17245236E-01  2.23137155E-01
  2.90669173E-01  2.83810675E-01  3.01889926E-01  2.70385712E-01  3.97214353E-01
  5.83488226E-01  5.08832395E-01  5.11768043E-01  4.51950580E-01  4.95774567E-01
  5.03152251E-01  6.33362830E-01  5.84694505E-01  6.08960867E-01  6.29454374E-01
  6.52831852E-01  6.22829139E-01  6.68378949E-01  6.49054587E-01  6.67576134E-01
  6.45440400E-01  7.77997077E-01  1.32104468E+00
->       8      12       2      33                                 <-   
SIGS00                                                                          
  1.77642465E-01  2.13113815E-01  2.28958756E-01  2.19651684E-01  1.98239297E-01
  1.83043450E-01  1.96392506E-01  2.31020033E-01  2.59493083E-01  2.47155517E-01
  3.51013362E-01  3.41479093E-01  4.97336179E-01  3.75018924E-01  5.85698724E-01
  9.24971998E-01  7.61178970E-01  7.38878906E-01  5.72962582E-01  6.16386771E-01
  6.17028117E-01  9.64561105E-01  6.69910908E-01  6.64134264E-01  6.57469749E-01
  6.70962870E-01  6.63995683E-01  6.66119099E-01  6.67284012E-01  6.68091178E-01
  6.68789864E-01  6.70019746E-01  6.75197124E-01
->       8      12       1      33                                 <-   
NJJS00                                                                          
         1         2         3         4         5         6         7         8
         9        10        11        12        13        14        15        16
        17        18        19        20        21        22        23        24
        25        26        27        28        29        31        33        33
        33
->       8      12       1      33                                 <-   
IJJS00                                                                          
         1         2         3         4         5         6         7         8
         9        10        11        12        13        14        15        16
        17        18        19        20        21        22        23        24
        25        26        27        28        29        31        33        33
        33
->       8      12       2     565                                 <-   
SCAT00                                                                          
  9.21217650E-02  1.25823721E-01  1.27449743E-02  1.44939378E-01  1.79630332E-02
  1.29721165E-02  1.56440496E-01  2.69859564E-02  2.18890794E-02  1.68497637E-02
  1.48179606E-01  4.08427417E-02  1.90766174E-02  1.95300486E-02  1.68324225E-02
  1.56921163E-01  2.66118050E-02  1.15056233E-02  1.81956887E-02  1.33785764E-02
  1.21446280E-02  1.81623727E-01  1.31145082E-02  1.69488192E-02  4.84350650E-03
  1.08764693E-02  7.41039263E-03  6.93560019E-03  2.14031532E-01  1.44186299E-02
  4.88455081E-03  3.61723430E-03  2.95358524E-03  4.88463324E-03  3.72304395E-03
  3.57435714E-03  2.39081487E-01  1.67491753E-02  1.86813180E-04  4.28294949E-03
  1.42317673E-03  1.64492789E-03  2.26254994E-03  1.87722058E-03  1.81316084E-03
  2.27539122E-01  2.02616826E-02  1.32129586E-04  1.09895365E-04  2.04555248E-03
  7.89355428E-04  8.51738674E-04  9.58195596E-04  8.76003469E-04  8.58377723E-04
  3.26109499E-01  1.95516665E-02  1.10017369E-04  6.04598026E-05  2.64217251E-05
  9.38392477E-04  3.67141649E-04  3.35616554E-04  4.31183231E-04  3.70895810E-04
  4.05933213E-04  3.16058934E-01  2.48823110E-02  3.70928537E-05  3.77837459E-05
  2.36669384E-05  1.42035205E-05  4.16036084E-04  1.66161277E-04  1.38734555E-04
  1.92471533E-04  1.54543508E-04  1.94390333E-04  4.58326191E-01  2.54130010E-02
  1.20133936E-05  1.95848152E-05  1.42131853E-06  1.29849413E-05  6.18179956E-06
  1.26377665E-04  7.38253511E-05  5.59117179E-05  8.65179827E-05  6.74753828E-05
  9.59818863E-05  3.41137737E-01  3.81808355E-02  7.09860069E-06  3.98493148E-06
  4.28032581E-06  4.36947772E-07  6.05211017E-06  3.39215444E-06  7.12863111E-05
  3.37526253E-05  2.28381268E-05  3.68755609E-05  2.70460296E-05  4.69085026E-05
  5.50393045E-01  3.24123465E-02  8.29150609E-04  0.00000000E+00  3.23753829E-06
  2.00161230E-06  1.91885320E-07  2.35088783E-06  1.70984129E-06  1.46501348E-04
  1.48408117E-05  9.19837021E-06  1.65980891E-05  1.19640154E-05  2.44756538E-05
  8.56714010E-01  3.53020690E-02  9.08102724E-04  0.00000000E+00  0.00000000E+00
  1.49078733E-06  1.07213282E-06  7.65730377E-08  1.05822801E-06  7.78904678E-07
  7.02392208E-05  6.43941394E-06  3.81466157E-06  7.74728687E-06  5.45108105E-06
  1.32073201E-05  7.11155951E-01  6.82579502E-02  0.00000000E+00  4.07163869E-04
  0.00000000E+00  0.00000000E+00  5.71591215E-07  4.03702018E-07  2.85755277E-08
  3.97227012E-07  3.82706730E-07  1.62008619E-05  3.28206625E-06  1.61307787E-06
  3.75557261E-06  2.56922931E-06  7.20724211E-06  6.91070437E-01  5.00230677E-02
  0.00000000E+00  0.00000000E+00  1.02872029E-04  0.00000000E+00  0.00000000E+00
  2.13659888E-07  1.50852244E-07  1.06155582E-08  1.47628640E-07  1.94708335E-07
  6.80685707E-06  1.87052001E-06  6.96692325E-07  1.90094590E-06  1.27257454E-06
  3.63084496E-06  5.38549602E-01  4.78085019E-02  0.00000000E+00  0.00000000E+00
  0.00000000E+00  3.65256783E-05  0.00000000E+00  0.00000000E+00  2.72957852E-08
  5.86061333E-08  3.93514910E-09  5.49461845E-08  9.66364837E-08  2.39942756E-06
  1.01918090E-06  3.15897353E-07  1.00181012E-06  6.53244115E-07  1.79269603E-06
  5.78191042E-01  3.44130322E-02  0.00000000E+00  0.00000000E+00  0.00000000E+00
  0.00000000E+00  9.69727535E-06  0.00000000E+00  0.00000000E+00  0.00000000E+00
  2.90202227E-08  1.45837720E-09  2.05368966E-08  4.52132092E-08  3.04646676E-07
  5.19326136E-07  1.53910946E-07  5.44004422E-07  3.48875545E-07  8.87474755E-07
  5.79583645E-01  3.81955802E-02  0.00000000E+00  0.00000000E+00  0.00000000E+00
  0.00000000E+00  0.00000000E+00  3.66681206E-06  0.00000000E+00  0.00000000E+00
  0.00000000E+00  1.27484565E-08  5.41302059E-10  7.73844810E-09  1.97826608E-08
  9.28718720E-08  2.43044951E-07  7.89455399E-08  3.02996824E-07  1.93222959E-07
  4.41301040E-07  8.83745790E-01  3.74443009E-02  0.00000000E+00  0.00000000E+00
  0.00000000E+00  0.00000000E+00  0.00000000E+00  9.59530666E-07  8.46326884E-07
  0.00000000E+00  0.00000000E+00  0.00000000E+00  4.14552970E-09  1.75474676E-10
  2.57294164E-09  7.30631422E-09  3.20315507E-08  9.58940731E-08  3.55324268E-08
  1.44827666E-07  9.24769523E-08  1.86243057E-07  6.45599723E-01  8.08153674E-02
  0.00000000E+00  0.00000000E+00  0.00000000E+00  0.00000000E+00  0.00000000E+00
  0.00000000E+00  2.01739022E-06  1.87415115E-08  0.00000000E+00  0.00000000E+00
  0.00000000E+00  2.64419886E-09  1.11435555E-10  1.68850722E-09  5.22678389E-09
  2.23858869E-08  7.89101406E-08  3.31041576E-08  1.42435823E-07  9.09461875E-08
  1.56852181E-07  6.25613570E-01  2.43112482E-02  0.00000000E+00  0.00000000E+00
  0.00000000E+00  0.00000000E+00  0.00000000E+00  0.00000000E+00  0.00000000E+00
  4.06484503E-07  0.00000000E+00  0.00000000E+00  0.00000000E+00  0.00000000E+00
  5.41281131E-10  2.23673233E-11  3.65899894E-10  1.24832256E-09  5.34617817E-09
  2.23537722E-08  1.07138565E-08  4.98293993E-08  3.12884119E-08  4.51320190E-08
  5.89812577E-01  3.85202281E-02  0.00000000E+00  0.00000000E+00  0.00000000E+00
  0.00000000E+00  0.00000000E+00  0.00000000E+00  0.00000000E+00  0.00000000E+00
  1.13709113E-07  0.00000000E+00  0.00000000E+00  0.00000000E+00  0.00000000E+00
  1.54891655E-10  6.52707662E-12  1.13178529E-10  4.10947276E-10  1.71309034E-09
  8.17276646E-09  4.23593605E-09  2.03553085E-08  1.27118556E-08  1.64155640E-08
  6.41624153E-01  6.76573515E-02  5.23383733E-07  0.00000000E+00  0.00000000E+00
  0.00000000E+00  0.00000000E+00  0.00000000E+00  0.00000000E+00  0.00000000E+00
  0.00000000E+00  9.08377444E-08  0.00000000E+00  0.00000000E+00  0.00000000E+00
  0.00000000E+00  1.29774205E-10  5.37406317E-12  1.02186141E-10  3.92308963E-10
  1.63232128E-09  8.40755199E-09  4.75014472E-09  2.33385986E-08  1.46008574E-08
  1.71514944E-08  6.32582009E-01  2.93385591E-02  0.00000000E+00  0.00000000E+00
  0.00000000E+00  0.00000000E+00  0.00000000E+00  0.00000000E+00  0.00000000E+00
  0.00000000E+00  0.00000000E+00  0.00000000E+00  3.41006228E-08  0.00000000E+00
  0.00000000E+00  0.00000000E+00  0.00000000E+00  5.40366363E-11  2.17375076E-12
  4.72729494E-11  1.95169381E-10  7.46049167E-10  4.23018554E-09  2.90890489E-09
  1.45411372E-08  9.11049192E-09  9.64086500E-09  6.30345643E-01  3.14136967E-02
  0.00000000E+00  0.00000000E+00  0.00000000E+00  0.00000000E+00  0.00000000E+00
  0.00000000E+00  0.00000000E+00  0.00000000E+00  0.00000000E+00  0.00000000E+00
  0.00000000E+00  1.03935172E-08  0.00000000E+00  0.00000000E+00  0.00000000E+00
  0.00000000E+00  1.89013544E-11  6.16498335E-13  1.67242175E-11  7.92943142E-11
  2.93792601E-10  1.86089677E-09  1.36877676E-09  7.25046689E-09  4.56440530E-09
  4.30086278E-09  6.32030964E-01  3.57734524E-02  0.00000000E+00  0.00000000E+00
  0.00000000E+00  0.00000000E+00  0.00000000E+00  0.00000000E+00  0.00000000E+00
  0.00000000E+00  0.00000000E+00  0.00000000E+00  0.00000000E+00  0.00000000E+00
  3.97275013E-09  0.00000000E+00  0.00000000E+00  0.00000000E+00  0.00000000E+00
  6.84188643E-12  2.23805309E-13  7.26823376E-12  4.04783880E-11  4.30001486E-11
  9.49046064E-10  8.18568435E-10  4.38760095E-09  2.75943068E-09  2.50166243E-09
  3.30673740E-03  6.47169471E-01  3.52528691E-02  0.00000000E+00  0.00000000E+00
  0.00000000E+00  0.00000000E+00  0.00000000E+00  0.00000000E+00  0.00000000E+00
  0.00000000E+00  0.00000000E+00  0.00000000E+00  0.00000000E+00  0.00000000E+00
  0.00000000E+00  1.90351113E-09  0.00000000E+00  0.00000000E+00  0.00000000E+00
  0.00000000E+00  0.00000000E+00  1.26247672E-13  4.53191261E-12  2.79213354E-11
  3.69734408E-12  4.51133020E-10  6.53537058E-10  3.50555229E-09  2.20307217E-09
  1.89534455E-09 -2.04913780E-10  3.31879221E-02  6.63925171E-01  2.09216606E-02
  0.00000000E+00  0.00000000E+00  0.00000000E+00  0.00000000E+00  0.00000000E+00
  0.00000000E+00  0.00000000E+00  0.00000000E+00  0.00000000E+00  0.00000000E+00
  0.00000000E+00  0.00000000E+00  0.00000000E+00  0.00000000E+00  7.21118831E-10
  0.00000000E+00  0.00000000E+00  0.00000000E+00  0.00000000E+00  0.00000000E+00
  6.22196589E-14  7.65153023E-13  9.03928148E-12  1.01054657E-12  2.44445159E-10
  5.23202204E-10  2.81064105E-09  1.75999915E-09  1.43797896E-09  9.44523215E-02
  6.33787751E-01  1.55787251E-03  0.00000000E+00  0.00000000E+00  0.00000000E+00
  0.00000000E+00  0.00000000E+00  0.00000000E+00  0.00000000E+00  0.00000000E+00
  0.00000000E+00  0.00000000E+00  0.00000000E+00  0.00000000E+00  0.00000000E+00
  0.00000000E+00  0.00000000E+00  3.41838467E-11  0.00000000E+00  0.00000000E+00
  0.00000000E+00  0.00000000E+00  0.00000000E+00  4.53045397E-15  2.85459654E-15
  5.29343821E-13  1.72063207E-14  1.06543246E-11  5.85416993E-11  3.55965007E-10
  1.91928001E-10  1.62384786E-10  5.80744922E-01  3.04395566E-03  4.81625015E-08
  0.00000000E+00  0.00000000E+00  0.00000000E+00  0.00000000E+00  0.00000000E+00
  0.00000000E+00  0.00000000E+00  0.00000000E+00  0.00000000E+00  0.00000000E+00
  0.00000000E+00  0.00000000E+00  0.00000000E+00  0.00000000E+00  0.00000000E+00
  4.18633574E-12  0.00000000E+00  0.00000000E+00  0.00000000E+00  0.00000000E+00
  0.00000000E+00  7.02850152E-16  4.79789213E-16  4.93581345E-15  9.03599819E-16
  5.61332990E-13  6.95433988E-12  2.38848247E-11  6.16416120E-12  1.61978608E-11
->       8      12       2      33                                 <-   
SIGS01                                                                          
  8.23682025E-02  1.05075404E-01  1.00008078E-01  7.52122253E-02  4.78553660E-02
  3.96151058E-02  3.61976661E-02  2.90092491E-02  2.62760073E-02  1.36583075E-02
  1.49264280E-02  1.44174127E-02  1.61369257E-02  5.93907200E-03  8.43386538E-03
  1.30599914E-02  1.01799183E-02  1.04095070E-02  7.66793406E-03  7.28936354E-03
  7.26192957E-03  1.15222447E-02  7.93414656E-03  7.71443360E-03  7.77270785E-03
  7.81423692E-03  7.85444863E-03  7.87821133E-03  7.89133366E-03  7.90045131E-03
  8.09021853E-03  8.07963777E-03  8.11611488E-03
->       8      12       1      33                                 <-   
NJJS01                                                                          
         1         2         3         4         5         6         7         8
         9        10        11        12        13        14        15        16
        17        18        19        20        21        22        23        24
        25        26        27        28        29        31        33        29
        19
->       8      12       1      33                                 <-   
IJJS01                                                                          
         1         2         3         4         5         6         7         8
         9        10        11        12        13        14        15        16
        17        18        19        20        21        22        23        24
        25        26        27        28        29        31        33        33
        33
->       8      12       2     547                                 <-   
SCAT01                                                                          
  7.71870390E-02  1.01023570E-01  2.35966034E-03  9.82437655E-02  2.19440437E-03
  1.02748163E-03  7.66259432E-02  7.37960974E-04  9.82596073E-04  7.95117696E-04
  5.06074764E-02 -9.62539809E-04  6.32985495E-04  5.47218136E-04  5.85139904E-04
  4.24317978E-02 -3.00925551E-03 -4.39192198E-04  3.93810857E-04  2.38904395E-04
  2.71242723E-04  4.00376469E-02 -3.26808961E-03  6.41351799E-04 -6.66466876E-05
  4.15275899E-05  6.20030041E-05  7.23633348E-05  3.55077051E-02 -3.84219736E-03
  3.72180511E-04 -4.04287886E-04  5.05171702E-05 -8.41176825E-06  3.42476087E-05
  4.06866820E-05  3.52274887E-02 -6.49335934E-03  3.61417756E-06  4.87063298E-05
  1.71099000E-05  2.03155396E-05 -1.41202163E-05  1.84339860E-05  9.52401206E-06
  1.99225638E-02 -8.94836895E-03 -4.99551834E-06 -2.05543188E-06  1.69770246E-05
  2.27274336E-06 -2.09363225E-06 -9.62022386E-06 -1.18242397E-05 -1.59660445E-07
  2.16181800E-02 -6.26482116E-03 -1.24922667E-06 -2.47553658E-07  5.33158641E-07
  5.29889548E-05  2.06926961E-06 -7.44712270E-06 -3.70787325E-06 -8.17771252E-06
  4.56786029E-06  2.29290538E-02 -6.69186050E-03  1.49220364E-06 -1.79422852E-06
  2.90030471E-07 -3.56889593E-08 -6.32926603E-05 -1.00575699E-06 -3.00734268E-06
 -2.22935728E-06 -2.84785051E-06  4.03103513E-06  2.84819864E-02 -8.50585941E-03
  9.79935280E-08 -7.80929611E-07 -7.52345954E-08  9.83446853E-08 -7.09315486E-08
  6.55403301E-06 -6.38898996E-07 -1.69249392E-06 -1.77091215E-06 -1.55499265E-06
  2.80195036E-06  1.62565727E-02 -1.23460386E-02 -5.78374602E-06 -4.89541030E-08
 -1.52062825E-07  7.55460083E-10 -1.39907200E-07  1.90719447E-07 -1.42588158E-06
  1.55531040E-07 -9.20354239E-07 -8.90317096E-07 -6.63310061E-07  2.51464689E-06
  1.91351008E-02 -1.02968039E-02  9.81913786E-07  0.00000000E+00  1.11913145E-07
  5.42567840E-08  4.26091296E-09 -2.75073972E-08  4.99146857E-09  4.01866928E-05
 -2.46259503E-07 -4.84288989E-07 -5.91368178E-07 -4.55932394E-07  2.10956387E-06
  3.44318859E-02 -1.07016014E-02 -8.11478276E-06  0.00000000E+00  0.00000000E+00
 -2.33300401E-08 -2.59236312E-08 -5.46601764E-10 -3.45608129E-08  1.23762014E-08
 -2.04919670E-05 -1.85531192E-07 -2.63202651E-07 -3.24188164E-07 -2.69730236E-07
  1.70632393E-06  2.65604164E-02 -2.13718973E-02  0.00000000E+00 -9.19235299E-06
  0.00000000E+00  0.00000000E+00 -1.17066215E-08 -1.26928432E-08 -2.61845101E-10
 -2.02539887E-08  1.32806139E-08  1.12349608E-06  2.85129659E-07 -1.45508466E-07
 -1.77243209E-07 -1.17067472E-07  1.33225171E-06  2.66684722E-02 -1.63804945E-02
  0.00000000E+00  0.00000000E+00 -1.27361579E-06  0.00000000E+00  0.00000000E+00
 -7.68199371E-09 -6.12266682E-09 -1.24579083E-10 -9.60642677E-09  1.18166605E-08
 -7.51936568E-07  1.94466878E-07 -6.77360603E-08 -8.22379675E-08 -5.06403026E-08
  6.21418678E-07  1.88205801E-02 -1.62589662E-02  0.00000000E+00  0.00000000E+00
  0.00000000E+00 -1.57629870E-06  0.00000000E+00  0.00000000E+00 -1.26031088E-08
 -1.06927023E-09 -5.89738328E-11 -4.53465798E-09  3.99941147E-09 -1.24492635E-06
  7.24949061E-08 -2.76327690E-08 -3.34724319E-08 -1.98711909E-08  2.48202980E-07
  1.96593311E-02 -1.11526484E-02  0.00000000E+00  0.00000000E+00  0.00000000E+00
  0.00000000E+00 -2.08278465E-07  0.00000000E+00  0.00000000E+00  0.00000000E+00
  6.92111479E-10 -2.77927212E-11 -2.12901785E-09 -1.06635289E-09 -8.85065887E-08
  1.10655360E-08 -1.16355467E-08 -1.52029092E-08 -7.08618453E-09  9.60899840E-08
  1.91546157E-02 -1.23699633E-02  0.00000000E+00  0.00000000E+00  0.00000000E+00
  0.00000000E+00  0.00000000E+00 -1.02286613E-07  0.00000000E+00  0.00000000E+00
  0.00000000E+00 -1.07728326E-09 -1.30259744E-11 -9.91759341E-10 -2.44901899E-09
 -1.54858615E-08 -6.56507027E-09 -5.02210762E-09 -6.66782185E-09 -2.39130582E-09
  3.72720201E-08  3.87376472E-02 -1.18926875E-02  0.00000000E+00  0.00000000E+00
  0.00000000E+00  0.00000000E+00  0.00000000E+00  4.64811279E-07 -2.11300588E-07
  0.00000000E+00  0.00000000E+00  0.00000000E+00 -4.32801350E-10 -5.18537080E-12
 -3.85803500E-10 -1.42174783E-09 -6.12982909E-09 -3.73663456E-09 -1.84910931E-09
 -2.17782858E-09  2.17730736E-10  1.20806849E-08  1.58930030E-02 -2.72154044E-02
  0.00000000E+00  0.00000000E+00  0.00000000E+00  0.00000000E+00  0.00000000E+00
  0.00000000E+00 -4.98393433E-08 -1.62099578E-08  0.00000000E+00  0.00000000E+00
  0.00000000E+00 -3.37708139E-10 -3.87954426E-12 -3.04017145E-10 -1.16002963E-09
 -4.42373915E-09 -2.47685072E-09 -1.25718913E-09 -1.24453980E-09  7.80774612E-10
  8.03427014E-09  2.03265958E-02 -7.95885734E-03  0.00000000E+00  0.00000000E+00
  0.00000000E+00  0.00000000E+00  0.00000000E+00  0.00000000E+00  0.00000000E+00
 -2.54007766E-08  0.00000000E+00  0.00000000E+00  0.00000000E+00  0.00000000E+00
 -8.64352478E-11 -1.13972861E-12 -7.57794244E-11 -2.68588624E-10 -9.27159183E-10
 -8.30738145E-10 -2.50942378E-10 -2.13157020E-10  1.64496916E-10  1.82756887E-09
  2.99147684E-02 -1.26116788E-02  0.00000000E+00  0.00000000E+00  0.00000000E+00
  0.00000000E+00  0.00000000E+00  0.00000000E+00  0.00000000E+00  0.00000000E+00
 -8.65835315E-09  0.00000000E+00  0.00000000E+00  0.00000000E+00  0.00000000E+00
 -3.17133889E-11 -3.78528182E-13 -2.33991403E-11 -8.05660400E-11 -2.93295499E-10
 -5.98648076E-11 -5.98481126E-11 -5.90263532E-11  4.65459962E-11  4.86890583E-10
  1.73496567E-02 -2.21420620E-02 -4.84903808E-07  0.00000000E+00  0.00000000E+00
  0.00000000E+00  0.00000000E+00  0.00000000E+00  0.00000000E+00  0.00000000E+00
  0.00000000E+00 -8.28294855E-09  0.00000000E+00  0.00000000E+00  0.00000000E+00
  0.00000000E+00 -3.01629381E-11 -3.46833619E-13 -1.95885946E-11 -6.53830740E-11
 -2.08461207E-10  2.48173870E-10 -6.96223981E-11 -3.88021212E-11  4.01253752E-11
  3.87720051E-10  1.80473123E-02 -9.53542162E-03  0.00000000E+00  0.00000000E+00
  0.00000000E+00  0.00000000E+00  0.00000000E+00  0.00000000E+00  0.00000000E+00
  0.00000000E+00  0.00000000E+00  0.00000000E+00 -3.95876087E-09  0.00000000E+00
  0.00000000E+00  0.00000000E+00  0.00000000E+00 -1.36954562E-11 -1.54046616E-13
 -6.94144091E-12 -2.10791662E-11 -9.81088127E-11  1.34358330E-10 -3.18257053E-11
 -9.16901364E-12  1.75998938E-11  1.43992873E-10  1.96392089E-02 -1.01928599E-02
  0.00000000E+00  0.00000000E+00  0.00000000E+00  0.00000000E+00  0.00000000E+00
  0.00000000E+00  0.00000000E+00  0.00000000E+00  0.00000000E+00  0.00000000E+00
  0.00000000E+00 -1.42738610E-09  0.00000000E+00  0.00000000E+00  0.00000000E+00
  0.00000000E+00 -4.85290540E-12 -2.39601989E-14 -3.02973532E-12 -1.87489282E-12
 -1.90426494E-11  2.34417735E-10 -6.86532740E-14  3.20956824E-12  6.91016949E-12
  2.86744448E-11  1.93535853E-02 -1.17610004E-02  0.00000000E+00  0.00000000E+00
  0.00000000E+00  0.00000000E+00  0.00000000E+00  0.00000000E+00  0.00000000E+00
  0.00000000E+00  0.00000000E+00  0.00000000E+00  0.00000000E+00  0.00000000E+00
 -7.05489667E-10  0.00000000E+00  0.00000000E+00  0.00000000E+00  0.00000000E+00
 -1.68152514E-12  0.00000000E+00 -1.93756101E-12  3.35106530E-12 -5.71693170E-12
  1.76162585E-10  5.28752457E-14  1.21988454E-12  2.60218323E-12  9.86643579E-12
  4.59045346E-04  1.46740302E-02 -1.14622526E-02  0.00000000E+00  0.00000000E+00
  0.00000000E+00  0.00000000E+00  0.00000000E+00  0.00000000E+00  0.00000000E+00
  0.00000000E+00  0.00000000E+00  0.00000000E+00  0.00000000E+00  0.00000000E+00
  0.00000000E+00 -4.33591413E-10  0.00000000E+00  0.00000000E+00  0.00000000E+00
  0.00000000E+00  0.00000000E+00  0.00000000E+00 -1.06943729E-12  6.73673617E-12
 -2.62503994E-13 -1.05489567E-11 -1.00507329E-14  0.00000000E+00  1.06152858E-12
  3.67324616E-21  1.45663884E-10 -3.59702436E-03  8.02683830E-03 -6.77357800E-03
  0.00000000E+00  0.00000000E+00  0.00000000E+00  0.00000000E+00  0.00000000E+00
  0.00000000E+00  0.00000000E+00  0.00000000E+00  0.00000000E+00  0.00000000E+00
  0.00000000E+00  0.00000000E+00  0.00000000E+00  0.00000000E+00 -1.84121371E-10
  0.00000000E+00  0.00000000E+00  0.00000000E+00  0.00000000E+00  0.00000000E+00
  0.00000000E+00 -1.48180676E-13 -4.21360700E-13 -5.84278922E-14  1.92324229E-11
  1.41142047E-22  0.00000000E+00  1.22978721E-13  4.19601527E-22 -1.54151982E-02
  1.23181650E-02 -3.95621755E-04  0.00000000E+00  0.00000000E+00  0.00000000E+00
  0.00000000E+00  0.00000000E+00  0.00000000E+00  0.00000000E+00  0.00000000E+00
  0.00000000E+00  0.00000000E+00  0.00000000E+00  0.00000000E+00  0.00000000E+00
  0.00000000E+00  0.00000000E+00 -6.30043587E-12  0.00000000E+00  0.00000000E+00
  0.00000000E+00  0.00000000E+00  0.00000000E+00  0.00000000E+00  0.00000000E+00
 -2.07779452E-14  0.00000000E+00  3.26915751E-12  2.35313103E-02 -6.41501800E-04
 -4.18553121E-08  0.00000000E+00  0.00000000E+00  0.00000000E+00  0.00000000E+00
  0.00000000E+00  0.00000000E+00  0.00000000E+00  0.00000000E+00  0.00000000E+00
  0.00000000E+00  0.00000000E+00  0.00000000E+00  0.00000000E+00  0.00000000E+00
  0.00000000E+00 -1.66821892E-13
->       8      12       1       2                                 <-   
SCAT-SAVED                                                                      
         1         1
->       8      12       2       8                                 <-   
LAMBDA-D                                                                        
  1.24666998E-02  2.82917004E-02  4.25244011E-02  1.33041993E-01  2.92467207E-01
  6.66487694E-01  1.63478100E+00  3.55460000E+00
->      -8       0       0       0                                 <-   
->       6      12       3       3                                 <-   
SIGNATURE                                                                       
         4         4         4
L_LIBRARY   
->       6      12       1      40                                 <-   
STATE-VECTOR                                                                    
         1         1        33         2         0         0         1         0
         0         0         0         0        12         1         0         0
         0         1         8         0         0         1         0         0
         0         0         0         0         0         0         0         0
         0         0         0         0         0         0         0         0
->       6      12       1       1                                 <-   
ISOTOPESMIX                                                                     
         1
->       6      12       3       3                                 <-   
ISOTOPESUSED                                                                    
         4         4         4
*MAC*RES    
->       6      12       3       3                                 <-   
ISOTOPERNAME                                                                    
         4         4         4
*MAC*RES    
->       6      12       2       1                                 <-   
ISOTOPESDENS                                                                    
  1.00000000E+00
->       6      12       1       1                                 <-   
ISOTOPESTYPE                                                                    
         1
->       6      12       1       1                                 <-   
ISOTOPESTODO                                                                    
         1
->       6      12       2       1                                 <-   
ISOTOPESVOL                                                                     
  2.34294758E+01
->       6      12       2       1                                 <-   
ISOTOPESTEMP                                                                    
  7.13160034E+02
->       6      12       2       1                                 <-   
MIXTURESVOL                                                                     
  2.34294758E+01
->       6      12       2       1                                 <-   
K-EFFECTIVE                                                                     
  1.00000000E+00
->       6      12       2       1                                 <-   
K-INFINITY                                                                      
  1.32188225E+00
->       6      12       2       1                                 <-   
B2  B1HOM                                                                       
  9.42750368E-04
->       6      12       3      24                                 <-   
ADDXSNAME-P0                                                                    
         4         4         4         4         4         4         4         4
         4         4         4         4         4         4         4         4
         4         4         4         4         4         4         4         4
NFTOT   NG      N2N     N3N     N4N     NA      NP      N2A     NNP     ND      
NT      TRANC   
->       6      12       2      34                                 <-   
ENERGY                                                                          
  1.96403300E+07  1.00000000E+07  6.06530700E+06  3.67879400E+06  2.23130200E+06
  1.35335300E+06  8.20850000E+05  4.97870688E+05  3.01973812E+05  1.83156406E+05
  1.11090000E+05  6.73794688E+04  4.08677109E+04  2.47875195E+04  1.50343896E+04
  9.11882031E+03  5.53084424E+03  3.35462598E+03  2.03468396E+03  1.23409802E+03
  7.48518311E+02  4.53999298E+02  3.04324799E+02  1.48575897E+02  9.16608810E+01
  6.79040527E+01  4.01689987E+01  2.26032906E+01  1.37095900E+01  8.31528664E+00
  4.00000000E+00  5.40000975E-01  1.00000098E-01  1.10002802E-04
->       6      12       2      33                                 <-   
DELTAU                                                                          
  6.75000012E-01  4.99999970E-01  5.00000179E-01  4.99999672E-01  5.00000060E-01
  5.00000119E-01  5.00000060E-01  5.00000119E-01  4.99999821E-01  4.99999762E-01
  5.00000358E-01  5.00000060E-01  5.00000060E-01  5.00000060E-01  4.99999762E-01
  4.99999970E-01  5.00000179E-01  4.99999762E-01  5.00000119E-01  4.99999970E-01
  5.00000060E-01  4.00000095E-01  7.16999590E-01  4.83000249E-01  2.99999952E-01
  5.25000155E-01  5.75000048E-01  4.99999881E-01  4.99999970E-01  7.31801212E-01
  2.00247860E+00  1.68639970E+00  6.81242085E+00
->      -6       0       0       0                                 <-   
->       5       0       0      -1                                 <-   00000023
->       6      12      10       1                                 <-   
ISOTOPESLIST                                                                    
->       7       0       0      -1                                 <-   00000001
->       8      12       3       3                                 <-   
ALIAS                                                                           
         4         4         4
*MAC*RES0001
->       8      12       2       1                                 <-   
AWR                                                                             
  2.11350708E+01
->       8      12       2      33                                 <-   
NWT0                                                                            
  6.22724883E-06  9.06091955E-05  5.24839910E-04  6.93885237E-03  3.14341262E-02
  5.58397844E-02  1.44751623E-01  1.11577109E-01  1.19313933E-01  1.15617402E-01
  1.09395847E-01  1.06577590E-01  7.75893107E-02  9.92848054E-02  8.22888836E-02
  5.64101934E-02  6.44719973E-02  5.85252829E-02  5.36834151E-02  3.69696692E-02
  3.00490260E-02  1.56443156E-02  2.52611097E-02  1.13411220E-02  5.20861568E-03
  6.35021273E-03  3.95945739E-03  2.18217843E-03  1.34976301E-03  1.09179562E-03
  7.90114282E-04  4.02893493E-05  1.79997824E-06
->       8      12       2      33                                 <-   
NTOT0                                                                           
  5.56824923E-01  6.35865152E-01  8.17948818E-01  7.92295635E-01  6.10066056E-01
  5.63911557E-01  5.60801804E-01  6.96709394E-01  8.51245642E-01  1.02175403E+00
  1.40044701E+00  1.11863208E+00  1.24754202E+00  1.17564082E+00  1.24093735E+00
  1.37686038E+00  1.30950165E+00  1.30979717E+00  1.27128959E+00  1.29412401E+00
  1.29065192E+00  1.40646100E+00  1.30794275E+00  1.30929434E+00  1.30744576E+00
  1.31548786E+00  1.31020534E+00  1.31140387E+00  1.31253731E+00  1.31365275E+00
  1.31659985E+00  1.32669342E+00  1.35168529E+00
->       8      12       2      33                                 <-   
NG                                                                              
  1.81236828E-04  8.77820421E-05  7.76073284E-05  1.30905959E-04  9.95820956E-05
  1.34095142E-04  2.96474958E-04  1.91788422E-04  1.51595028E-04  3.38692247E-04
  4.27259598E-04  2.34143634E-04  3.66643973E-04  2.17280613E-04  3.57442535E-04
  4.67816164E-04  3.09951691E-04  3.06854578E-04  7.52707536E-04  5.84532181E-03
  5.58841799E-04  2.25674897E-03  7.87287194E-04  1.63494481E-03  1.20238110E-03
  4.33442649E-03  1.61132601E-03  2.07050634E-03  2.79362057E-03  3.61368665E-03
  6.24515349E-03  1.54827237E-02  3.62729616E-02
->       8      12       2      33                                 <-   
N2N                                                                             
  1.74327657E-01  1.25072245E-02  0.00000000E+00  0.00000000E+00  0.00000000E+00
  0.00000000E+00  0.00000000E+00  0.00000000E+00  0.00000000E+00  0.00000000E+00
  0.00000000E+00  0.00000000E+00  0.00000000E+00  0.00000000E+00  0.00000000E+00
  0.00000000E+00  0.00000000E+00  0.00000000E+00  0.00000000E+00  0.00000000E+00
  0.00000000E+00  0.00000000E+00  0.00000000E+00  0.00000000E+00  0.00000000E+00
  0.00000000E+00  0.00000000E+00  0.00000000E+00  0.00000000E+00  0.00000000E+00
  0.00000000E+00  0.00000000E+00  0.00000000E+00
->       8      12       2      33                                 <-   
N3N                                                                             
  4.32067027E-04  0.00000000E+00  0.00000000E+00  0.00000000E+00  0.00000000E+00
  0.00000000E+00  0.00000000E+00  0.00000000E+00  0.00000000E+00  0.00000000E+00
  0.00000000E+00  0.00000000E+00  0.00000000E+00  0.00000000E+00  0.00000000E+00
  0.00000000E+00  0.00000000E+00  0.00000000E+00  0.00000000E+00  0.00000000E+00
  0.00000000E+00  0.00000000E+00  0.00000000E+00  0.00000000E+00  0.00000000E+00
  0.00000000E+00  0.00000000E+00  0.00000000E+00  0.00000000E+00  0.00000000E+00
  0.00000000E+00  0.00000000E+00  0.00000000E+00
->       8      12       2      33                                 <-   
NA                                                                              
  6.68446126E-04  2.64672650E-04  3.65503038E-05  2.47509365E-06  2.87013194E-07
  3.38040032E-08  5.48208545E-09  6.72824574E-10  6.40358433E-10  7.01692870E-10
  7.32844507E-10  7.31805117E-10  7.98364819E-10  1.07317422E-09  1.57157365E-09
  2.09036544E-09  2.63435518E-09  3.47564777E-09  5.12710230E-09  6.15153617E-09
  4.03868894E-09  2.71083156E-09  6.68623956E-09  1.22337225E-08  1.44614773E-08
  1.73646146E-08  2.26561756E-08  2.94774889E-08  3.77487090E-08  5.09139504E-08
  8.76203146E-08  2.16555151E-07  5.07088146E-07
->       8      12       2      33                                 <-   
NP                                                                              
  2.57811532E-03  1.74143957E-03  7.42872362E-04  2.11661449E-04  3.82121325E-05
  5.22543633E-06  1.24467036E-07  4.27280683E-10  7.21597056E-19  1.95925754E-19
  4.97717119E-21  0.00000000E+00  0.00000000E+00  0.00000000E+00  0.00000000E+00
  0.00000000E+00  0.00000000E+00  0.00000000E+00  0.00000000E+00  0.00000000E+00
  0.00000000E+00  0.00000000E+00  0.00000000E+00  0.00000000E+00  0.00000000E+00
  0.00000000E+00  0.00000000E+00  0.00000000E+00  0.00000000E+00  0.00000000E+00
  0.00000000E+00  0.00000000E+00  0.00000000E+00
->       8      12       2      33                                 <-   
N2A                                                                             
  1.28955700E-12  0.00000000E+00  0.00000000E+00  0.00000000E+00  0.00000000E+00
  0.00000000E+00  0.00000000E+00  0.00000000E+00  0.00000000E+00  0.00000000E+00
  0.00000000E+00  0.00000000E+00  0.00000000E+00  0.00000000E+00  0.00000000E+00
  0.00000000E+00  0.00000000E+00  0.00000000E+00  0.00000000E+00  0.00000000E+00
  0.00000000E+00  0.00000000E+00  0.00000000E+00  0.00000000E+00  0.00000000E+00
  0.00000000E+00  0.00000000E+00  0.00000000E+00  0.00000000E+00  0.00000000E+00
  0.00000000E+00  0.00000000E+00  0.00000000E+00
->       8      12       2      33                                 <-   
NNP                                                                             
  4.34062415E-04  6.67607409E-08  0.00000000E+00  0.00000000E+00  0.00000000E+00
  0.00000000E+00  0.00000000E+00  0.00000000E+00  0.00000000E+00  0.00000000E+00
  0.00000000E+00  0.00000000E+00  0.00000000E+00  0.00000000E+00  0.00000000E+00
  0.00000000E+00  0.00000000E+00  0.00000000E+00  0.00000000E+00  0.00000000E+00
  0.00000000E+00  0.00000000E+00  0.00000000E+00  0.00000000E+00  0.00000000E+00
  0.00000000E+00  0.00000000E+00  0.00000000E+00  0.00000000E+00  0.00000000E+00
  0.00000000E+00  0.00000000E+00  0.00000000E+00
->       8      12       2      33                                 <-   
ND                                                                              
  4.22090416E-05  1.60633846E-07  1.67159930E-15  0.00000000E+00  0.00000000E+00
  0.00000000E+00  0.00000000E+00  0.00000000E+00  0.00000000E+00  0.00000000E+00
  0.00000000E+00  0.00000000E+00  0.00000000E+00  0.00000000E+00  0.00000000E+00
  0.00000000E+00  0.00000000E+00  0.00000000E+00  0.00000000E+00  0.00000000E+00
  0.00000000E+00  0.00000000E+00  0.00000000E+00  0.00000000E+00  0.00000000E+00
  0.00000000E+00  0.00000000E+00  0.00000000E+00  0.00000000E+00  0.00000000E+00
  0.00000000E+00  0.00000000E+00  0.00000000E+00
->       8      12       2      33                                 <-   
NT                                                                              
  1.49865264E-06  1.37800693E-16  0.00000000E+00  0.00000000E+00  0.00000000E+00
  0.00000000E+00  0.00000000E+00  0.00000000E+00  0.00000000E+00  0.00000000E+00
  0.00000000E+00  0.00000000E+00  0.00000000E+00  0.00000000E+00  0.00000000E+00
  0.00000000E+00  0.00000000E+00  0.00000000E+00  0.00000000E+00  0.00000000E+00
  0.00000000E+00  0.00000000E+00  0.00000000E+00  0.00000000E+00  0.00000000E+00
  0.00000000E+00  0.00000000E+00  0.00000000E+00  0.00000000E+00  0.00000000E+00
  0.00000000E+00  0.00000000E+00  0.00000000E+00
->       8      12       2      33                                 <-   
H-FACTOR                                                                        
  1.28134909E-16  6.70359742E-17  6.74776026E-17  1.14574348E-16  9.96053373E-17
  1.30745822E-16  2.48720955E-16  1.96036339E-16  1.91884554E-16  3.29534251E-16
  4.35583146E-16  2.94644884E-16  4.78084295E-16  2.88650432E-16  5.02928089E-16
  6.96703234E-16  4.45701537E-16  4.20109787E-16  1.01191935E-15  7.27044716E-15
  7.07710956E-16  3.31897494E-15  1.09018942E-15  1.96961821E-15  1.60261154E-15
  6.18147365E-15  2.12624709E-15  2.72081255E-15  3.62246430E-15  4.74398675E-15
  8.19640071E-15  2.03177895E-14  4.75997348E-14
->       8      12       2      33                                 <-   
OVERV                                                                           
  2.13683404E-10  2.69829242E-10  3.46059570E-10  4.49398213E-10  5.59137514E-10
  7.08612335E-10  9.25800547E-10  1.16418108E-09  1.48956325E-09  1.93161043E-09
  2.47998688E-09  3.15568216E-09  4.04095113E-09  5.15358378E-09  6.66603794E-09
  8.65103811E-09  1.10358718E-08  1.40990215E-08  1.81450517E-08  2.33123068E-08
  2.98563485E-08  3.71198432E-08  4.92565917E-08  6.66167921E-08  8.12368626E-08
  9.91025217E-08  1.30554028E-07  1.71086413E-07  2.19609674E-07  2.96532875E-07
  5.10584698E-07  1.26288171E-06  2.96277949E-06
->       8      12       2      33                                 <-   
STRD                                                                            
  4.49167848E-01  4.73150671E-01  5.68292916E-01  7.22187340E-01  6.80267692E-01
  6.77799582E-01  6.78654194E-01  8.25674236E-01  1.10679233E+00  1.34664440E+00
  1.77259052E+00  1.52514482E+00  1.64331770E+00  1.60005307E+00  1.69703662E+00
  1.86431754E+00  1.75970399E+00  1.76066017E+00  1.70751989E+00  1.74298990E+00
  1.70321000E+00  1.78631294E+00  1.64833760E+00  1.59196460E+00  1.51684880E+00
  1.48015761E+00  1.44689083E+00  1.42798650E+00  1.39584637E+00  1.39416182E+00
  1.42824984E+00  1.37464690E+00  1.57444549E+00
->       8      12       2      33                                 <-   
SIGS00                                                                          
  7.27989376E-01  6.46239400E-01  8.17052841E-01  7.91928709E-01  6.09922051E-01
  5.63772976E-01  5.60504735E-01  6.96517289E-01  8.51094127E-01  1.02141523E+00
  1.40001893E+00  1.11839771E+00  1.24717498E+00  1.17542338E+00  1.24058044E+00
  1.37639260E+00  1.30919123E+00  1.30949056E+00  1.27053785E+00  1.28827858E+00
  1.29009199E+00  1.40420413E+00  1.30715549E+00  1.30765927E+00  1.30624354E+00
  1.31115317E+00  1.30859494E+00  1.30933428E+00  1.30974376E+00  1.31003892E+00
  1.31035459E+00  1.31121087E+00  1.31541121E+00
->       8      12       1      33                                 <-   
NJJS00                                                                          
         1         2         3         4         5         6         7         8
         9        10        11        12        13        14        15        16
        17        18        19        20        21        22        23        24
        25        26        27        28        29        31        33        33
        33
->       8      12       1      33                                 <-   
IJJS00                                                                          
         1         2         3         4         5         6         7         8
         9        10        11        12        13        14        15        16
        17        18        19        20        21        22        23        24
        25        26        27        28        29        31        33        33
        33
->       8      12       2     565                                 <-   
SCAT00                                                                          
  2.74862915E-01  3.54444802E-01  2.48551648E-02  6.03564918E-01  2.20749378E-02
  4.11807634E-02  7.35911250E-01  2.60294359E-02  6.05937950E-02  8.15456361E-02
  5.84192693E-01  3.37225907E-02  4.42310944E-02  8.50483999E-02  1.07959099E-01
  5.43705642E-01  1.82678849E-02  5.83866797E-03  6.06717244E-02  5.66353388E-02
  8.60069916E-02  5.50874650E-01  1.54056447E-02  5.62091451E-03  5.80513198E-03
  3.87098417E-02  3.40745710E-02  5.50920852E-02  6.77807212E-01  9.51851346E-03
  1.74079754E-03  1.07799040E-03  4.65181889E-03  2.27695312E-02  1.79031622E-02
  2.96415240E-02  8.30379367E-01  1.86380073E-02  5.32939121E-05  1.61397934E-03
  3.77653894E-04  2.98426184E-03  1.19438097E-02  8.48856568E-03  1.41903246E-02
  9.96239543E-01  2.06679460E-02  3.28313108E-05  4.42434139E-05  7.69901089E-04
  2.09117483E-04  1.86032255E-03  5.04488591E-03  3.79276811E-03  6.57552155E-03
  1.37198079E+00  2.51584109E-02  3.34467295E-05  2.13238218E-05  6.70183817E-06
  2.98704050E-04  9.73592541E-05  7.15709175E-04  2.30743620E-03  1.71506614E-03
  3.13606882E-03  1.09112024E+00  2.80331597E-02  7.61469619E-06  1.28334204E-05
  8.97794871E-06  3.74082811E-06  1.15586510E-04  4.37789822E-05  2.70713877E-04
  1.03003858E-03  7.61856558E-04  1.49768381E-03  1.20584750E+00  2.72756051E-02
  2.89039235E-06  6.40774897E-06  3.97677780E-07  5.04791251E-06  1.67851306E-06
  3.49446564E-05  1.93600681E-05  1.04143219E-04  4.39299503E-04  3.63912986E-04
  7.41085445E-04  1.14634287E+00  4.10948321E-02  2.39290102E-06  1.04213620E-06
  1.90520564E-06  1.28584119E-07  2.35810785E-06  9.39958625E-07  1.98996331E-05
  8.62607521E-06  4.01554571E-05  1.83542274E-04  1.76546760E-04  3.70313646E-04
  1.21061754E+00  2.86053233E-02  2.32816092E-04  0.00000000E+00  6.06504727E-07
  7.75076842E-07  5.39067742E-08  9.03933710E-07  4.71005023E-07  4.11836409E-05
  3.73533999E-06  1.49765146E-05  7.46408696E-05  8.48568088E-05  1.92769556E-04
  1.33396780E+00  2.99622193E-02  2.57256208E-04  0.00000000E+00  0.00000000E+00
  2.63022713E-07  3.31066701E-07  2.10982023E-08  3.68995131E-07  2.13185984E-07
  1.97491427E-05  1.60001741E-06  5.60218405E-06  3.11851072E-05  4.25632934E-05
  8.65247639E-05  1.27425730E+00  4.24243100E-02  0.00000000E+00  1.41204131E-04
  0.00000000E+00  0.00000000E+00  1.00847025E-07  1.24612612E-07  7.87466892E-09
  1.37855750E-07  1.05652774E-07  4.55354166E-06  7.90428203E-07  2.10193480E-06
  1.24853632E-05  2.05083215E-05  3.37015153E-05  1.27546930E+00  3.49338353E-02
  0.00000000E+00  0.00000000E+00  4.93056650E-05  0.00000000E+00  0.00000000E+00
  3.76964664E-08  4.65532750E-08  2.92532620E-09  5.12341600E-08  5.46321104E-08
  1.91338381E-06  4.35768612E-07  7.91581954E-07  5.03047522E-06  9.40581867E-06
  1.30136532E-05  1.23970258E+00  3.40211578E-02  0.00000000E+00  0.00000000E+00
  0.00000000E+00  1.84990713E-05  0.00000000E+00  0.00000000E+00  4.81585216E-09
  1.77236537E-08  1.08419784E-09  1.90691392E-08  2.72231002E-08  6.74434375E-07
  2.32968617E-07  3.01515087E-07  2.04806156E-06  4.23061419E-06  4.96402708E-06
  1.25647390E+00  3.08347866E-02  0.00000000E+00  0.00000000E+00  0.00000000E+00
  0.00000000E+00  6.12887834E-06  0.00000000E+00  0.00000000E+00  0.00000000E+00
  7.76332421E-09  4.01639166E-10  7.12749015E-09  1.26842261E-08  8.54722160E-08
  1.17448295E-07  1.17560703E-07  8.73818635E-07  1.94206223E-06  1.89619755E-06
  1.25890064E+00  3.18046175E-02  0.00000000E+00  0.00000000E+00  0.00000000E+00
  0.00000000E+00  0.00000000E+00  2.31750073E-06  0.00000000E+00  0.00000000E+00
  0.00000000E+00  3.20591242E-09  1.48963869E-10  2.68576850E-09  5.53799584E-09
  2.60380180E-08  5.47842092E-08  4.71756785E-08  4.01655910E-07  9.70970632E-07
  7.32044498E-07  1.35425174E+00  3.11916117E-02  0.00000000E+00  0.00000000E+00
  0.00000000E+00  0.00000000E+00  0.00000000E+00  3.33530892E-07  5.34896003E-07
  0.00000000E+00  0.00000000E+00  0.00000000E+00  1.04247710E-09  4.82349022E-11
  8.93028096E-10  2.04216244E-09  8.98095909E-09  2.15922871E-08  1.68883947E-08
  1.69781899E-07  5.02323303E-07  2.47574320E-07  1.28716457E+00  4.99518961E-02
  0.00000000E+00  0.00000000E+00  0.00000000E+00  0.00000000E+00  0.00000000E+00
  0.00000000E+00  7.01240708E-07  1.18450210E-08  0.00000000E+00  0.00000000E+00
  0.00000000E+00  6.64925615E-10  3.05500174E-11  5.86083904E-10  1.45968171E-09
  6.27737773E-09  1.77637727E-08  1.23816521E-08  1.51655527E-07  4.61711096E-07
  1.65151590E-07  1.27649164E+00  1.99913587E-02  0.00000000E+00  0.00000000E+00
  0.00000000E+00  0.00000000E+00  0.00000000E+00  0.00000000E+00  0.00000000E+00
  1.41293185E-07  0.00000000E+00  0.00000000E+00  0.00000000E+00  0.00000000E+00
  1.36121531E-10  6.11891961E-12  1.27021629E-10  3.48382850E-10  1.49886292E-09
  5.00558484E-09  3.02370706E-09  4.58456668E-08  1.14754165E-07  3.58261047E-08
  1.25279617E+00  3.11670471E-02  0.00000000E+00  0.00000000E+00  0.00000000E+00
  0.00000000E+00  0.00000000E+00  0.00000000E+00  0.00000000E+00  0.00000000E+00
  3.95250552E-08  0.00000000E+00  0.00000000E+00  0.00000000E+00  0.00000000E+00
  3.89549469E-11  1.78154746E-12  3.92937141E-11  1.14637674E-10  4.80218809E-10
  1.82784510E-09  9.66013602E-10  1.59505742E-08  3.53014542E-08  1.08899227E-08
  1.28573835E+00  5.34473881E-02  5.52870972E-07  0.00000000E+00  0.00000000E+00
  0.00000000E+00  0.00000000E+00  0.00000000E+00  0.00000000E+00  0.00000000E+00
  0.00000000E+00  3.15750128E-08  0.00000000E+00  0.00000000E+00  0.00000000E+00
  0.00000000E+00  3.26410773E-11  1.45810740E-12  3.54810209E-11  1.09395853E-10
  4.57555799E-10  1.87779325E-09  9.68322755E-10  1.53250639E-08  2.99075857E-08
  9.61569402E-09  1.28337860E+00  2.54146699E-02  0.00000000E+00  0.00000000E+00
  0.00000000E+00  0.00000000E+00  0.00000000E+00  0.00000000E+00  0.00000000E+00
  0.00000000E+00  0.00000000E+00  0.00000000E+00  1.18533077E-08  0.00000000E+00
  0.00000000E+00  0.00000000E+00  0.00000000E+00  1.35933513E-11  5.84266305E-13
  1.64164134E-11  5.43981284E-11  2.09043810E-10  9.37763311E-10  4.97352992E-10
  7.39437844E-09  1.22614718E-08  4.31074065E-09  1.28056526E+00  2.52161939E-02
  0.00000000E+00  0.00000000E+00  0.00000000E+00  0.00000000E+00  0.00000000E+00
  0.00000000E+00  0.00000000E+00  0.00000000E+00  0.00000000E+00  0.00000000E+00
  0.00000000E+00  3.61276520E-09  0.00000000E+00  0.00000000E+00  0.00000000E+00
  0.00000000E+00  4.75568586E-12  1.74145773E-13  5.80804675E-12  2.19412526E-11
  8.22752977E-11  4.09187711E-10  1.79741319E-10  2.82148926E-09  4.03340916E-09
  1.05875031E-09  1.28107929E+00  2.87687555E-02  0.00000000E+00  0.00000000E+00
  0.00000000E+00  0.00000000E+00  0.00000000E+00  0.00000000E+00  0.00000000E+00
  0.00000000E+00  0.00000000E+00  0.00000000E+00  0.00000000E+00  0.00000000E+00
  1.38091982E-09  0.00000000E+00  0.00000000E+00  0.00000000E+00  0.00000000E+00
  1.80612719E-12  6.71791114E-14  2.52393527E-12  1.11757860E-11  1.18755917E-11
  2.08370751E-10  1.05747133E-10  1.40673839E-09  1.70730163E-09  6.06047657E-10
  5.60383033E-03  1.28957427E+00  2.86644083E-02  0.00000000E+00  0.00000000E+00
  0.00000000E+00  0.00000000E+00  0.00000000E+00  0.00000000E+00  0.00000000E+00
  0.00000000E+00  0.00000000E+00  0.00000000E+00  0.00000000E+00  0.00000000E+00
  0.00000000E+00  6.61656507E-10  0.00000000E+00  0.00000000E+00  0.00000000E+00
  0.00000000E+00  0.00000000E+00  3.78954680E-14  1.57382159E-12  7.70162753E-12
  9.67073752E-13  9.91196153E-11  8.40531741E-11  8.04605937E-10  9.54605284E-10
  4.48310888E-10 -1.84654375E-10  3.57940421E-02  1.30110955E+00  2.04646029E-02
  0.00000000E+00  0.00000000E+00  0.00000000E+00  0.00000000E+00  0.00000000E+00
  0.00000000E+00  0.00000000E+00  0.00000000E+00  0.00000000E+00  0.00000000E+00
  0.00000000E+00  0.00000000E+00  0.00000000E+00  0.00000000E+00  2.50659438E-10
  0.00000000E+00  0.00000000E+00  0.00000000E+00  0.00000000E+00  0.00000000E+00
  1.86763277E-14  2.64771603E-13  2.49356482E-12  2.77842121E-13  5.41097930E-11
  6.72698494E-11  6.45101250E-10  4.48448029E-10  3.41929624E-10  1.08603157E-01
  1.26812923E+00  3.64084705E-03  0.00000000E+00  0.00000000E+00  0.00000000E+00
  0.00000000E+00  0.00000000E+00  0.00000000E+00  0.00000000E+00  0.00000000E+00
  0.00000000E+00  0.00000000E+00  0.00000000E+00  0.00000000E+00  0.00000000E+00
  0.00000000E+00  0.00000000E+00  1.18822348E-11  0.00000000E+00  0.00000000E+00
  0.00000000E+00  0.00000000E+00  0.00000000E+00  1.35989573E-15  8.79280127E-16
  1.45987064E-13  4.88684817E-15  2.36799968E-12  7.51300411E-12  8.17984985E-11
  4.34820686E-11  3.87544094E-11  1.20680857E+00  7.28755724E-03  1.63857266E-07
  0.00000000E+00  0.00000000E+00  0.00000000E+00  0.00000000E+00  0.00000000E+00
  0.00000000E+00  0.00000000E+00  0.00000000E+00  0.00000000E+00  0.00000000E+00
  0.00000000E+00  0.00000000E+00  0.00000000E+00  0.00000000E+00  0.00000000E+00
  1.45516173E-12  0.00000000E+00  0.00000000E+00  0.00000000E+00  0.00000000E+00
  0.00000000E+00  2.10972852E-16  1.47785915E-16  1.36155697E-15  2.33654938E-16
  1.16507647E-13  9.26956320E-13  6.06279220E-12  1.51133988E-12  4.03913708E-12
->       8      12       2      33                                 <-   
SIGS01                                                                          
  2.34028190E-01  2.83900768E-01  4.03772026E-01  2.90198624E-01  1.47140384E-01
  1.10163070E-01  9.36713889E-02  8.98570418E-02  8.16947147E-02  6.40015751E-02
  5.73844910E-02  3.20516899E-02  2.51941159E-02  1.41642075E-02  1.10320253E-02
  1.05178738E-02  8.12056474E-03  7.48390285E-03  6.32924493E-03  6.05592551E-03
  5.92346303E-03  7.24168587E-03  6.00343896E-03  5.95515687E-03  5.97595936E-03
  5.99069288E-03  6.00445271E-03  6.01261854E-03  6.01714803E-03  6.02034526E-03
  6.35539042E-03  6.38823863E-03  6.42579701E-03
->       8      12       1      33                                 <-   
NJJS01                                                                          
         1         2         3         4         5         6         7         8
         9        10        11        12        13        14        15        16
        17        18        19        20        21        22        23        24
        25        26        27        28        29        31        33        29
        19
->       8      12       1      33                                 <-   
IJJS01                                                                          
         1         2         3         4         5         6         7         8
         9        10        11        12        13        14        15        16
        17        18        19        20        21        22        23        24
        25        26        27        28        29        31        33        33
        33
->       8      12       2     547                                 <-   
SCAT01                                                                          
  2.19952717E-01  2.77664393E-01  4.45210095E-03  4.03594106E-01  1.80652866E-03
  3.67687084E-03  2.97162414E-01 -2.44410546E-03  2.27622222E-03  2.91000120E-03
  1.51083872E-01 -6.82817772E-03  1.29348761E-03  1.08721468E-03  1.48966617E-03
  1.13809399E-01 -4.01321845E-03 -1.96124354E-04  4.36671166E-04  5.57098771E-04
  8.23024835E-04  9.63087082E-02 -3.80716985E-03  2.20633781E-04  1.01662818E-05
  4.85605124E-04  3.02091445E-04  4.90952458E-04  9.57416818E-02 -2.63851136E-03
  1.35544266E-04 -1.55929010E-04  2.93821704E-05  6.14956734E-05  1.15162162E-04
  1.62514756E-04  8.89997706E-02 -5.88387391E-03  2.01511079E-06  2.31679169E-05
  4.58916293E-06  3.98519296E-05  1.58101815E-04  6.93343318E-05  5.71137061E-05
  7.18819350E-02 -7.30425632E-03 -7.51916161E-07 -1.08416327E-06  6.22768903E-06
  5.57331873E-07 -4.89808235E-06  9.43829800E-05  8.43578391E-07 -2.13182411E-05
  6.59880042E-02 -7.88062904E-03 -2.22245617E-07 -8.42098302E-08  2.07841254E-07
  6.96954430E-06  4.18235800E-07 -7.56458758E-06  5.09336351E-05  7.50523304E-06
  1.43121924E-05  4.09707427E-02 -8.60352628E-03  4.86368208E-07 -5.60190358E-07
  1.13649570E-07 -2.14779075E-08 -1.78026858E-05 -2.52902964E-07 -3.36056019E-06
  3.03374072E-05  1.02409567E-05  1.78417340E-05  3.87522914E-02 -8.91709793E-03
  2.85739166E-08 -1.48250791E-07 -2.95061469E-08  4.99624271E-08 -1.85779339E-08
  1.84897885E-06 -2.24792714E-07 -1.31903732E-06  7.48333241E-06 -1.31675236E-07
 -3.21870834E-06  2.34354082E-02 -1.35545200E-02 -1.94967038E-06 -1.18264678E-08
 -4.48406574E-08  1.39891876E-10 -5.43576029E-08  5.33738067E-08 -3.72506946E-07
 -1.16386900E-11 -8.76648812E-07  3.28834813E-06  2.28175440E-06  8.93992637E-06
  2.06107534E-02 -9.26990807E-03 -3.65906408E-06  0.00000000E+00  9.92122384E-09
 -3.76520060E-09  7.89011967E-10 -2.06412967E-08  1.75342896E-09  1.13078831E-05
 -7.35240064E-08 -4.27451312E-07  2.85800297E-07  1.41084195E-06  3.09559778E-06
  2.42480487E-02 -9.57885198E-03  1.81165569E-06  0.00000000E+00  0.00000000E+00
 -4.11616741E-09 -8.01414135E-09 -1.01216653E-10 -1.34770950E-08  3.59319086E-09
 -5.76447792E-06 -5.48665255E-08 -2.08192574E-07  4.02588682E-07  2.22282438E-07
 -3.39324470E-06  1.96304750E-02 -1.37301777E-02  0.00000000E+00 -1.63550772E-06
  0.00000000E+00  0.00000000E+00 -2.06542383E-09 -3.92128863E-09 -4.84870130E-11
 -7.04495129E-09  4.32862102E-09  3.16449075E-07  5.49321584E-08 -1.02856340E-07
 -2.60648534E-07  1.12708960E-07 -1.21990422E-06  1.88435800E-02 -1.15099102E-02
  0.00000000E+00  0.00000000E+00 -6.10432949E-07  0.00000000E+00  0.00000000E+00
 -1.35535017E-09 -1.89094429E-09 -2.30688559E-11 -3.34140648E-09  3.53579299E-09
 -2.11381789E-07  3.85377668E-08 -4.85782294E-08 -1.59829881E-07 -1.98913256E-07
 -1.07818505E-06  1.64632630E-02 -1.13596786E-02  0.00000000E+00  0.00000000E+00
  0.00000000E+00 -5.23430458E-07  0.00000000E+00  0.00000000E+00 -2.22359287E-09
 -6.01939720E-10 -1.09204442E-11 -1.57729141E-09  1.04620612E-09 -3.50171462E-07
  1.43650034E-08 -2.17481730E-08 -6.71256686E-08 -9.86292221E-08 -4.70662371E-07
  1.65028442E-02 -1.01340171E-02  0.00000000E+00  0.00000000E+00  0.00000000E+00
  0.00000000E+00 -1.31636284E-07  0.00000000E+00  0.00000000E+00  0.00000000E+00
 -9.07344200E-11 -5.14650041E-12 -7.40536965E-10 -3.19932664E-10 -2.48658125E-08
  1.99675521E-09 -9.90299043E-09 -1.75269701E-08  6.18836538E-08 -1.70692331E-07
  1.60942003E-02 -1.04469256E-02  0.00000000E+00  0.00000000E+00  0.00000000E+00
  0.00000000E+00  0.00000000E+00 -6.46472529E-08  0.00000000E+00  0.00000000E+00
  0.00000000E+00 -2.71004053E-10 -2.41207705E-12 -3.44963974E-10 -6.87222668E-10
 -4.33979430E-09 -1.49024848E-09 -4.47264847E-09  6.07812600E-09  1.14178782E-07
 -6.18869720E-08  2.41426546E-02 -1.01707401E-02  0.00000000E+00  0.00000000E+00
  0.00000000E+00  0.00000000E+00  0.00000000E+00  1.61567442E-07 -1.33546337E-07
  0.00000000E+00  0.00000000E+00  0.00000000E+00 -1.08875603E-10 -9.60197958E-13
 -1.34194156E-10 -3.97263167E-10 -1.71770975E-09 -8.39814829E-10 -1.73628223E-09
  9.64375690E-09  1.44758417E-07 -1.97696366E-08  1.25852972E-02 -1.69009678E-02
  0.00000000E+00  0.00000000E+00  0.00000000E+00  0.00000000E+00  0.00000000E+00
  0.00000000E+00 -1.73240551E-08 -1.02450279E-08  0.00000000E+00  0.00000000E+00
  0.00000000E+00 -8.49611909E-11 -7.18392305E-13 -1.05746377E-10 -3.23960331E-10
 -1.23942034E-09 -5.47410173E-10 -1.30406397E-09  1.68940471E-08  1.55034627E-07
 -1.21017241E-08  1.62166730E-02 -6.58185733E-03  0.00000000E+00  0.00000000E+00
  0.00000000E+00  0.00000000E+00  0.00000000E+00  0.00000000E+00  0.00000000E+00
 -8.82925733E-09  0.00000000E+00  0.00000000E+00  0.00000000E+00  0.00000000E+00
 -2.17353253E-11 -2.11048559E-13 -2.63583825E-11 -7.50694090E-11 -2.59620686E-10
 -2.01134831E-10 -3.28260780E-10  9.55474988E-09  3.02688505E-08 -2.25291563E-09
  2.35801972E-02 -1.02610085E-02  0.00000000E+00  0.00000000E+00  0.00000000E+00
  0.00000000E+00  0.00000000E+00  0.00000000E+00  0.00000000E+00  0.00000000E+00
 -3.00962588E-09  0.00000000E+00  0.00000000E+00  0.00000000E+00  0.00000000E+00
 -7.97228429E-12 -7.00937314E-14 -8.13893050E-12 -2.25383844E-11 -8.21592100E-11
 -1.88712084E-11 -8.64179631E-11  3.31562244E-09  8.17566814E-09 -6.32704611E-10
  1.43727809E-02 -1.76042449E-02 -5.12165570E-07  0.00000000E+00  0.00000000E+00
  0.00000000E+00  0.00000000E+00  0.00000000E+00  0.00000000E+00  0.00000000E+00
  0.00000000E+00 -2.87913560E-09  0.00000000E+00  0.00000000E+00  0.00000000E+00
  0.00000000E+00 -7.58108940E-12 -6.42247011E-14 -6.81350722E-12 -1.83206124E-11
 -5.83736462E-11  4.96959002E-11 -8.19029428E-11  2.82745516E-09  6.52832854E-09
 -5.00885111E-10  1.42872529E-02 -8.38208571E-03  0.00000000E+00  0.00000000E+00
  0.00000000E+00  0.00000000E+00  0.00000000E+00  0.00000000E+00  0.00000000E+00
  0.00000000E+00  0.00000000E+00  0.00000000E+00 -1.37605716E-09  0.00000000E+00
  0.00000000E+00  0.00000000E+00  0.00000000E+00 -3.44077306E-12 -2.85254879E-14
 -2.41444365E-12 -5.94282089E-12 -2.75184008E-11  2.23961544E-11 -3.00823949E-11
  1.10947640E-09  2.47394061E-09 -1.82114518E-10  1.54985040E-02 -8.28280021E-03
  0.00000000E+00  0.00000000E+00  0.00000000E+00  0.00000000E+00  0.00000000E+00
  0.00000000E+00  0.00000000E+00  0.00000000E+00  0.00000000E+00  0.00000000E+00
  0.00000000E+00 -4.96156560E-10  0.00000000E+00  0.00000000E+00  0.00000000E+00
  0.00000000E+00 -1.21849384E-12 -4.43681533E-15 -1.05383389E-12 -5.30299003E-13
 -5.34374975E-12  4.75191102E-11  2.83704809E-13  3.19331034E-10  7.07472358E-10
  9.93679271E-12  1.54388780E-02 -9.48588643E-03  0.00000000E+00  0.00000000E+00
  0.00000000E+00  0.00000000E+00  0.00000000E+00  0.00000000E+00  0.00000000E+00
  0.00000000E+00  0.00000000E+00  0.00000000E+00  0.00000000E+00  0.00000000E+00
 -2.45226756E-10  0.00000000E+00  0.00000000E+00  0.00000000E+00  0.00000000E+00
 -4.42438458E-13  0.00000000E+00 -6.73942401E-13  9.22335125E-13 -1.61579560E-12
  3.66767762E-11  3.84798869E-14  1.10656984E-10  2.66003664E-10  3.41300642E-12
 -9.32984913E-05  1.27024567E-02 -9.42172855E-03  0.00000000E+00  0.00000000E+00
  0.00000000E+00  0.00000000E+00  0.00000000E+00  0.00000000E+00  0.00000000E+00
  0.00000000E+00  0.00000000E+00  0.00000000E+00  0.00000000E+00  0.00000000E+00
  0.00000000E+00 -1.50715482E-10  0.00000000E+00  0.00000000E+00  0.00000000E+00
  0.00000000E+00  0.00000000E+00  0.00000000E+00 -3.71982745E-13  1.85773402E-12
 -7.30614638E-14 -2.33668228E-12 -1.64505805E-15  0.00000000E+00  1.08318930E-10
  7.72450781E-22  1.30376168E-10 -5.27796289E-03  7.29022361E-03 -6.68211095E-03
  0.00000000E+00  0.00000000E+00  0.00000000E+00  0.00000000E+00  0.00000000E+00
  0.00000000E+00  0.00000000E+00  0.00000000E+00  0.00000000E+00  0.00000000E+00
  0.00000000E+00  0.00000000E+00  0.00000000E+00  0.00000000E+00 -6.40002079E-11
  0.00000000E+00  0.00000000E+00  0.00000000E+00  0.00000000E+00  0.00000000E+00
  0.00000000E+00 -5.15417312E-14 -1.16195167E-13 -1.60252738E-14  4.46854316E-12
  1.22795398E-23  0.00000000E+00  1.25488136E-11  8.82384468E-23 -1.98817570E-02
  1.30719310E-02 -8.41394707E-04  0.00000000E+00  0.00000000E+00  0.00000000E+00
  0.00000000E+00  0.00000000E+00  0.00000000E+00  0.00000000E+00  0.00000000E+00
  0.00000000E+00  0.00000000E+00  0.00000000E+00  0.00000000E+00  0.00000000E+00
  0.00000000E+00  0.00000000E+00 -2.19001857E-12  0.00000000E+00  0.00000000E+00
  0.00000000E+00  0.00000000E+00  0.00000000E+00  0.00000000E+00  0.00000000E+00
 -5.72976199E-15  0.00000000E+00  7.69309204E-13  2.63075512E-02 -1.40572956E-03
 -1.41168172E-07  0.00000000E+00  0.00000000E+00  0.00000000E+00  0.00000000E+00
  0.00000000E+00  0.00000000E+00  0.00000000E+00  0.00000000E+00  0.00000000E+00
  0.00000000E+00  0.00000000E+00  0.00000000E+00  0.00000000E+00  0.00000000E+00
  0.00000000E+00 -5.79869472E-14
->       8      12       1       2                                 <-   
SCAT-SAVED                                                                      
         1         1
->       8      12       2       8                                 <-   
LAMBDA-D                                                                        
  1.24666998E-02  2.82917004E-02  4.25244011E-02  1.33041993E-01  2.92467207E-01
  6.66487694E-01  1.63478100E+00  3.55460000E+00
->      -8       0       0       0                                 <-   
->       6      12       3       3                                 <-   
SIGNATURE                                                                       
         4         4         4
L_LIBRARY   
->       6      12       1      40                                 <-   
STATE-VECTOR                                                                    
         1         1        33         2         0         0         1         0
         0         0         0         0        12         1         0         0
         0         1         8         0         0         1         0         0
         0         0         0         0         0         0         0         0
         0         0         0         0         0         0         0         0
->       6      12       1       1                                 <-   
ISOTOPESMIX                                                                     
         1
->       6      12       3       3                                 <-   
ISOTOPESUSED                                                                    
         4         4         4
*MAC*RES    
->       6      12       3       3                                 <-   
ISOTOPERNAME                                                                    
         4         4         4
*MAC*RES    
->       6      12       2       1                                 <-   
ISOTOPESDENS                                                                    
  1.00000000E+00
->       6      12       1       1                                 <-   
ISOTOPESTYPE                                                                    
         1
->       6      12       1       1                                 <-   
ISOTOPESTODO                                                                    
         1
->       6      12       2       1                                 <-   
ISOTOPESVOL                                                                     
  2.34294758E+01
->       6      12       2       1                                 <-   
ISOTOPESTEMP                                                                    
  7.13160034E+02
->       6      12       2       1                                 <-   
MIXTURESVOL                                                                     
  2.34294758E+01
->       6      12       2       1                                 <-   
K-EFFECTIVE                                                                     
  1.00000000E+00
->       6      12       2       1                                 <-   
K-INFINITY                                                                      
  1.15041685E+00
->       6      12       2       1                                 <-   
B2  B1HOM                                                                       
  2.83734547E-03
->       6      12       3      24                                 <-   
ADDXSNAME-P0                                                                    
         4         4         4         4         4         4         4         4
         4         4         4         4         4         4         4         4
         4         4         4         4         4         4         4         4
NFTOT   NG      N2N     N3N     N4N     NA      NP      N2A     NNP     ND      
NT      TRANC   
->       6      12       2      34                                 <-   
ENERGY                                                                          
  1.96403300E+07  1.00000000E+07  6.06530700E+06  3.67879400E+06  2.23130200E+06
  1.35335300E+06  8.20850000E+05  4.97870688E+05  3.01973812E+05  1.83156406E+05
  1.11090000E+05  6.73794688E+04  4.08677109E+04  2.47875195E+04  1.50343896E+04
  9.11882031E+03  5.53084424E+03  3.35462598E+03  2.03468396E+03  1.23409802E+03
  7.48518311E+02  4.53999298E+02  3.04324799E+02  1.48575897E+02  9.16608810E+01
  6.79040527E+01  4.01689987E+01  2.26032906E+01  1.37095900E+01  8.31528664E+00
  4.00000000E+00  5.40000975E-01  1.00000098E-01  1.10002802E-04
->       6      12       2      33                                 <-   
DELTAU                                                                          
  6.75000012E-01  4.99999970E-01  5.00000179E-01  4.99999672E-01  5.00000060E-01
  5.00000119E-01  5.00000060E-01  5.00000119E-01  4.99999821E-01  4.99999762E-01
  5.00000358E-01  5.00000060E-01  5.00000060E-01  5.00000060E-01  4.99999762E-01
  4.99999970E-01  5.00000179E-01  4.99999762E-01  5.00000119E-01  4.99999970E-01
  5.00000060E-01  4.00000095E-01  7.16999590E-01  4.83000249E-01  2.99999952E-01
  5.25000155E-01  5.75000048E-01  4.99999881E-01  4.99999970E-01  7.31801212E-01
  2.00247860E+00  1.68639970E+00  6.81242085E+00
->      -6       0       0       0                                 <-   
->       5       0       0      -1                                 <-   00000024
->       6      12      10       1                                 <-   
ISOTOPESLIST                                                                    
->       7       0       0      -1                                 <-   00000001
->       8      12       3       3                                 <-   
ALIAS                                                                           
         4         4         4
*MAC*RES0001
->       8      12       2       1                                 <-   
AWR                                                                             
  1.26475883E+00
->       8      12       2      33                                 <-   
NWT0                                                                            
  1.58433540E-04  2.50071147E-03  1.16949761E-02  3.53093818E-02  5.96800148E-02
  8.87745917E-02  1.84805170E-01  1.62148580E-01  1.85085595E-01  1.87690333E-01
  1.56633914E-01  1.30517140E-01  9.20978338E-02  9.48389024E-02  6.49904013E-02
  3.41025479E-02  4.13812809E-02  3.01462859E-02  2.24620756E-02  9.89494007E-03
  6.05951948E-03  2.08231038E-03  2.52256752E-03  5.52926795E-04  1.48358042E-04
  9.95038645E-05  2.59683839E-05  6.59844272E-06  1.67979022E-06  4.92889114E-07
  1.90805167E-07  3.38645236E-08  2.87781710E-08
->       8      12       2      33                                 <-   
NTOT0                                                                           
  6.06384724E-02  7.24876076E-02  7.74083808E-02  7.38003030E-02  6.53264746E-02
  5.97700067E-02  6.45920262E-02  7.54473880E-02  8.49137008E-02  8.27982947E-02
  1.15766004E-01  1.09679677E-01  1.59306064E-01  1.03779703E-01  1.65807590E-01
  2.87846923E-01  2.21044198E-01  2.14693472E-01  1.78814530E-01  1.99298173E-01
  1.95233017E-01  2.89123327E-01  2.13967368E-01  2.13929027E-01  2.11638406E-01
  2.17061862E-01  2.14322522E-01  2.15504006E-01  2.16640934E-01  2.17627823E-01
  2.20323935E-01  2.38395050E-01  2.53148884E-01
->       8      12       2      33                                 <-   
NG                                                                              
  1.49443204E-05  1.54754143E-05  2.62549420E-05  4.47417915E-05  5.35523941E-05
  6.73152463E-05  8.43845337E-05  1.13627451E-04  1.43616024E-04  1.69923922E-04
  2.49416742E-04  2.12573184E-04  3.31097108E-04  2.40029694E-04  3.62397084E-04
  4.70014085E-04  3.10532632E-04  2.98559346E-04  7.64915429E-04  6.28254609E-03
  5.42913331E-04  1.93952711E-03  8.08014418E-04  1.70083228E-03  1.15514337E-03
  3.11580324E-03  1.59015716E-03  2.03233236E-03  2.76531558E-03  3.48153524E-03
  5.91923995E-03  2.31151357E-02  3.65570858E-02
->       8      12       2      33                                 <-   
N2N                                                                             
  3.25584249E-03  1.37035226E-04  0.00000000E+00  0.00000000E+00  0.00000000E+00
  0.00000000E+00  0.00000000E+00  0.00000000E+00  0.00000000E+00  0.00000000E+00
  0.00000000E+00  0.00000000E+00  0.00000000E+00  0.00000000E+00  0.00000000E+00
  0.00000000E+00  0.00000000E+00  0.00000000E+00  0.00000000E+00  0.00000000E+00
  0.00000000E+00  0.00000000E+00  0.00000000E+00  0.00000000E+00  0.00000000E+00
  0.00000000E+00  0.00000000E+00  0.00000000E+00  0.00000000E+00  0.00000000E+00
  0.00000000E+00  0.00000000E+00  0.00000000E+00
->       8      12       2      33                                 <-   
N3N                                                                             
  4.53908433E-06  0.00000000E+00  0.00000000E+00  0.00000000E+00  0.00000000E+00
  0.00000000E+00  0.00000000E+00  0.00000000E+00  0.00000000E+00  0.00000000E+00
  0.00000000E+00  0.00000000E+00  0.00000000E+00  0.00000000E+00  0.00000000E+00
  0.00000000E+00  0.00000000E+00  0.00000000E+00  0.00000000E+00  0.00000000E+00
  0.00000000E+00  0.00000000E+00  0.00000000E+00  0.00000000E+00  0.00000000E+00
  0.00000000E+00  0.00000000E+00  0.00000000E+00  0.00000000E+00  0.00000000E+00
  0.00000000E+00  0.00000000E+00  0.00000000E+00
->       8      12       2      33                                 <-   
NA                                                                              
  6.64868159E-04  2.61638605E-04  4.21629338E-05  3.57071121E-06  3.04713353E-07
  3.32383507E-08  6.16463547E-09  6.66713462E-10  6.39386877E-10  7.02174319E-10
  7.33828276E-10  7.33573313E-10  8.13547896E-10  1.04870512E-09  1.56208446E-09
  2.10413642E-09  2.62676836E-09  3.44143114E-09  5.07125986E-09  6.17139229E-09
  4.09505851E-09  2.62991051E-09  1.61009395E-09  9.35191036E-10  6.78915146E-10
  5.42331735E-10  4.37044456E-10  4.13908768E-10  4.47061693E-10  5.37201617E-10
  8.56481885E-10  3.29219030E-09  5.20600230E-09
->       8      12       2      33                                 <-   
NP                                                                              
  2.57024495E-03  1.73369213E-03  7.84373318E-04  2.59932654E-04  4.05771498E-05
  5.06284550E-06  1.47167015E-07  3.86056576E-10  7.30479218E-19  1.92554748E-19
  4.45920103E-21  0.00000000E+00  0.00000000E+00  0.00000000E+00  0.00000000E+00
  0.00000000E+00  0.00000000E+00  0.00000000E+00  0.00000000E+00  0.00000000E+00
  0.00000000E+00  0.00000000E+00  0.00000000E+00  0.00000000E+00  0.00000000E+00
  0.00000000E+00  0.00000000E+00  0.00000000E+00  0.00000000E+00  0.00000000E+00
  0.00000000E+00  0.00000000E+00  0.00000000E+00
->       8      12       2      33                                 <-   
N2A                                                                             
  1.32384099E-12  0.00000000E+00  0.00000000E+00  0.00000000E+00  0.00000000E+00
  0.00000000E+00  0.00000000E+00  0.00000000E+00  0.00000000E+00  0.00000000E+00
  0.00000000E+00  0.00000000E+00  0.00000000E+00  0.00000000E+00  0.00000000E+00
  0.00000000E+00  0.00000000E+00  0.00000000E+00  0.00000000E+00  0.00000000E+00
  0.00000000E+00  0.00000000E+00  0.00000000E+00  0.00000000E+00  0.00000000E+00
  0.00000000E+00  0.00000000E+00  0.00000000E+00  0.00000000E+00  0.00000000E+00
  0.00000000E+00  0.00000000E+00  0.00000000E+00
->       8      12       2      33                                 <-   
NNP                                                                             
  4.33724053E-04  6.39619273E-08  0.00000000E+00  0.00000000E+00  0.00000000E+00
  0.00000000E+00  0.00000000E+00  0.00000000E+00  0.00000000E+00  0.00000000E+00
  0.00000000E+00  0.00000000E+00  0.00000000E+00  0.00000000E+00  0.00000000E+00
  0.00000000E+00  0.00000000E+00  0.00000000E+00  0.00000000E+00  0.00000000E+00
  0.00000000E+00  0.00000000E+00  0.00000000E+00  0.00000000E+00  0.00000000E+00
  0.00000000E+00  0.00000000E+00  0.00000000E+00  0.00000000E+00  0.00000000E+00
  0.00000000E+00  0.00000000E+00  0.00000000E+00
->       8      12       2      33                                 <-   
ND                                                                              
  3.59437799E-05  1.53947440E-07  2.19717445E-15  0.00000000E+00  0.00000000E+00
  0.00000000E+00  0.00000000E+00  0.00000000E+00  0.00000000E+00  0.00000000E+00
  0.00000000E+00  0.00000000E+00  0.00000000E+00  0.00000000E+00  0.00000000E+00
  0.00000000E+00  0.00000000E+00  0.00000000E+00  0.00000000E+00  0.00000000E+00
  0.00000000E+00  0.00000000E+00  0.00000000E+00  0.00000000E+00  0.00000000E+00
  0.00000000E+00  0.00000000E+00  0.00000000E+00  0.00000000E+00  0.00000000E+00
  0.00000000E+00  0.00000000E+00  0.00000000E+00
->       8      12       2      33                                 <-   
NT                                                                              
  2.86856306E-07  1.40255473E-18  0.00000000E+00  0.00000000E+00  0.00000000E+00
  0.00000000E+00  0.00000000E+00  0.00000000E+00  0.00000000E+00  0.00000000E+00
  0.00000000E+00  0.00000000E+00  0.00000000E+00  0.00000000E+00  0.00000000E+00
  0.00000000E+00  0.00000000E+00  0.00000000E+00  0.00000000E+00  0.00000000E+00
  0.00000000E+00  0.00000000E+00  0.00000000E+00  0.00000000E+00  0.00000000E+00
  0.00000000E+00  0.00000000E+00  0.00000000E+00  0.00000000E+00  0.00000000E+00
  0.00000000E+00  0.00000000E+00  0.00000000E+00
->       8      12       2      33                                 <-   
H-FACTOR                                                                        
  1.79959363E-17  1.91700927E-17  3.28872354E-17  5.64623295E-17  6.88383478E-17
  8.68431448E-17  1.07125269E-16  1.45283197E-16  1.86353601E-16  2.20207205E-16
  3.17032812E-16  2.77024878E-16  4.33233000E-16  3.15976165E-16  5.10031889E-16
  7.00490689E-16  4.46736558E-16  4.09054683E-16  1.02880685E-15  7.80029507E-15
  6.92932667E-16  2.81381338E-15  1.12612660E-15  2.04012226E-15  1.53822200E-15
  4.39842991E-15  2.10100403E-15  2.67205183E-15  3.57888319E-15  4.57257523E-15
  7.77205415E-15  3.03461785E-14  4.79928394E-14
->       8      12       2      33                                 <-   
OVERV                                                                           
  2.13715282E-10  2.70325207E-10  3.40919210E-10  4.36615133E-10  5.55491819E-10
  7.12227888E-10  9.12702081E-10  1.17626997E-09  1.48450918E-09  1.93683047E-09
  2.50240095E-09  3.15242343E-09  4.10819956E-09  5.07999420E-09  6.62958666E-09
  8.70892514E-09  1.10031459E-08  1.39935663E-08  1.80290698E-08  2.32405100E-08
  2.96224414E-08  3.68479647E-08  4.81440061E-08  6.58533139E-08  8.08040852E-08
  9.73201111E-08  1.28129429E-07  1.68126306E-07  2.15710358E-07  2.86038443E-07
  4.84454915E-07  1.88187505E-06  2.98716554E-06
->       8      12       2      33                                 <-   
STRD                                                                            
  7.85535350E-02  8.16393942E-02  9.33738574E-02  9.95724797E-02  1.09446764E-01
  1.27560884E-01  1.26330495E-01  1.72649160E-01  1.86132878E-01  1.91300109E-01
  2.40864366E-01  2.38028392E-01  2.46242270E-01  2.22097963E-01  3.03800046E-01
  4.45462346E-01  3.69902104E-01  3.68693233E-01  3.33826780E-01  3.68677914E-01
  3.62401515E-01  4.29966331E-01  3.90484869E-01  3.98013502E-01  3.98350686E-01
  4.01881695E-01  3.85426462E-01  4.11492079E-01  3.74416411E-01  4.00546581E-01
  4.26411033E-01  1.19731319E+00  1.27737927E+00
->       8      12       2      33                                 <-   
SIGS00                                                                          
  6.01713546E-02  7.06130117E-02  7.65550733E-02  7.34917372E-02  6.52319863E-02
  5.96975945E-02  6.45075068E-02  7.53337666E-02  8.47700983E-02  8.26283693E-02
  1.15516581E-01  1.09467097E-01  1.58974767E-01  1.03539646E-01  1.65445253E-01
  2.87376881E-01  2.20733568E-01  2.14394987E-01  1.78049654E-01  1.93015620E-01
  1.94690004E-01  2.87183762E-01  2.13159367E-01  2.12228179E-01  2.10483328E-01
  2.13946104E-01  2.12732375E-01  2.13471666E-01  2.13875562E-01  2.14146286E-01
  2.14404732E-01  2.15279937E-01  2.16591746E-01
->       8      12       1      33                                 <-   
NJJS00                                                                          
         1         2         3         4         5         6         7         8
         9        10        11        12        13        14        15        16
        17        18        19        20        21        22        23        24
        25        26        27        28        29        31        33        33
        33
->       8      12       1      33                                 <-   
IJJS00                                                                          
         1         2         3         4         5         6         7         8
         9        10        11        12        13        14        15        16
        17        18        19        20        21        22        23        24
        25        26        27        28        29        31        33        33
        33
->       8      12       2     565                                 <-   
SCAT00                                                                          
  3.02540772E-02  4.13258076E-02  4.11388185E-03  4.90202010E-02  5.71628707E-03
  4.32445807E-03  5.36671132E-02  8.47376138E-03  7.25386152E-03  5.81697235E-03
  4.94254380E-02  1.31180352E-02  6.23185793E-03  6.69480301E-03  6.03798497E-03
  5.12540489E-02  8.58816784E-03  3.25235957E-03  6.07423345E-03  4.59464965E-03
  4.43958119E-03  5.99659458E-02  4.01822850E-03  5.46064973E-03  1.50105404E-03
  3.68307834E-03  2.56727100E-03  2.57936120E-03  7.03158006E-02  4.43033176E-03
  1.73330621E-03  1.01723045E-03  9.65956715E-04  1.68571633E-03  1.29409204E-03
  1.33389339E-03  7.79701099E-02  4.94336663E-03  5.98414263E-05  1.45368208E-03
  3.66696710E-04  5.32682228E-04  7.91603932E-04  6.48812333E-04  6.68779190E-04
  7.70727247E-02  6.75398670E-03  3.94528324E-05  3.53264732E-05  6.50361995E-04
  2.02682553E-04  2.75869126E-04  3.31603660E-04  3.00002139E-04  3.13560158E-04
  1.08691864E-01  5.53847663E-03  3.32461350E-05  2.00952636E-05  7.78506910E-06
  3.04132118E-04  9.50158792E-05  1.06386746E-04  1.47516184E-04  1.26014711E-04
  1.47570827E-04  1.01359881E-01  6.82020606E-03  8.15526619E-06  1.21280764E-05
  7.53846598E-06  4.35835955E-06  1.37294308E-04  4.24921673E-05  4.31794324E-05
  6.50580914E-05  5.21628026E-05  7.05454149E-05  1.47922382E-01  8.10475368E-03
  2.57635475E-06  6.40741882E-06  4.05371395E-07  4.17036790E-06  1.89026503E-06
  4.13677008E-05  1.85811314E-05  1.73019180E-05  2.85528113E-05  2.24972773E-05
  3.47957757E-05  9.35448855E-02  1.07569238E-02  2.44064768E-06  8.24211270E-07
  1.45887361E-06  1.24490867E-07  1.94403015E-06  1.03314585E-06  2.36335254E-05
  8.29825240E-06  7.01562385E-06  1.20659352E-05  9.22015079E-06  1.72220480E-05
  1.55398831E-01  9.50383861E-03  2.95423146E-04  0.00000000E+00  6.64561185E-07
  6.33497450E-07  5.20421359E-08  7.75748049E-07  5.19400146E-07  4.92330546E-05
  3.58481680E-06  2.78537777E-06  5.27518614E-06  4.04103957E-06  9.02213196E-06
  2.66251564E-01  1.00449855E-02  2.93529418E-04  0.00000000E+00  0.00000000E+00
  3.05691799E-07  3.07955730E-07  2.04429433E-08  3.75436429E-07  2.36549383E-07
  2.36163360E-05  1.53292331E-06  1.13976057E-06  2.36990240E-06  1.82234066E-06
  4.76083915E-06  2.07642719E-01  2.11252477E-02  0.00000000E+00  1.36501854E-04
  0.00000000E+00  0.00000000E+00  1.17207023E-07  1.15934967E-07  7.62987273E-09
  1.41367707E-07  1.15984378E-07  5.44115301E-06  7.55104907E-07  4.74762118E-07
  1.09519408E-06  8.38637789E-07  2.50956236E-06  2.01460108E-01  1.30908750E-02
  0.00000000E+00  0.00000000E+00  4.01278012E-05  0.00000000E+00  0.00000000E+00
  4.38118057E-08  4.33163621E-08  2.83439605E-09  5.25396331E-08  5.89500324E-08
  2.28688214E-06  4.15731023E-07  2.01676556E-07  5.27645511E-07  3.98845344E-07
  1.23127518E-06  1.68343902E-01  1.29348701E-02  0.00000000E+00  0.00000000E+00
  0.00000000E+00  1.45462081E-05  0.00000000E+00  0.00000000E+00  5.59710722E-09
  1.68653926E-08  1.05053544E-09  1.95551859E-08  2.92282465E-08  8.05982950E-07
  2.22005909E-07  8.96766394E-08  2.65576404E-07  1.95114154E-07  5.92474805E-07
  1.82051614E-01  9.70573071E-03  0.00000000E+00  0.00000000E+00  0.00000000E+00
  0.00000000E+00  4.22797439E-06  0.00000000E+00  0.00000000E+00  0.00000000E+00
  8.45873682E-09  3.89199784E-10  7.30926253E-09  1.36613512E-08  1.01767640E-07
  1.11821478E-07  4.27610907E-08  1.38690467E-07  9.95027349E-08  2.86117825E-07
  1.84356630E-01  1.09640164E-02  0.00000000E+00  0.00000000E+00  0.00000000E+00
  0.00000000E+00  0.00000000E+00  1.59871570E-06  0.00000000E+00  0.00000000E+00
  0.00000000E+00  3.73759246E-09  1.44370738E-10  2.75432388E-09  5.97419270E-09
  3.09563148E-08  5.21088381E-08  2.14790941E-08  7.48950626E-08  5.32888507E-08
  1.38815864E-07  2.63956219E-01  1.03333853E-02  0.00000000E+00  0.00000000E+00
  0.00000000E+00  0.00000000E+00  0.00000000E+00  3.73402543E-07  3.68995188E-07
  0.00000000E+00  0.00000000E+00  0.00000000E+00  1.21536503E-09  4.67577366E-11
  9.15855114E-10  2.20569873E-09  1.06771596E-08  2.05010959E-08  9.48958068E-09
  3.50015092E-08  2.53945220E-08  5.71524730E-08  2.07878888E-01  2.32275333E-02
  0.00000000E+00  0.00000000E+00  0.00000000E+00  0.00000000E+00  0.00000000E+00
  0.00000000E+00  7.85069858E-07  8.17122547E-09  0.00000000E+00  0.00000000E+00
  0.00000000E+00  7.75199072E-10  2.96294794E-11  6.01087180E-10  1.57775359E-09
  7.46024575E-09  1.68215841E-08  8.65988614E-09  3.36807879E-08  2.44077185E-08
  4.66071768E-08  2.02792421E-01  5.28046535E-03  0.00000000E+00  0.00000000E+00
  0.00000000E+00  0.00000000E+00  0.00000000E+00  0.00000000E+00  0.00000000E+00
  1.58183923E-07  0.00000000E+00  0.00000000E+00  0.00000000E+00  0.00000000E+00
  1.58696389E-10  5.93695622E-12  1.30286268E-10  3.76830650E-10  1.78212312E-09
  4.71754857E-09  2.72281020E-09  1.15603340E-08  7.95516097E-09  1.28195534E-08
  1.92544997E-01  9.43534169E-03  0.00000000E+00  0.00000000E+00  0.00000000E+00
  0.00000000E+00  0.00000000E+00  0.00000000E+00  0.00000000E+00  0.00000000E+00
  4.42500365E-08  0.00000000E+00  0.00000000E+00  0.00000000E+00  0.00000000E+00
  4.54153694E-11  1.72931461E-12  4.03066122E-11  1.24054711E-10  5.70912928E-10
  1.72087489E-09  1.06325460E-09  4.66551953E-09  3.12850368E-09  4.51714932E-09
  2.07377955E-01  1.79383084E-02  4.05400527E-07  0.00000000E+00  0.00000000E+00
  0.00000000E+00  0.00000000E+00  0.00000000E+00  0.00000000E+00  0.00000000E+00
  0.00000000E+00  3.53496183E-08  0.00000000E+00  0.00000000E+00  0.00000000E+00
  0.00000000E+00  3.80543860E-11  1.41697591E-12  3.63984329E-11  1.18429197E-10
  5.44019108E-10  1.76975690E-09  1.18175858E-09  5.28949151E-09  3.50456753E-09
  4.58369520E-09  2.05538586E-01  6.56812359E-03  0.00000000E+00  0.00000000E+00
  0.00000000E+00  0.00000000E+00  0.00000000E+00  0.00000000E+00  0.00000000E+00
  0.00000000E+00  0.00000000E+00  0.00000000E+00  1.32702986E-08  0.00000000E+00
  0.00000000E+00  0.00000000E+00  0.00000000E+00  1.58477190E-11  5.68815177E-13
  1.68426488E-11  5.89201327E-11  2.48446652E-10  8.89139817E-10  7.17214177E-10
  3.25803362E-09  2.13355311E-09  2.48416865E-09  2.05962598E-01  7.19382055E-03
  0.00000000E+00  0.00000000E+00  0.00000000E+00  0.00000000E+00  0.00000000E+00
  0.00000000E+00  0.00000000E+00  0.00000000E+00  0.00000000E+00  0.00000000E+00
  0.00000000E+00  4.04464995E-09  0.00000000E+00  0.00000000E+00  0.00000000E+00
  0.00000000E+00  5.54438526E-12  1.67950614E-13  5.95903448E-12  2.40020104E-11
  9.79836282E-11  3.86779692E-10  3.32656819E-10  1.60946212E-09  1.05104991E-09
  1.05650211E-09  2.06367373E-01  7.50909606E-03  0.00000000E+00  0.00000000E+00
  0.00000000E+00  0.00000000E+00  0.00000000E+00  0.00000000E+00  0.00000000E+00
  0.00000000E+00  0.00000000E+00  0.00000000E+00  0.00000000E+00  0.00000000E+00
  1.54600055E-09  0.00000000E+00  0.00000000E+00  0.00000000E+00  0.00000000E+00
  2.10566135E-12  6.40797162E-14  2.58939506E-12  1.21929888E-11  1.40658067E-11
  1.96970495E-10  1.98411981E-10  9.70618586E-10  6.29743035E-10  6.05104411E-10
  8.68387171E-04  2.09876612E-01  7.50818430E-03  0.00000000E+00  0.00000000E+00
  0.00000000E+00  0.00000000E+00  0.00000000E+00  0.00000000E+00  0.00000000E+00
  0.00000000E+00  0.00000000E+00  0.00000000E+00  0.00000000E+00  0.00000000E+00
  0.00000000E+00  7.40753681E-10  0.00000000E+00  0.00000000E+00  0.00000000E+00
  0.00000000E+00  0.00000000E+00  3.61471107E-14  1.61470717E-12  8.39408751E-12
  1.09184179E-12  9.31049127E-11  1.58262681E-10  7.72581832E-10  4.99671304E-10
  4.48129589E-10 -1.71483827E-10  5.94595214E-04  2.13199168E-01  4.26969258E-03
  0.00000000E+00  0.00000000E+00  0.00000000E+00  0.00000000E+00  0.00000000E+00
  0.00000000E+00  0.00000000E+00  0.00000000E+00  0.00000000E+00  0.00000000E+00
  0.00000000E+00  0.00000000E+00  0.00000000E+00  0.00000000E+00  2.80624246E-10
  0.00000000E+00  0.00000000E+00  0.00000000E+00  0.00000000E+00  0.00000000E+00
  1.78146716E-14  2.70931687E-13  2.71685690E-12  3.14381686E-13  5.06881689E-11
  1.26670646E-10  6.19425122E-10  3.96692151E-10  3.41788459E-10  2.53063086E-02
  1.89880669E-01  3.37113364E-04  0.00000000E+00  0.00000000E+00  0.00000000E+00
  0.00000000E+00  0.00000000E+00  0.00000000E+00  0.00000000E+00  0.00000000E+00
  0.00000000E+00  0.00000000E+00  0.00000000E+00  0.00000000E+00  0.00000000E+00
  0.00000000E+00  0.00000000E+00  1.33026853E-11  0.00000000E+00  0.00000000E+00
  0.00000000E+00  0.00000000E+00  0.00000000E+00  1.29715526E-15  8.17159260E-16
  1.59065862E-13  4.76152033E-15  2.20251053E-12  1.42733065E-11  7.84593501E-11
  4.37521130E-11  3.87290755E-11  1.91285476E-01  2.48046890E-02  1.56352620E-08
  0.00000000E+00  0.00000000E+00  0.00000000E+00  0.00000000E+00  0.00000000E+00
  0.00000000E+00  0.00000000E+00  0.00000000E+00  0.00000000E+00  0.00000000E+00
  0.00000000E+00  0.00000000E+00  0.00000000E+00  0.00000000E+00  0.00000000E+00
  1.62911763E-12  0.00000000E+00  0.00000000E+00  0.00000000E+00  0.00000000E+00
  0.00000000E+00  2.01239371E-16  1.37344870E-16  1.46486376E-15  2.48480768E-16
  1.17273582E-13  1.74118261E-12  5.39493884E-12  1.51967588E-12  4.03323729E-12
->       8      12       2      33                                 <-   
SIGS01                                                                          
  2.70735137E-02  3.44818719E-02  3.38072740E-02  2.55293138E-02  1.59491748E-02
  1.30963912E-02  1.22151868E-02  9.65839159E-03  8.74025933E-03  4.81071370E-03
  5.09784510E-03  4.84508043E-03  5.25434921E-03  1.67689263E-03  2.39727926E-03
  4.04124800E-03  2.93883588E-03  2.95548257E-03  2.31123529E-03  2.22662208E-03
  2.23703287E-03  3.36922007E-03  2.46837898E-03  2.41134525E-03  2.43275124E-03
  2.44667870E-03  2.46070162E-03  2.46910425E-03  2.47371499E-03  2.47681350E-03
  2.53798254E-03  2.54295277E-03  2.54559913E-03
->       8      12       1      33                                 <-   
NJJS01                                                                          
         1         2         3         4         5         6         7         8
         9        10        11        12        13        14        15        16
        17        18        19        20        21        22        23        24
        25        26        27        28        29        31        33        29
        19
->       8      12       1      33                                 <-   
IJJS01                                                                          
         1         2         3         4         5         6         7         8
         9        10        11        12        13        14        15        16
        17        18        19        20        21        22        23        24
        25        26        27        28        29        31        33        33
        33
->       8      12       2     547                                 <-   
SCAT01                                                                          
  2.53289957E-02  3.31445262E-02  7.73276610E-04  3.32350321E-02  6.98150950E-04
  3.52089119E-04  2.59711239E-02  2.10988306E-04  3.39705439E-04  2.74110265E-04
  1.67277735E-02 -2.87149131E-04  2.19514783E-04  1.86125966E-04  2.00820796E-04
  1.39367264E-02 -8.45466158E-04 -1.61803342E-04  1.32851885E-04  8.21936555E-05
  9.47671360E-05  1.33983847E-02 -9.94255999E-04  1.95792381E-04 -9.76625870E-06
  1.87336100E-05  2.17872330E-05  2.62123540E-05  1.16612650E-02 -1.18391379E-03
  1.32685003E-04 -1.33877998E-04  1.60822183E-05 -8.99719794E-07  1.16929805E-05
  1.38725609E-05  1.17858248E-02 -2.00165226E-03  1.20899642E-06  1.17938262E-05
  4.47305547E-06  6.46410081E-06 -3.61677394E-06  6.44359125E-06  3.07108212E-06
  6.62371656E-03 -3.04468744E-03 -1.13089175E-06 -7.50978131E-07  3.68649899E-06
  5.73267300E-07 -1.02403180E-06 -2.55149598E-06 -4.10599932E-06 -5.32251931E-07
  6.91026682E-03 -1.81323709E-03 -3.09380766E-07 -1.50445928E-07  2.21785911E-07
  1.89723924E-05  5.04057141E-07 -2.49089976E-06 -9.68899485E-07 -2.73402543E-06
  1.44171690E-06  7.58153480E-03 -1.81244372E-03  4.92618312E-07 -5.39647203E-07
  9.41984410E-08 -7.75274511E-09 -2.13053099E-05 -3.65229710E-07 -1.02723936E-06
 -5.87947568E-07 -9.32002479E-07  1.43051318E-06  8.85361806E-03 -2.73446576E-03
  1.91942604E-08 -2.00545884E-07 -2.71194978E-08  3.44437403E-08 -2.36224356E-08
  2.21914684E-06 -2.00187600E-07 -4.94457311E-07 -5.46178001E-07 -5.14707949E-07
  9.39031224E-07  4.69646370E-03 -3.59991845E-03 -1.98857310E-06 -1.04809654E-08
 -5.13685450E-08  1.48087376E-10 -4.48643931E-08  5.65210883E-08 -4.40268337E-07
 -1.08545350E-09 -2.99949534E-07 -2.82119601E-07 -1.98399206E-07  9.30751639E-07
  5.44777047E-03 -3.01372120E-03  6.49699814E-07  0.00000000E+00  2.27558612E-08
  7.93335353E-09  8.35235880E-10 -1.11092469E-10  1.10057430E-09  1.35413447E-05
 -7.33399617E-08 -1.48794612E-07 -1.93819787E-07 -1.29828010E-07  7.46451974E-07
  1.06935604E-02 -3.05063301E-03 -2.13423164E-06  0.00000000E+00  0.00000000E+00
 -4.78391637E-09 -7.45061968E-09 -1.07146389E-10 -1.13879448E-08  3.53163854E-09
 -6.89966146E-06 -5.34647704E-08 -8.00942388E-08 -1.02351450E-07 -7.93345052E-08
  5.61702166E-07  7.21844938E-03 -6.65231515E-03  0.00000000E+00 -2.43936665E-06
  0.00000000E+00  0.00000000E+00 -2.40048870E-09 -3.64673380E-09 -5.13276019E-11
 -7.23649052E-09  3.94761646E-09  3.79624112E-07  5.12245784E-08 -4.31785310E-08
 -5.78347645E-08 -3.41988198E-08  4.45185805E-07  7.32293399E-03 -4.27961443E-03
  0.00000000E+00  0.00000000E+00 -4.96805626E-07  0.00000000E+00  0.00000000E+00
 -1.57522306E-09 -1.75880333E-09 -2.44203338E-11 -3.43225337E-09  3.52919383E-09
 -2.52709640E-07  3.70349049E-08 -2.02544825E-08 -2.69872906E-08 -1.64432379E-08
  2.04242937E-07  5.45635866E-03 -4.36745118E-03  0.00000000E+00  0.00000000E+00
  0.00000000E+00 -5.45096498E-07  0.00000000E+00  0.00000000E+00 -2.58431676E-09
 -2.78540468E-10 -1.15602146E-11 -1.62017511E-09  1.17729837E-09 -4.19066197E-07
  1.37127554E-08 -8.18093948E-09 -1.10222382E-08 -6.56836940E-09  8.15122760E-08
  5.77840675E-03 -3.14512383E-03  0.00000000E+00  0.00000000E+00  0.00000000E+00
  0.00000000E+00 -9.08085980E-08  0.00000000E+00  0.00000000E+00  0.00000000E+00
  2.30905947E-10 -5.44800620E-12 -7.60670860E-10 -3.32000483E-10 -2.96926874E-08
  1.61832681E-09 -3.37540706E-09 -4.85379159E-09 -1.69390824E-09  3.17040296E-08
  5.52794570E-03 -3.55178444E-03  0.00000000E+00  0.00000000E+00  0.00000000E+00
  0.00000000E+00  0.00000000E+00 -4.45965682E-08  0.00000000E+00  0.00000000E+00
  0.00000000E+00 -3.15948295E-10 -2.55338741E-12 -3.54342888E-10 -7.42028272E-10
 -5.15747756E-09 -1.66120673E-09 -1.44605805E-09 -1.99413330E-09  6.31519698E-11
  1.23321868E-08  1.11637488E-02 -3.29091214E-03  0.00000000E+00  0.00000000E+00
  0.00000000E+00  0.00000000E+00  0.00000000E+00  1.80881869E-07 -9.21262284E-08
  0.00000000E+00  0.00000000E+00  0.00000000E+00 -1.26931909E-10 -1.01645060E-12
 -1.37842654E-10 -4.29922098E-10 -2.04155404E-09 -8.88567109E-10 -5.31878208E-10
 -5.82988546E-10  1.04535613E-09  3.99816669E-09  4.21580998E-03 -7.79452780E-03
  0.00000000E+00  0.00000000E+00  0.00000000E+00  0.00000000E+00  0.00000000E+00
  0.00000000E+00 -1.93950420E-08 -7.06747816E-09  0.00000000E+00  0.00000000E+00
  0.00000000E+00 -9.90514337E-11 -7.60478974E-13 -1.08621431E-10 -3.50683454E-10
 -1.47279045E-09 -5.65427039E-10 -3.58562291E-10 -2.30076153E-10  1.28845445E-09
  2.66307820E-09  5.53566916E-03 -1.74743123E-03  0.00000000E+00  0.00000000E+00
  0.00000000E+00  0.00000000E+00  0.00000000E+00  0.00000000E+00  0.00000000E+00
 -9.88474369E-09  0.00000000E+00  0.00000000E+00  0.00000000E+00  0.00000000E+00
 -2.53399871E-11 -2.23412746E-13 -2.70750176E-11 -8.12217377E-11 -3.08197107E-10
 -2.04431139E-10 -7.05717013E-11  1.47914181E-11  2.55573951E-10  6.08488981E-10
  8.37832689E-03 -3.12394835E-03  0.00000000E+00  0.00000000E+00  0.00000000E+00
  0.00000000E+00  0.00000000E+00  0.00000000E+00  0.00000000E+00  0.00000000E+00
 -3.36940875E-09  0.00000000E+00  0.00000000E+00  0.00000000E+00  0.00000000E+00
 -9.29443588E-12 -7.42001472E-14 -8.36021356E-12 -2.43724346E-11 -9.75155234E-11
 -2.29637819E-11 -1.58210892E-11  9.14914238E-12  6.97619948E-11  1.61850339E-10
  4.61352989E-03 -5.94557403E-03 -3.75714336E-07  0.00000000E+00  0.00000000E+00
  0.00000000E+00  0.00000000E+00  0.00000000E+00  0.00000000E+00  0.00000000E+00
  0.00000000E+00 -3.22331895E-09  0.00000000E+00  0.00000000E+00  0.00000000E+00
  0.00000000E+00 -8.83836407E-12 -6.79872825E-14 -6.99875444E-12 -1.97930942E-11
 -6.91001006E-11  4.25221455E-11 -2.00139922E-11  1.15181432E-11  5.65572728E-11
  1.28760141E-10  4.79628984E-03 -2.16685026E-03  0.00000000E+00  0.00000000E+00
  0.00000000E+00  0.00000000E+00  0.00000000E+00  0.00000000E+00  0.00000000E+00
  0.00000000E+00  0.00000000E+00  0.00000000E+00 -1.54055668E-09  0.00000000E+00
  0.00000000E+00  0.00000000E+00  0.00000000E+00 -4.01140232E-12 -3.01966433E-14
 -2.48008797E-12 -6.39743120E-12 -3.26045475E-11  2.50982360E-11 -9.26461945E-12
  6.50419258E-12  2.21306168E-11  4.77787532E-11  4.98471176E-03 -2.33558961E-03
  0.00000000E+00  0.00000000E+00  0.00000000E+00  0.00000000E+00  0.00000000E+00
  0.00000000E+00  0.00000000E+00  0.00000000E+00  0.00000000E+00  0.00000000E+00
  0.00000000E+00 -5.55469060E-10  0.00000000E+00  0.00000000E+00  0.00000000E+00
  0.00000000E+00 -1.42057308E-12 -4.69674433E-15 -1.08248566E-12 -5.97430525E-13
 -6.31885820E-12  4.69444553E-11  1.05192398E-13  3.49050107E-12  6.87415186E-12
  9.79428604E-12  4.92318301E-03 -2.51560705E-03  0.00000000E+00  0.00000000E+00
  0.00000000E+00  0.00000000E+00  0.00000000E+00  0.00000000E+00  0.00000000E+00
  0.00000000E+00  0.00000000E+00  0.00000000E+00  0.00000000E+00  0.00000000E+00
 -2.74542167E-10  0.00000000E+00  0.00000000E+00  0.00000000E+00  0.00000000E+00
 -5.15813954E-13  0.00000000E+00 -6.92265689E-13  1.00335853E-12 -1.91846690E-12
  3.57566268E-11  2.38870169E-14  1.22987167E-12  2.58723988E-12  3.35794565E-12
  1.13601505E-04  3.86086339E-03 -2.44946685E-03  0.00000000E+00  0.00000000E+00
  0.00000000E+00  0.00000000E+00  0.00000000E+00  0.00000000E+00  0.00000000E+00
  0.00000000E+00  0.00000000E+00  0.00000000E+00  0.00000000E+00  0.00000000E+00
  0.00000000E+00 -1.68732611E-10  0.00000000E+00  0.00000000E+00  0.00000000E+00
  0.00000000E+00  0.00000000E+00  0.00000000E+00 -3.82096264E-13  2.02602778E-12
 -8.30543249E-14 -2.04191243E-12 -2.77840275E-15  0.00000000E+00  1.05474809E-12
  7.59869194E-22  1.21137864E-10 -6.46120170E-05  2.51064682E-03 -1.38405047E-03
  0.00000000E+00  0.00000000E+00  0.00000000E+00  0.00000000E+00  0.00000000E+00
  0.00000000E+00  0.00000000E+00  0.00000000E+00  0.00000000E+00  0.00000000E+00
  0.00000000E+00  0.00000000E+00  0.00000000E+00  0.00000000E+00 -7.16510601E-11
  0.00000000E+00  0.00000000E+00  0.00000000E+00  0.00000000E+00  0.00000000E+00
  0.00000000E+00 -5.29430558E-14 -1.26721387E-13 -1.88483347E-14  4.13735149E-12
  3.03563521E-23  0.00000000E+00  1.22193190E-13  8.68012242E-23 -4.44483291E-03
  6.85661612E-03 -8.62516172E-05  0.00000000E+00  0.00000000E+00  0.00000000E+00
  0.00000000E+00  0.00000000E+00  0.00000000E+00  0.00000000E+00  0.00000000E+00
  0.00000000E+00  0.00000000E+00  0.00000000E+00  0.00000000E+00  0.00000000E+00
  0.00000000E+00  0.00000000E+00 -2.45182195E-12  0.00000000E+00  0.00000000E+00
  0.00000000E+00  0.00000000E+00  0.00000000E+00  0.00000000E+00  0.00000000E+00
 -6.24882675E-15  0.00000000E+00  6.74245707E-13  6.99043227E-03 -4.24905168E-03
 -1.36020333E-08  0.00000000E+00  0.00000000E+00  0.00000000E+00  0.00000000E+00
  0.00000000E+00  0.00000000E+00  0.00000000E+00  0.00000000E+00  0.00000000E+00
  0.00000000E+00  0.00000000E+00  0.00000000E+00  0.00000000E+00  0.00000000E+00
  0.00000000E+00 -6.49189361E-14
->       8      12       1       2                                 <-   
SCAT-SAVED                                                                      
         1         1
->       8      12       2       8                                 <-   
LAMBDA-D                                                                        
  1.24666998E-02  2.82917004E-02  4.25244011E-02  1.33041993E-01  2.92467207E-01
  6.66487694E-01  1.63478100E+00  3.55460000E+00
->      -8       0       0       0                                 <-   
->       6      12       3       3                                 <-   
SIGNATURE                                                                       
         4         4         4
L_LIBRARY   
->       6      12       1      40                                 <-   
STATE-VECTOR                                                                    
         1         1        33         2         0         0         1         0
         0         0         0         0        12         1         0         0
         0         1         8         0         0         1         0         0
         0         0         0         0         0         0         0         0
         0         0         0         0         0         0         0         0
->       6      12       1       1                                 <-   
ISOTOPESMIX                                                                     
         1
->       6      12       3       3                                 <-   
ISOTOPESUSED                                                                    
         4         4         4
*MAC*RES    
->       6      12       3       3                                 <-   
ISOTOPERNAME                                                                    
         4         4         4
*MAC*RES    
->       6      12       2       1                                 <-   
ISOTOPESDENS                                                                    
  1.00000000E+00
->       6      12       1       1                                 <-   
ISOTOPESTYPE                                                                    
         1
->       6      12       1       1                                 <-   
ISOTOPESTODO                                                                    
         1
->       6      12       2       1                                 <-   
ISOTOPESVOL                                                                     
  2.34294758E+01
->       6      12       2       1                                 <-   
ISOTOPESTEMP                                                                    
  7.13160034E+02
->       6      12       2       1                                 <-   
MIXTURESVOL                                                                     
  2.34294758E+01
->       6      12       2       1                                 <-   
K-EFFECTIVE                                                                     
  1.00000000E+00
->       6      12       2       1                                 <-   
K-INFINITY                                                                      
  1.40978813E+00
->       6      12       2       1                                 <-   
B2  B1HOM                                                                       
  9.05171444E-04
->       6      12       3      24                                 <-   
ADDXSNAME-P0                                                                    
         4         4         4         4         4         4         4         4
         4         4         4         4         4         4         4         4
         4         4         4         4         4         4         4         4
NFTOT   NG      N2N     N3N     N4N     NA      NP      N2A     NNP     ND      
NT      TRANC   
->       6      12       2      34                                 <-   
ENERGY                                                                          
  1.96403300E+07  1.00000000E+07  6.06530700E+06  3.67879400E+06  2.23130200E+06
  1.35335300E+06  8.20850000E+05  4.97870688E+05  3.01973812E+05  1.83156406E+05
  1.11090000E+05  6.73794688E+04  4.08677109E+04  2.47875195E+04  1.50343896E+04
  9.11882031E+03  5.53084424E+03  3.35462598E+03  2.03468396E+03  1.23409802E+03
  7.48518311E+02  4.53999298E+02  3.04324799E+02  1.48575897E+02  9.16608810E+01
  6.79040527E+01  4.01689987E+01  2.26032906E+01  1.37095900E+01  8.31528664E+00
  4.00000000E+00  5.40000975E-01  1.00000098E-01  1.10002802E-04
->       6      12       2      33                                 <-   
DELTAU                                                                          
  6.75000012E-01  4.99999970E-01  5.00000179E-01  4.99999672E-01  5.00000060E-01
  5.00000119E-01  5.00000060E-01  5.00000119E-01  4.99999821E-01  4.99999762E-01
  5.00000358E-01  5.00000060E-01  5.00000060E-01  5.00000060E-01  4.99999762E-01
  4.99999970E-01  5.00000179E-01  4.99999762E-01  5.00000119E-01  4.99999970E-01
  5.00000060E-01  4.00000095E-01  7.16999590E-01  4.83000249E-01  2.99999952E-01
  5.25000155E-01  5.75000048E-01  4.99999881E-01  4.99999970E-01  7.31801212E-01
  2.00247860E+00  1.68639970E+00  6.81242085E+00
->      -6       0       0       0                                 <-   
->       5       0       0      -1                                 <-   00000025
->       6      12      10       1                                 <-   
ISOTOPESLIST                                                                    
->       7       0       0      -1                                 <-   00000001
->       8      12       3       3                                 <-   
ALIAS                                                                           
         4         4         4
*MAC*RES0001
->       8      12       2       1                                 <-   
AWR                                                                             
  2.33452759E+01
->       8      12       2      33                                 <-   
NWT0                                                                            
  5.31491287E-06  7.70603874E-05  4.38234041E-04  4.78993030E-03  2.04970594E-02
  4.26042117E-02  1.14149891E-01  1.05589829E-01  1.11658432E-01  1.08197384E-01
  1.00402713E-01  1.00263745E-01  6.96448386E-02  8.62577781E-02  7.58726969E-02
  4.83675674E-02  5.83849773E-02  5.58448434E-02  5.82772829E-02  3.87733169E-02
  3.36230509E-02  1.62259564E-02  3.20688635E-02  1.62609331E-02  8.21647607E-03
  1.09689739E-02  7.65400194E-03  4.86474624E-03  3.45783168E-03  3.24686500E-03
  2.84417765E-03  1.50994107E-04  4.16026023E-06
->       8      12       2      33                                 <-   
NTOT0                                                                           
  6.72488809E-01  7.74333298E-01  9.62482214E-01  9.31002676E-01  7.33766735E-01
  6.80339277E-01  6.86117232E-01  8.47545445E-01  1.01514137E+00  1.18361330E+00
  1.64416611E+00  1.33788884E+00  1.59509408E+00  1.45162964E+00  1.63464165E+00
  1.97410309E+00  1.81651354E+00  1.80643308E+00  1.64200783E+00  1.70274675E+00
  1.68771040E+00  2.06586957E+00  1.73692763E+00  1.73663008E+00  1.72848284E+00
  1.75344765E+00  1.73608160E+00  1.73957765E+00  1.74303496E+00  1.74648011E+00
  1.75591910E+00  1.78612149E+00  1.85679913E+00
->       8      12       2      33                                 <-   
NG                                                                              
  2.08146332E-04  1.18561547E-04  1.33955691E-04  2.30495789E-04  2.23788171E-04
  2.91307137E-04  4.87579237E-04  4.38251271E-04  4.74154018E-04  7.21790944E-04
  9.66628373E-04  7.24192709E-04  1.17013475E-03  8.04112642E-04  1.33412413E-03
  1.53270969E-03  1.06244418E-03  1.10595371E-03  2.59010727E-03  1.66711677E-02
  1.87556550E-03  7.40691321E-03  2.63474626E-03  5.51354978E-03  3.93267814E-03
  1.38273491E-02  5.17291995E-03  6.63810410E-03  8.97068158E-03  1.16147175E-02
  2.02664174E-02  4.88549508E-02  1.12464570E-01
->       8      12       2      33                                 <-   
N2N                                                                             
  1.77475840E-01  1.25728734E-02  0.00000000E+00  0.00000000E+00  0.00000000E+00
  0.00000000E+00  0.00000000E+00  0.00000000E+00  0.00000000E+00  0.00000000E+00
  0.00000000E+00  0.00000000E+00  0.00000000E+00  0.00000000E+00  0.00000000E+00
  0.00000000E+00  0.00000000E+00  0.00000000E+00  0.00000000E+00  0.00000000E+00
  0.00000000E+00  0.00000000E+00  0.00000000E+00  0.00000000E+00  0.00000000E+00
  0.00000000E+00  0.00000000E+00  0.00000000E+00  0.00000000E+00  0.00000000E+00
  0.00000000E+00  0.00000000E+00  0.00000000E+00
->       8      12       2      33                                 <-   
N3N                                                                             
  4.36943228E-04  0.00000000E+00  0.00000000E+00  0.00000000E+00  0.00000000E+00
  0.00000000E+00  0.00000000E+00  0.00000000E+00  0.00000000E+00  0.00000000E+00
  0.00000000E+00  0.00000000E+00  0.00000000E+00  0.00000000E+00  0.00000000E+00
  0.00000000E+00  0.00000000E+00  0.00000000E+00  0.00000000E+00  0.00000000E+00
  0.00000000E+00  0.00000000E+00  0.00000000E+00  0.00000000E+00  0.00000000E+00
  0.00000000E+00  0.00000000E+00  0.00000000E+00  0.00000000E+00  0.00000000E+00
  0.00000000E+00  0.00000000E+00  0.00000000E+00
->       8      12       2      33                                 <-   
NA                                                                              
  2.16142647E-03  9.41411243E-04  1.58319934E-04  1.17674590E-05  1.28776514E-06
  1.47687231E-07  2.46277096E-08  2.57400967E-09  2.40119014E-09  2.57361243E-09
  2.59712074E-09  2.52676102E-09  2.75194778E-09  3.62471519E-09  5.39371703E-09
  7.16888993E-09  9.03908237E-09  1.18743770E-08  1.75866042E-08  2.10085727E-08
  1.37886822E-08  9.06413611E-09  1.04506181E-08  1.41928913E-08  1.57658597E-08
  1.82621953E-08  2.32458923E-08  2.98528597E-08  3.80259486E-08  5.12628908E-08
  8.89047413E-08  2.13571383E-07  4.91371111E-07
->       8      12       2      33                                 <-   
NP                                                                              
  8.63975007E-03  6.29176293E-03  2.91533885E-03  8.77843820E-04  1.61089221E-04
  2.23827992E-05  5.68500070E-07  1.88741134E-09  2.49714040E-18  6.54900346E-19
  1.61366588E-20  0.00000000E+00  0.00000000E+00  0.00000000E+00  0.00000000E+00
  0.00000000E+00  0.00000000E+00  0.00000000E+00  0.00000000E+00  0.00000000E+00
  0.00000000E+00  0.00000000E+00  0.00000000E+00  0.00000000E+00  0.00000000E+00
  0.00000000E+00  0.00000000E+00  0.00000000E+00  0.00000000E+00  0.00000000E+00
  0.00000000E+00  0.00000000E+00  0.00000000E+00
->       8      12       2      33                                 <-   
N2A                                                                             
  3.65170351E-12  0.00000000E+00  0.00000000E+00  0.00000000E+00  0.00000000E+00
  0.00000000E+00  0.00000000E+00  0.00000000E+00  0.00000000E+00  0.00000000E+00
  0.00000000E+00  0.00000000E+00  0.00000000E+00  0.00000000E+00  0.00000000E+00
  0.00000000E+00  0.00000000E+00  0.00000000E+00  0.00000000E+00  0.00000000E+00
  0.00000000E+00  0.00000000E+00  0.00000000E+00  0.00000000E+00  0.00000000E+00
  0.00000000E+00  0.00000000E+00  0.00000000E+00  0.00000000E+00  0.00000000E+00
  0.00000000E+00  0.00000000E+00  0.00000000E+00
->       8      12       2      33                                 <-   
NNP                                                                             
  1.57088682E-03  2.98085951E-07  0.00000000E+00  0.00000000E+00  0.00000000E+00
  0.00000000E+00  0.00000000E+00  0.00000000E+00  0.00000000E+00  0.00000000E+00
  0.00000000E+00  0.00000000E+00  0.00000000E+00  0.00000000E+00  0.00000000E+00
  0.00000000E+00  0.00000000E+00  0.00000000E+00  0.00000000E+00  0.00000000E+00
  0.00000000E+00  0.00000000E+00  0.00000000E+00  0.00000000E+00  0.00000000E+00
  0.00000000E+00  0.00000000E+00  0.00000000E+00  0.00000000E+00  0.00000000E+00
  0.00000000E+00  0.00000000E+00  0.00000000E+00
->       8      12       2      33                                 <-   
ND                                                                              
  1.27473832E-04  6.53662539E-07  7.79328672E-15  0.00000000E+00  0.00000000E+00
  0.00000000E+00  0.00000000E+00  0.00000000E+00  0.00000000E+00  0.00000000E+00
  0.00000000E+00  0.00000000E+00  0.00000000E+00  0.00000000E+00  0.00000000E+00
  0.00000000E+00  0.00000000E+00  0.00000000E+00  0.00000000E+00  0.00000000E+00
  0.00000000E+00  0.00000000E+00  0.00000000E+00  0.00000000E+00  0.00000000E+00
  0.00000000E+00  0.00000000E+00  0.00000000E+00  0.00000000E+00  0.00000000E+00
  0.00000000E+00  0.00000000E+00  0.00000000E+00
->       8      12       2      33                                 <-   
NT                                                                              
  2.24819019E-06  1.38380090E-16  0.00000000E+00  0.00000000E+00  0.00000000E+00
  0.00000000E+00  0.00000000E+00  0.00000000E+00  0.00000000E+00  0.00000000E+00
  0.00000000E+00  0.00000000E+00  0.00000000E+00  0.00000000E+00  0.00000000E+00
  0.00000000E+00  0.00000000E+00  0.00000000E+00  0.00000000E+00  0.00000000E+00
  0.00000000E+00  0.00000000E+00  0.00000000E+00  0.00000000E+00  0.00000000E+00
  0.00000000E+00  0.00000000E+00  0.00000000E+00  0.00000000E+00  0.00000000E+00
  0.00000000E+00  0.00000000E+00  0.00000000E+00
->       8      12       2      33                                 <-   
H-FACTOR                                                                        
  1.62695296E-16  1.06392156E-16  1.39526457E-16  2.43122305E-16  2.62168609E-16
  3.34805522E-16  4.94301588E-16  5.16780624E-16  6.15823075E-16  8.36223854E-16
  1.12603014E-15  9.41256892E-16  1.54392825E-15  1.07320250E-15  1.86463948E-15
  2.27872128E-15  1.52145816E-15  1.51488857E-15  3.48315470E-15  2.08007643E-14
  2.38673725E-15  1.08972940E-14  3.69295142E-15  6.65699922E-15  5.29508078E-15
  1.97767828E-14  6.90343838E-15  8.82266638E-15  1.17540348E-14  1.54183053E-14
  2.68934485E-14  6.48196096E-14  1.49211359E-13
->       8      12       2      33                                 <-   
OVERV                                                                           
  2.13664225E-10  2.69813366E-10  3.45646539E-10  4.47748005E-10  5.59729596E-10
  7.11712467E-10  9.24073096E-10  1.16721277E-09  1.48539359E-09  1.93864325E-09
  2.48971510E-09  3.15468363E-09  4.04934442E-09  5.10729015E-09  6.67702960E-09
  8.66432526E-09  1.10605534E-08  1.40798573E-08  1.81679383E-08  2.33665691E-08
  2.98808303E-08  3.69514908E-08  4.95204802E-08  6.67389060E-08  8.13100698E-08
  9.92448932E-08  1.31071616E-07  1.71603091E-07  2.20209955E-07  2.97984997E-07
  5.17788067E-07  1.24517419E-06  2.86767317E-06
->       8      12       2      33                                 <-   
STRD                                                                            
  4.51044381E-01  4.75111604E-01  5.70501685E-01  7.31530666E-01  6.99966967E-01
  7.01578796E-01  7.04064071E-01  8.58834147E-01  1.13421071E+00  1.37815475E+00
  1.84902954E+00  1.57089984E+00  1.67996347E+00  1.65982020E+00  1.79184639E+00
  1.99598777E+00  1.89130950E+00  1.89356816E+00  1.80727148E+00  1.86022580E+00
  1.82964540E+00  1.98353040E+00  1.82234573E+00  1.79817176E+00  1.75854445E+00
  1.76293015E+00  1.73416781E+00  1.73944199E+00  1.72026098E+00  1.72762775E+00
  1.75218189E+00  1.77885616E+00  1.91860163E+00
->       8      12       2      33                                 <-   
SIGS00                                                                          
  8.37981701E-01  7.79514194E-01  9.59235430E-01  9.29860175E-01  7.33375072E-01
  6.80026531E-01  6.85628951E-01  8.47107172E-01  1.01466751E+00  1.18289161E+00
  1.64319897E+00  1.33716488E+00  1.59392321E+00  1.45082545E+00  1.63330841E+00
  1.97256982E+00  1.81545055E+00  1.80532706E+00  1.63941860E+00  1.68607545E+00
  1.68583405E+00  2.05846190E+00  1.73429334E+00  1.73111570E+00  1.72455025E+00
  1.73962021E+00  1.73090923E+00  1.73294032E+00  1.73406374E+00  1.73486567E+00
  1.73565221E+00  1.73726666E+00  1.74433374E+00
->       8      12       1      33                                 <-   
NJJS00                                                                          
         1         2         3         4         5         6         7         8
         9        10        11        12        13        14        15        16
        17        18        19        20        21        22        23        24
        25        26        27        28        29        31        33        33
        33
->       8      12       1      33                                 <-   
IJJS00                                                                          
         1         2         3         4         5         6         7         8
         9        10        11        12        13        14        15        16
        17        18        19        20        21        22        23        24
        25        26        27        28        29        31        33        33
        33
->       8      12       2     565                                 <-   
SCAT00                                                                          
  3.32813621E-01  4.33537215E-01  3.29368562E-02  6.91089869E-01  3.34738158E-02
  4.92778495E-02  8.29799116E-01  4.47160229E-02  7.42673725E-02  9.18828622E-02
  6.75015748E-01  6.16792180E-02  5.57957999E-02  9.70409513E-02  1.18064508E-01
  6.42764270E-01  3.54386158E-02  1.46334246E-02  7.20561519E-02  6.48527518E-02
  9.32122618E-02  6.64282262E-01  2.44014394E-02  1.65476501E-02  9.27015673E-03
  4.59497832E-02  3.86085100E-02  5.91631457E-02  8.17475200E-01  2.10148674E-02
  4.62806458E-03  3.56319221E-03  6.56918716E-03  2.59845089E-02  2.01789532E-02
  3.17345373E-02  9.81170475E-01  2.94120181E-02  1.63714387E-04  4.40249126E-03
  1.37974508E-03  4.01430437E-03  1.34283165E-02  9.63989180E-03  1.52593181E-02
  1.14369071E+00  3.33511010E-02  1.09757013E-04  1.22739730E-04  2.19763024E-03
  7.73130567E-04  2.38613901E-03  5.65277552E-03  4.33270261E-03  7.08441669E-03
  1.59809232E+00  3.91388834E-02  1.06082611E-04  6.01492429E-05  2.20566144E-05
  8.93551682E-04  3.58909427E-04  9.25992790E-04  2.57094344E-03  1.94473239E-03
  3.37737729E-03  1.29300058E+00  4.50855345E-02  3.36393859E-05  3.79319063E-05
  2.50053217E-05  1.19514707E-05  3.59394355E-04  1.63254139E-04  3.56811419E-04
  1.14594004E-03  8.57966603E-04  1.61333289E-03  1.52537155E+00  4.41577286E-02
  1.24771705E-05  1.93807464E-05  1.34383106E-06  1.39639078E-05  5.36292464E-06
  1.09404165E-04  7.31773180E-05  1.38499643E-04  4.91446350E-04  4.06189327E-04
  7.98192108E-04  1.39603651E+00  6.78748488E-02  6.83704184E-06  4.42963483E-06
  5.09086567E-06  4.29252026E-07  6.51958180E-06  3.01244586E-06  6.15789104E-05
  3.33335338E-05  5.39900066E-05  2.05950069E-04  1.93336033E-04  3.98003729E-04
  1.57858276E+00  5.34108207E-02  6.77296368E-04  0.00000000E+00  2.88363458E-06
  2.20080528E-06  1.87558982E-07  2.49065829E-06  1.51737765E-06  1.25982842E-04
  1.46686534E-05  2.04964635E-05  8.49762073E-05  9.23225671E-05  2.07179022E-04
  1.88519549E+00  5.47222011E-02  7.88491336E-04  0.00000000E+00  0.00000000E+00
  1.27939063E-06  1.04567926E-06  7.45002353E-08  1.02502145E-06  6.88560135E-07
  6.03886620E-05  6.36853201E-06  7.85041357E-06  3.61603707E-05  4.59805415E-05
  9.44066996E-05  1.74520195E+00  8.73738229E-02  0.00000000E+00  4.05504019E-04
  0.00000000E+00  0.00000000E+00  4.90538355E-07  3.93686889E-07  2.78030399E-08
  3.83099604E-07  3.41642590E-07  1.39360891E-05  3.25130486E-06  3.03117986E-06
  1.49682282E-05  2.21358987E-05  3.80909369E-05  1.73698711E+00  7.02490062E-02
  0.00000000E+00  0.00000000E+00  1.21190882E-04  0.00000000E+00  0.00000000E+00
  1.83362488E-07  1.47097339E-07  1.03285496E-08  1.42377758E-07  1.76484178E-07
  5.85432963E-06  1.85432123E-06  1.18059427E-06  6.32463070E-06  1.02263621E-05
  1.52579569E-05  1.58395243E+00  6.83399737E-02  0.00000000E+00  0.00000000E+00
  0.00000000E+00  4.39482756E-05  0.00000000E+00  0.00000000E+00  2.34251853E-08
  5.64019231E-08  3.82858012E-09  5.29915631E-08  8.80100259E-08  2.06385380E-06
  1.01103979E-06  4.71909715E-07  2.74693798E-06  4.66022857E-06  6.08707342E-06
  1.62666690E+00  5.54661751E-02  0.00000000E+00  0.00000000E+00  0.00000000E+00
  0.00000000E+00  1.27942858E-05  0.00000000E+00  0.00000000E+00  0.00000000E+00
  2.58382542E-08  1.41874201E-09  1.98061425E-08  4.10821421E-08  2.62719254E-07
  5.15460783E-07  1.97982956E-07  1.26131749E-06  2.17567685E-06  2.45904653E-06
  1.62739944E+00  5.94090112E-02  0.00000000E+00  0.00000000E+00  0.00000000E+00
  0.00000000E+00  0.00000000E+00  4.83787926E-06  0.00000000E+00  0.00000000E+00
  0.00000000E+00  1.09286020E-08  5.26497457E-10  7.46298401E-09  1.79544379E-08
  8.01730451E-08  2.41386459E-07  8.72205916E-08  6.21199604E-07  1.10198198E-06
  1.01529224E-06  1.95097566E+00  5.84342070E-02  0.00000000E+00  0.00000000E+00
  0.00000000E+00  0.00000000E+00  0.00000000E+00  8.89508726E-07  1.11661757E-06
  0.00000000E+00  0.00000000E+00  0.00000000E+00  3.55375018E-09  1.70629427E-10
  2.48129362E-09  6.62521771E-09  2.76523160E-08  9.53631272E-08  3.44822126E-08
  2.76103691E-07  5.65156824E-07  3.68521427E-07  1.69463897E+00  1.07485868E-01
  0.00000000E+00  0.00000000E+00  0.00000000E+00  0.00000000E+00  0.00000000E+00
  0.00000000E+00  1.87017076E-06  2.47269725E-08  0.00000000E+00  0.00000000E+00
  0.00000000E+00  2.26673524E-09  1.08290210E-10  1.62832181E-09  4.73718620E-09
  1.93307113E-08  7.86151304E-08  2.84378014E-08  2.57492616E-07  5.23916810E-07
  2.68467119E-07  1.67092431E+00  3.96548547E-02  0.00000000E+00  0.00000000E+00
  0.00000000E+00  0.00000000E+00  0.00000000E+00  0.00000000E+00  0.00000000E+00
  3.76821220E-07  0.00000000E+00  0.00000000E+00  0.00000000E+00  0.00000000E+00
  4.64012939E-10  2.17250402E-11  3.52833762E-10  1.13094645E-09  4.61519400E-09
  2.23387939E-08  8.10903167E-09  8.32584135E-08  1.36556707E-07  6.61048531E-08
  1.62314725E+00  6.01908863E-02  0.00000000E+00  0.00000000E+00  0.00000000E+00
  0.00000000E+00  0.00000000E+00  0.00000000E+00  0.00000000E+00  0.00000000E+00
  1.05411168E-07  0.00000000E+00  0.00000000E+00  0.00000000E+00  0.00000000E+00
  1.32780967E-10  6.33627395E-12  1.09131440E-10  3.72212899E-10  1.47899737E-09
  8.17215007E-09  2.93891333E-09  3.12875663E-08  4.42544881E-08  2.20373693E-08
  1.69165313E+00  1.01402752E-01  5.81746292E-07  0.00000000E+00  0.00000000E+00
  0.00000000E+00  0.00000000E+00  0.00000000E+00  0.00000000E+00  0.00000000E+00
  0.00000000E+00  8.42088426E-08  0.00000000E+00  0.00000000E+00  0.00000000E+00
  0.00000000E+00  1.11249239E-10  5.20965736E-12  9.85269644E-11  3.55249496E-10
  1.40920331E-09  8.40049186E-09  3.15236925E-09  3.29417560E-08  4.02730791E-08
  2.13877769E-08  1.68121600E+00  4.79670316E-02  0.00000000E+00  0.00000000E+00
  0.00000000E+00  0.00000000E+00  0.00000000E+00  0.00000000E+00  0.00000000E+00
  0.00000000E+00  0.00000000E+00  0.00000000E+00  3.16121245E-08  0.00000000E+00
  0.00000000E+00  0.00000000E+00  0.00000000E+00  4.63231606E-11  2.10262645E-12
  4.55769034E-11  1.76682280E-10  6.44281517E-10  4.20637880E-09  1.82266757E-09
  1.83818933E-08  1.87784313E-08  1.10124914E-08  1.67616069E+00  4.96936440E-02
  0.00000000E+00  0.00000000E+00  0.00000000E+00  0.00000000E+00  0.00000000E+00
  0.00000000E+00  0.00000000E+00  0.00000000E+00  0.00000000E+00  0.00000000E+00
  0.00000000E+00  9.63504831E-09  0.00000000E+00  0.00000000E+00  0.00000000E+00
  0.00000000E+00  1.62033390E-11  6.03395155E-13  1.61238436E-11  7.12205017E-11
  2.53357418E-10  1.85228166E-09  7.91780530E-10  8.30346725E-09  7.31502059E-09
  4.09661238E-09  1.67787790E+00  5.67797050E-02  0.00000000E+00  0.00000000E+00
  0.00000000E+00  0.00000000E+00  0.00000000E+00  0.00000000E+00  0.00000000E+00
  0.00000000E+00  0.00000000E+00  0.00000000E+00  0.00000000E+00  0.00000000E+00
  3.68283781E-09  0.00000000E+00  0.00000000E+00  0.00000000E+00  0.00000000E+00
  5.87112347E-12  2.22363930E-13  7.00759806E-12  3.64136360E-11  3.72439475E-11
  9.44416878E-10  4.69814465E-10  4.72234296E-09  3.69638453E-09  2.38177056E-09
  6.66014710E-03  1.69568145E+00  5.61857186E-02  0.00000000E+00  0.00000000E+00
  0.00000000E+00  0.00000000E+00  0.00000000E+00  0.00000000E+00  0.00000000E+00
  0.00000000E+00  0.00000000E+00  0.00000000E+00  0.00000000E+00  0.00000000E+00
  0.00000000E+00  1.76460202E-09  0.00000000E+00  0.00000000E+00  0.00000000E+00
  0.00000000E+00  0.00000000E+00  1.25434588E-13  4.36927447E-12  2.51331646E-11
  3.30271487E-12  4.50393528E-10  3.74348219E-10  3.45132012E-09  2.54553001E-09
  1.80283866E-09 -2.08297588E-10  5.45580648E-02  1.72244096E+00  3.91840935E-02
  0.00000000E+00  0.00000000E+00  0.00000000E+00  0.00000000E+00  0.00000000E+00
  0.00000000E+00  0.00000000E+00  0.00000000E+00  0.00000000E+00  0.00000000E+00
  0.00000000E+00  0.00000000E+00  0.00000000E+00  0.00000000E+00  6.68495037E-10
  0.00000000E+00  0.00000000E+00  0.00000000E+00  0.00000000E+00  0.00000000E+00
  6.18189378E-14  7.39019740E-13  8.13577764E-12  9.00036285E-13  2.44289755E-10
  2.99678032E-10  2.76715961E-09  1.72176329E-09  1.36791245E-09  1.82952598E-01
  1.67411458E+00  6.55113952E-03  0.00000000E+00  0.00000000E+00  0.00000000E+00
  0.00000000E+00  0.00000000E+00  0.00000000E+00  0.00000000E+00  0.00000000E+00
  0.00000000E+00  0.00000000E+00  0.00000000E+00  0.00000000E+00  0.00000000E+00
  0.00000000E+00  0.00000000E+00  3.16892762E-11  0.00000000E+00  0.00000000E+00
  0.00000000E+00  0.00000000E+00  0.00000000E+00  4.50127623E-15  2.90898685E-15
  4.76275974E-13  1.66125590E-14  1.06654789E-11  3.34809853E-11  3.50788482E-10
  1.81566803E-10  1.54482385E-10  1.56138146E+00  8.59365426E-03  2.15755350E-07
  0.00000000E+00  0.00000000E+00  0.00000000E+00  0.00000000E+00  0.00000000E+00
  0.00000000E+00  0.00000000E+00  0.00000000E+00  0.00000000E+00  0.00000000E+00
  0.00000000E+00  0.00000000E+00  0.00000000E+00  0.00000000E+00  0.00000000E+00
  3.88083706E-12  0.00000000E+00  0.00000000E+00  0.00000000E+00  0.00000000E+00
  0.00000000E+00  6.98323502E-16  4.88930922E-16  4.41503176E-15  8.25460342E-16
  5.29674937E-13  4.03272598E-12  2.52356018E-11  5.84686119E-12  1.54264882E-11
->       8      12       2      33                                 <-   
SIGS01                                                                          
  2.85830349E-01  3.49924028E-01  4.65012789E-01  3.37952137E-01  1.76284671E-01
  1.34766534E-01  1.16819635E-01  1.08640440E-01  9.82745811E-02  7.26009309E-02
  6.73137382E-02  4.10762765E-02  3.64925563E-02  1.85866971E-02  1.66519936E-02
  1.89389847E-02  1.48944445E-02  1.45323668E-02  1.13110207E-02  1.08122332E-02
  1.06303357E-02  1.51226921E-02  1.11138672E-02  1.09181227E-02  1.09733539E-02
  1.10139279E-02  1.10522136E-02  1.10747162E-02  1.10872276E-02  1.10961059E-02
  1.15526710E-02  1.15787238E-02  1.16390027E-02
->       8      12       1      33                                 <-   
NJJS01                                                                          
         1         2         3         4         5         6         7         8
         9        10        11        12        13        14        15        16
        17        18        19        20        21        22        23        24
        25        26        27        28        29        31        33        29
        19
->       8      12       1      33                                 <-   
IJJS01                                                                          
         1         2         3         4         5         6         7         8
         9        10        11        12        13        14        15        16
        17        18        19        20        21        22        23        24
        25        26        27        28        29        31        33        33
        33
->       8      12       2     547                                 <-   
SCAT01                                                                          
  2.68538386E-01  3.41162831E-01  5.93788410E-03  4.63674605E-01  3.19294445E-03
  4.30901069E-03  3.46033663E-01 -1.91532867E-03  2.87643354E-03  3.39746894E-03
  1.82306051E-01 -7.51307094E-03  1.64225441E-03  1.42484403E-03  1.84887554E-03
  1.40368268E-01 -6.27687480E-03 -5.48177981E-04  7.32288288E-04  7.03695521E-04
  9.87794367E-04  1.22531548E-01 -6.04646700E-03  6.67332148E-04 -1.06157218E-04
  5.06553624E-04  3.39802355E-04  5.34052262E-04  1.18528567E-01 -5.71499905E-03
  3.57902958E-04 -4.32276400E-04  6.14572054E-05  5.15103275E-05  1.36289513E-04
  1.87643527E-04  1.11235112E-01 -9.88436118E-03  5.20514368E-06  7.08865846E-05
  1.69574541E-05  4.85871496E-05  1.46840219E-04  8.05185991E-05  6.32164083E-05
  8.49114507E-02 -1.29576800E-02 -3.72823661E-06 -2.71254544E-06  2.16378412E-05
  2.69488601E-06 -1.80988513E-06  8.70560034E-05 -6.40065855E-06 -2.09373011E-05
  8.05921853E-02 -1.23111913E-02 -1.00002376E-06 -1.85377317E-07  4.96752705E-07
  2.82719084E-05  1.79801168E-06 -1.21666899E-05  4.87303259E-05  2.42396186E-06
  1.72475047E-05  5.56199327E-02 -1.32785104E-02  1.48506069E-06 -1.77005677E-06
  3.10345683E-07 -5.73996424E-08 -5.43892311E-05 -6.09404481E-07 -4.99655107E-06
  2.93707853E-05  8.45873183E-06  2.02835145E-05  5.88152297E-02 -1.45380897E-02
  1.19209673E-07 -6.46443368E-07 -7.76458009E-08  1.30733426E-07 -5.68245966E-08
  5.61592833E-06 -7.03189244E-07 -2.34427580E-06  6.61618560E-06 -1.09598375E-06
 -1.47664775E-06  3.57492119E-02 -2.23163087E-02 -5.57063458E-06 -5.10122504E-08
 -1.39724335E-07  6.77854495E-10 -1.50501620E-07  1.75362757E-07 -1.23311531E-06
  1.38937764E-07 -1.39717372E-06  2.82851647E-06  1.84788894E-06  1.04228220E-05
  3.37313265E-02 -1.71536729E-02 -6.35895685E-06  0.00000000E+00  6.67700988E-08
  2.04167598E-08  3.82320486E-09 -5.68333860E-08  6.26410790E-09  3.45158223E-05
 -2.39262391E-07 -7.09888695E-07 -3.97023179E-08  1.10518704E-06  4.37080826E-06
  4.67141084E-02 -1.70796756E-02  2.03227296E-06  0.00000000E+00  0.00000000E+00
 -2.00217922E-08 -2.52943835E-08 -4.90451346E-10 -3.69636588E-08  1.19854784E-08
 -1.76066405E-05 -1.81798683E-07 -3.59778937E-07  2.24853707E-07  4.31932143E-08
 -2.31941908E-06  3.79805379E-02 -2.77751219E-02  0.00000000E+00 -7.02063790E-06
  0.00000000E+00  0.00000000E+00 -1.00465982E-08 -1.23817498E-08 -2.34946729E-10
 -1.95113969E-08  1.38296361E-08  9.63683192E-07  2.86060299E-07 -1.88640982E-07
 -3.60012393E-07  3.46605056E-08 -3.88347559E-07  3.75925303E-02 -2.30860878E-02
  0.00000000E+00  0.00000000E+00 -1.50041387E-06  0.00000000E+00  0.00000000E+00
 -6.59267130E-09 -5.97195005E-09 -1.11781522E-10 -9.25421784E-09  1.14269971E-08
 -6.46627313E-07  1.91754438E-07 -8.83462690E-08 -2.06632322E-07 -2.31176585E-07
 -6.86072724E-07  2.94313375E-02 -2.30601598E-02  0.00000000E+00  0.00000000E+00
  0.00000000E+00 -1.64229618E-06  0.00000000E+00  0.00000000E+00 -1.08159615E-08
 -1.60336455E-09 -5.29156649E-11 -4.36839942E-09  3.49655060E-09 -1.06975779E-06
  7.18167215E-08 -3.78751714E-08 -8.58080682E-08 -1.11124088E-07 -3.13926222E-07
  3.02042905E-02 -1.81203131E-02  0.00000000E+00  0.00000000E+00  0.00000000E+00
  0.00000000E+00 -2.74796179E-07  0.00000000E+00  0.00000000E+00  0.00000000E+00
  4.70085082E-11 -2.49376769E-11 -2.05095985E-09 -1.00791187E-09 -7.61766543E-08
  1.18861543E-08 -1.68057905E-08 -2.57770374E-08  5.68708955E-08 -1.10162645E-07
  2.94472147E-02 -1.93920527E-02  0.00000000E+00  0.00000000E+00  0.00000000E+00
  0.00000000E+00  0.00000000E+00 -1.34953808E-07  0.00000000E+00  0.00000000E+00
  0.00000000E+00 -9.23506660E-10 -1.16878642E-11 -9.55397539E-10 -2.22594143E-09
 -1.33754252E-08 -5.74086689E-09 -7.43368833E-09  2.62565325E-09  1.11927491E-07
 -3.84430550E-08  5.15486822E-02 -1.88168809E-02  0.00000000E+00  0.00000000E+00
  0.00000000E+00  0.00000000E+00  0.00000000E+00  4.30891589E-07 -2.78783489E-07
  0.00000000E+00  0.00000000E+00  0.00000000E+00 -3.71021103E-10 -4.65269663E-12
 -3.71658454E-10 -1.28932909E-09 -5.29408206E-09 -3.41610762E-09 -2.81517476E-09
  8.62577121E-09  1.44067855E-07 -1.21719674E-08  2.40991171E-02 -3.64259966E-02
  0.00000000E+00  0.00000000E+00  0.00000000E+00  0.00000000E+00  0.00000000E+00
  0.00000000E+00 -4.62023095E-08 -2.13869171E-08  0.00000000E+00  0.00000000E+00
  0.00000000E+00 -2.89502478E-10 -3.48101279E-12 -2.92870700E-10 -1.05170961E-09
 -3.82121801E-09 -2.30540564E-09 -2.03757700E-09  1.64802501E-08  1.54552154E-07
 -7.05363545E-09  3.06309909E-02 -1.29852500E-02  0.00000000E+00  0.00000000E+00
  0.00000000E+00  0.00000000E+00  0.00000000E+00  0.00000000E+00  0.00000000E+00
 -2.35471500E-08  0.00000000E+00  0.00000000E+00  0.00000000E+00  0.00000000E+00
 -7.40964651E-11 -1.02264855E-12 -7.30010496E-11 -2.43623149E-10 -8.01483657E-10
 -7.80007281E-10 -4.74991102E-10  9.54402246E-09  3.01821679E-08 -1.10768084E-09
  4.41906042E-02 -1.97123308E-02  0.00000000E+00  0.00000000E+00  0.00000000E+00
  0.00000000E+00  0.00000000E+00  0.00000000E+00  0.00000000E+00  0.00000000E+00
 -8.02650835E-09  0.00000000E+00  0.00000000E+00  0.00000000E+00  0.00000000E+00
 -2.71860780E-11 -3.39643407E-13 -2.25412380E-11 -7.31151181E-11 -2.53570970E-10
 -4.21257647E-11 -1.19282015E-10  3.31409455E-09  8.15357915E-09 -3.27309985E-10
  2.67494656E-02 -3.32172513E-02 -5.38893346E-07  0.00000000E+00  0.00000000E+00
  0.00000000E+00  0.00000000E+00  0.00000000E+00  0.00000000E+00  0.00000000E+00
  0.00000000E+00 -7.67849784E-09  0.00000000E+00  0.00000000E+00  0.00000000E+00
  0.00000000E+00 -2.58568618E-11 -3.11204675E-13 -1.88704018E-11 -5.93897431E-11
 -1.80576651E-10  2.63521899E-10 -1.20287003E-10  2.83136159E-09  6.51266685E-09
 -2.57586563E-10  2.72829793E-02 -1.57355387E-02  0.00000000E+00  0.00000000E+00
  0.00000000E+00  0.00000000E+00  0.00000000E+00  0.00000000E+00  0.00000000E+00
  0.00000000E+00  0.00000000E+00  0.00000000E+00 -3.66986952E-09  0.00000000E+00
  0.00000000E+00  0.00000000E+00  0.00000000E+00 -1.17401904E-11 -1.38221967E-13
 -6.68694093E-12 -1.92135231E-11 -8.49359819E-11  1.21441912E-10 -4.77697361E-11
  1.11425225E-09  2.46958587E-09 -9.17186466E-11  2.97066364E-02 -1.62307657E-02
  0.00000000E+00  0.00000000E+00  0.00000000E+00  0.00000000E+00  0.00000000E+00
  0.00000000E+00  0.00000000E+00  0.00000000E+00  0.00000000E+00  0.00000000E+00
  0.00000000E+00 -1.32322253E-09  0.00000000E+00  0.00000000E+00  0.00000000E+00
  0.00000000E+00 -4.16001782E-12 -2.14988549E-14 -2.91865360E-12 -1.65532399E-12
 -1.65152614E-11  2.27028465E-10  4.78083989E-13  3.24567512E-10  7.07468473E-10
  2.76864382E-11  2.94526890E-02 -1.86319202E-02  0.00000000E+00  0.00000000E+00
  0.00000000E+00  0.00000000E+00  0.00000000E+00  0.00000000E+00  0.00000000E+00
  0.00000000E+00  0.00000000E+00  0.00000000E+00  0.00000000E+00  0.00000000E+00
 -6.54006405E-10  0.00000000E+00  0.00000000E+00  0.00000000E+00  0.00000000E+00
 -1.44284086E-12  0.00000000E+00 -1.86652256E-12  3.02085613E-12 -4.94778350E-12
  1.72000872E-10  9.10909802E-14  1.12461762E-10  2.65981737E-10  9.55201543E-12
  1.09107146E-04  2.37945784E-02 -1.83654614E-02  0.00000000E+00  0.00000000E+00
  0.00000000E+00  0.00000000E+00  0.00000000E+00  0.00000000E+00  0.00000000E+00
  0.00000000E+00  0.00000000E+00  0.00000000E+00  0.00000000E+00  0.00000000E+00
  0.00000000E+00 -4.01949973E-10  0.00000000E+00  0.00000000E+00  0.00000000E+00
  0.00000000E+00  0.00000000E+00  0.00000000E+00 -1.03022766E-12  6.06426584E-12
 -2.35167815E-13 -1.10614035E-11 -6.37502619E-15  0.00000000E+00  1.08301271E-10
  3.52550112E-21  1.47991341E-10 -7.44632818E-03  1.29996818E-02 -1.26984734E-02
  0.00000000E+00  0.00000000E+00  0.00000000E+00  0.00000000E+00  0.00000000E+00
  0.00000000E+00  0.00000000E+00  0.00000000E+00  0.00000000E+00  0.00000000E+00
  0.00000000E+00  0.00000000E+00  0.00000000E+00  0.00000000E+00 -1.70685077E-10
  0.00000000E+00  0.00000000E+00  0.00000000E+00  0.00000000E+00  0.00000000E+00
  0.00000000E+00 -1.42747793E-13 -3.79299944E-13 -5.08502135E-14  1.93693603E-11
  6.51959081E-23  0.00000000E+00  1.25467683E-11  4.02724347E-22 -3.17657106E-02
  2.07561515E-02 -1.55593106E-03  0.00000000E+00  0.00000000E+00  0.00000000E+00
  0.00000000E+00  0.00000000E+00  0.00000000E+00  0.00000000E+00  0.00000000E+00
  0.00000000E+00  0.00000000E+00  0.00000000E+00  0.00000000E+00  0.00000000E+00
  0.00000000E+00  0.00000000E+00 -5.84066042E-12  0.00000000E+00  0.00000000E+00
  0.00000000E+00  0.00000000E+00  0.00000000E+00  0.00000000E+00  0.00000000E+00
 -1.87038614E-14  0.00000000E+00  3.42059107E-12  4.34047058E-02 -1.73109886E-03
 -1.85974216E-07  0.00000000E+00  0.00000000E+00  0.00000000E+00  0.00000000E+00
  0.00000000E+00  0.00000000E+00  0.00000000E+00  0.00000000E+00  0.00000000E+00
  0.00000000E+00  0.00000000E+00  0.00000000E+00  0.00000000E+00  0.00000000E+00
  0.00000000E+00 -1.54648036E-13
->       8      12       1       2                                 <-   
SCAT-SAVED                                                                      
         1         1
->       8      12       2       8                                 <-   
LAMBDA-D                                                                        
  1.24666998E-02  2.82917004E-02  4.25244011E-02  1.33041993E-01  2.92467207E-01
  6.66487694E-01  1.63478100E+00  3.55460000E+00
->      -8       0       0       0                                 <-   
->       6      12       3       3                                 <-   
SIGNATURE                                                                       
         4         4         4
L_LIBRARY   
->       6      12       1      40                                 <-   
STATE-VECTOR                                                                    
         1         1        33         2         0         0         1         0
         0         0         0         0        12         1         0         0
         0         1         8         0         0         1         0         0
         0         0         0         0         0         0         0         0
         0         0         0         0         0         0         0         0
->       6      12       1       1                                 <-   
ISOTOPESMIX                                                                     
         1
->       6      12       3       3                                 <-   
ISOTOPESUSED                                                                    
         4         4         4
*MAC*RES    
->       6      12       3       3                                 <-   
ISOTOPERNAME                                                                    
         4         4         4
*MAC*RES    
->       6      12       2       1                                 <-   
ISOTOPESDENS                                                                    
  1.00000000E+00
->       6      12       1       1                                 <-   
ISOTOPESTYPE                                                                    
         1
->       6      12       1       1                                 <-   
ISOTOPESTODO                                                                    
         1
->       6      12       2       1                                 <-   
ISOTOPESVOL                                                                     
  2.34294758E+01
->       6      12       2       1                                 <-   
ISOTOPESTEMP                                                                    
  7.13160034E+02
->       6      12       2       1                                 <-   
MIXTURESVOL                                                                     
  2.34294758E+01
->       6      12       2       1                                 <-   
K-EFFECTIVE                                                                     
  1.00000000E+00
->       6      12       2       1                                 <-   
K-INFINITY                                                                      
  1.09857690E+00
->       6      12       2       1                                 <-   
B2  B1HOM                                                                       
  2.09112023E-03
->       6      12       3      24                                 <-   
ADDXSNAME-P0                                                                    
         4         4         4         4         4         4         4         4
         4         4         4         4         4         4         4         4
         4         4         4         4         4         4         4         4
NFTOT   NG      N2N     N3N     N4N     NA      NP      N2A     NNP     ND      
NT      TRANC   
->       6      12       2      34                                 <-   
ENERGY                                                                          
  1.96403300E+07  1.00000000E+07  6.06530700E+06  3.67879400E+06  2.23130200E+06
  1.35335300E+06  8.20850000E+05  4.97870688E+05  3.01973812E+05  1.83156406E+05
  1.11090000E+05  6.73794688E+04  4.08677109E+04  2.47875195E+04  1.50343896E+04
  9.11882031E+03  5.53084424E+03  3.35462598E+03  2.03468396E+03  1.23409802E+03
  7.48518311E+02  4.53999298E+02  3.04324799E+02  1.48575897E+02  9.16608810E+01
  6.79040527E+01  4.01689987E+01  2.26032906E+01  1.37095900E+01  8.31528664E+00
  4.00000000E+00  5.40000975E-01  1.00000098E-01  1.10002802E-04
->       6      12       2      33                                 <-   
DELTAU                                                                          
  6.75000012E-01  4.99999970E-01  5.00000179E-01  4.99999672E-01  5.00000060E-01
  5.00000119E-01  5.00000060E-01  5.00000119E-01  4.99999821E-01  4.99999762E-01
  5.00000358E-01  5.00000060E-01  5.00000060E-01  5.00000060E-01  4.99999762E-01
  4.99999970E-01  5.00000179E-01  4.99999762E-01  5.00000119E-01  4.99999970E-01
  5.00000060E-01  4.00000095E-01  7.16999590E-01  4.83000249E-01  2.99999952E-01
  5.25000155E-01  5.75000048E-01  4.99999881E-01  4.99999970E-01  7.31801212E-01
  2.00247860E+00  1.68639970E+00  6.81242085E+00
->      -6       0       0       0                                 <-   
->       5       0       0      -1                                 <-   00000026
->       6      12      10       1                                 <-   
ISOTOPESLIST                                                                    
->       7       0       0      -1                                 <-   00000001
->       8      12       3       3                                 <-   
ALIAS                                                                           
         4         4         4
*MAC*RES0001
->       8      12       2       1                                 <-   
AWR                                                                             
  3.47496486E+00
->       8      12       2      33                                 <-   
NWT0                                                                            
  9.04665576E-05  1.37778406E-03  6.52791746E-03  2.15146709E-02  4.21567708E-02
  7.46999085E-02  1.61679029E-01  1.53639659E-01  1.69464007E-01  1.73579022E-01
  1.44365281E-01  1.30178452E-01  8.68337527E-02  9.27548409E-02  7.01065734E-02
  3.70141901E-02  4.52437624E-02  3.95117141E-02  3.73964012E-02  1.87928341E-02
  1.35928476E-02  5.19789709E-03  9.22011305E-03  3.53238173E-03  1.46807439E-03
  1.59073283E-03  8.13387858E-04  3.95238283E-04  2.12244428E-04  1.40300763E-04
  6.56206248E-05  9.21101503E-07  1.96790353E-08
->       8      12       2      33                                 <-   
NTOT0                                                                           
  1.76252440E-01  2.11057290E-01  2.22488686E-01  2.11466581E-01  1.90059766E-01
  1.75382808E-01  1.88225940E-01  2.21400619E-01  2.48785853E-01  2.37228185E-01
  3.36685002E-01  3.27301323E-01  4.76584285E-01  3.58551830E-01  5.60211360E-01
  8.85618269E-01  7.27633774E-01  7.06263721E-01  5.50299823E-01  6.07125342E-01
  5.91749847E-01  9.27719235E-01  6.43387139E-01  6.41382694E-01  6.32663786E-01
  6.53519332E-01  6.40192151E-01  6.43678844E-01  6.47140205E-01  6.50413930E-01
  6.58259749E-01  6.87843621E-01  7.59464502E-01
->       8      12       2      33                                 <-   
NG                                                                              
  4.19020107E-05  4.62716125E-05  8.11678692E-05  1.41203956E-04  1.77031281E-04
  2.21454946E-04  2.68566248E-04  3.63169791E-04  4.64805344E-04  5.59103501E-04
  7.73951295E-04  6.97807525E-04  1.09794771E-03  8.60225060E-04  1.34173292E-03
  1.53540773E-03  1.06244395E-03  1.08587404E-03  2.62576947E-03  1.78333819E-02
  1.84457644E-03  6.78872317E-03  2.65917601E-03  5.60117466E-03  3.87422927E-03
  1.19042862E-02  5.14773745E-03  6.59836270E-03  8.94314423E-03  1.14444280E-02
  1.86230950E-02  4.70234640E-02  1.13601238E-01
->       8      12       2      33                                 <-   
N2N                                                                             
  6.41725352E-03  1.76468355E-04  0.00000000E+00  0.00000000E+00  0.00000000E+00
  0.00000000E+00  0.00000000E+00  0.00000000E+00  0.00000000E+00  0.00000000E+00
  0.00000000E+00  0.00000000E+00  0.00000000E+00  0.00000000E+00  0.00000000E+00
  0.00000000E+00  0.00000000E+00  0.00000000E+00  0.00000000E+00  0.00000000E+00
  0.00000000E+00  0.00000000E+00  0.00000000E+00  0.00000000E+00  0.00000000E+00
  0.00000000E+00  0.00000000E+00  0.00000000E+00  0.00000000E+00  0.00000000E+00
  0.00000000E+00  0.00000000E+00  0.00000000E+00
->       8      12       2      33                                 <-   
N3N                                                                             
  4.92896379E-06  0.00000000E+00  0.00000000E+00  0.00000000E+00  0.00000000E+00
  0.00000000E+00  0.00000000E+00  0.00000000E+00  0.00000000E+00  0.00000000E+00
  0.00000000E+00  0.00000000E+00  0.00000000E+00  0.00000000E+00  0.00000000E+00
  0.00000000E+00  0.00000000E+00  0.00000000E+00  0.00000000E+00  0.00000000E+00
  0.00000000E+00  0.00000000E+00  0.00000000E+00  0.00000000E+00  0.00000000E+00
  0.00000000E+00  0.00000000E+00  0.00000000E+00  0.00000000E+00  0.00000000E+00
  0.00000000E+00  0.00000000E+00  0.00000000E+00
->       8      12       2      33                                 <-   
NA                                                                              
  2.15833215E-03  9.35399381E-04  1.77847731E-04  1.58017137E-05  1.35112930E-06
  1.47039401E-07  2.69227396E-08  2.55650412E-09  2.39888220E-09  2.57517763E-09
  2.59522781E-09  2.53383647E-09  2.78652013E-09  3.56017527E-09  5.38132516E-09
  7.18174364E-09  9.03371333E-09  1.18046319E-08  1.74807528E-08  2.10583977E-08
  1.39027501E-08  9.02907171E-09  5.21310994E-09  2.88170399E-09  1.97229499E-09
  1.42067558E-09  9.41347666E-10  7.06780856E-10  6.27910501E-10  6.51008025E-10
  8.95894969E-10  2.15893081E-09  5.21233323E-09
->       8      12       2      33                                 <-   
NP                                                                              
  8.62756651E-03  6.27577957E-03  3.04590515E-03  1.03178993E-03  1.68826096E-04
  2.20691127E-05  6.43764338E-07  1.75075132E-09  2.52379257E-18  6.40829642E-19
  1.48018898E-20  0.00000000E+00  0.00000000E+00  0.00000000E+00  0.00000000E+00
  0.00000000E+00  0.00000000E+00  0.00000000E+00  0.00000000E+00  0.00000000E+00
  0.00000000E+00  0.00000000E+00  0.00000000E+00  0.00000000E+00  0.00000000E+00
  0.00000000E+00  0.00000000E+00  0.00000000E+00  0.00000000E+00  0.00000000E+00
  0.00000000E+00  0.00000000E+00  0.00000000E+00
->       8      12       2      33                                 <-   
N2A                                                                             
  3.82806157E-12  0.00000000E+00  0.00000000E+00  0.00000000E+00  0.00000000E+00
  0.00000000E+00  0.00000000E+00  0.00000000E+00  0.00000000E+00  0.00000000E+00
  0.00000000E+00  0.00000000E+00  0.00000000E+00  0.00000000E+00  0.00000000E+00
  0.00000000E+00  0.00000000E+00  0.00000000E+00  0.00000000E+00  0.00000000E+00
  0.00000000E+00  0.00000000E+00  0.00000000E+00  0.00000000E+00  0.00000000E+00
  0.00000000E+00  0.00000000E+00  0.00000000E+00  0.00000000E+00  0.00000000E+00
  0.00000000E+00  0.00000000E+00  0.00000000E+00
->       8      12       2      33                                 <-   
NNP                                                                             
  1.58402929E-03  2.91484866E-07  0.00000000E+00  0.00000000E+00  0.00000000E+00
  0.00000000E+00  0.00000000E+00  0.00000000E+00  0.00000000E+00  0.00000000E+00
  0.00000000E+00  0.00000000E+00  0.00000000E+00  0.00000000E+00  0.00000000E+00
  0.00000000E+00  0.00000000E+00  0.00000000E+00  0.00000000E+00  0.00000000E+00
  0.00000000E+00  0.00000000E+00  0.00000000E+00  0.00000000E+00  0.00000000E+00
  0.00000000E+00  0.00000000E+00  0.00000000E+00  0.00000000E+00  0.00000000E+00
  0.00000000E+00  0.00000000E+00  0.00000000E+00
->       8      12       2      33                                 <-   
ND                                                                              
  1.21821206E-04  6.38931510E-07  9.78191086E-15  0.00000000E+00  0.00000000E+00
  0.00000000E+00  0.00000000E+00  0.00000000E+00  0.00000000E+00  0.00000000E+00
  0.00000000E+00  0.00000000E+00  0.00000000E+00  0.00000000E+00  0.00000000E+00
  0.00000000E+00  0.00000000E+00  0.00000000E+00  0.00000000E+00  0.00000000E+00
  0.00000000E+00  0.00000000E+00  0.00000000E+00  0.00000000E+00  0.00000000E+00
  0.00000000E+00  0.00000000E+00  0.00000000E+00  0.00000000E+00  0.00000000E+00
  0.00000000E+00  0.00000000E+00  0.00000000E+00
->       8      12       2      33                                 <-   
NT                                                                              
  1.06090670E-06  1.64167631E-18  0.00000000E+00  0.00000000E+00  0.00000000E+00
  0.00000000E+00  0.00000000E+00  0.00000000E+00  0.00000000E+00  0.00000000E+00
  0.00000000E+00  0.00000000E+00  0.00000000E+00  0.00000000E+00  0.00000000E+00
  0.00000000E+00  0.00000000E+00  0.00000000E+00  0.00000000E+00  0.00000000E+00
  0.00000000E+00  0.00000000E+00  0.00000000E+00  0.00000000E+00  0.00000000E+00
  0.00000000E+00  0.00000000E+00  0.00000000E+00  0.00000000E+00  0.00000000E+00
  0.00000000E+00  0.00000000E+00  0.00000000E+00
->       8      12       2      33                                 <-   
H-FACTOR                                                                        
  5.25929374E-17  5.85672461E-17  1.02966529E-16  1.80817539E-16  2.30285044E-16
  2.89111483E-16  3.46654163E-16  4.69217872E-16  6.08597514E-16  7.33830594E-16
  9.94777304E-16  9.17739234E-16  1.45157815E-15  1.13915661E-15  1.87510775E-15
  2.28334100E-15  1.52165361E-15  1.48783359E-15  3.53160414E-15  2.22122735E-14
  2.35775305E-15  9.91048877E-15  3.73526961E-15  6.75067175E-15  5.21512849E-15
  1.69607489E-14  6.87267753E-15  8.77134719E-15  1.17094944E-14  1.51945192E-14
  2.47168822E-14  6.23980983E-14  1.50739501E-13
->       8      12       2      33                                 <-   
OVERV                                                                           
  2.13634610E-10  2.70147377E-10  3.41278394E-10  4.37334557E-10  5.56798441E-10
  7.13628601E-10  9.14296971E-10  1.17603349E-09  1.48103563E-09  1.94453831E-09
  2.50562171E-09  3.14851567E-09  4.09494127E-09  5.04948838E-09  6.66300570E-09
  8.68008598E-09  1.10534755E-08  1.40170080E-08  1.81032647E-08  2.33024089E-08
  2.97488132E-08  3.67886877E-08  4.91043934E-08  6.64270914E-08  8.11595697E-08
  9.85969990E-08  1.30175110E-07  1.70639169E-07  2.18923702E-07  2.93742460E-07
  4.76118458E-07  1.19904030E-06  2.89738091E-06
->       8      12       2      33                                 <-   
STRD                                                                            
  8.67204294E-02  8.99395049E-02  1.03249878E-01  1.12056285E-01  1.26081109E-01
  1.46900177E-01  1.47055671E-01  2.00357780E-01  2.15325862E-01  2.21102506E-01
  2.87584633E-01  2.80803233E-01  2.98475623E-01  2.67098039E-01  3.91074508E-01
  5.74531794E-01  4.99683112E-01  5.01710296E-01  4.42997068E-01  4.85884309E-01
  4.92033392E-01  6.17221773E-01  5.68920672E-01  5.91875434E-01  6.10436261E-01
  6.32475257E-01  6.03533924E-01  6.47343397E-01  6.27569139E-01  6.45820320E-01
  6.24282658E-01  7.54505694E-01  1.32771611E+00
->       8      12       2      33                                 <-   
SIGS00                                                                          
  1.70106724E-01  2.03974292E-01  2.19182968E-01  2.10277319E-01  1.89712554E-01
  1.75139084E-01  1.87956661E-01  2.21037492E-01  2.48321086E-01  2.36669019E-01
  3.35911036E-01  3.26603442E-01  4.75485951E-01  3.57691377E-01  5.58869660E-01
  8.84082615E-01  7.26570964E-01  7.05178201E-01  5.47674000E-01  5.89291930E-01
  5.89905202E-01  9.20930207E-01  6.40728116E-01  6.35781765E-01  6.28789842E-01
  6.41614854E-01  6.35044217E-01  6.37080371E-01  6.38197064E-01  6.38969481E-01
  6.39636695E-01  6.40820265E-01  6.45863175E-01
->       8      12       1      33                                 <-   
NJJS00                                                                          
         1         2         3         4         5         6         7         8
         9        10        11        12        13        14        15        16
        17        18        19        20        21        22        23        24
        25        26        27        28        29        31        33        33
        33
->       8      12       1      33                                 <-   
IJJS00                                                                          
         1         2         3         4         5         6         7         8
         9        10        11        12        13        14        15        16
        17        18        19        20        21        22        23        24
        25        26        27        28        29        31        33        33
        33
->       8      12       2     565                                 <-   
SCAT00                                                                          
  8.81536901E-02  1.20402373E-01  1.21916356E-02  1.38787314E-01  1.71782207E-02
  1.24175576E-02  1.49854690E-01  2.57968139E-02  2.09510811E-02  1.61423907E-02
  1.41859323E-01  3.90582159E-02  1.82543304E-02  1.87073238E-02  1.61399934E-02
  1.50160193E-01  2.54512727E-02  1.09747481E-02  1.74181908E-02  1.28154662E-02
  1.16500156E-02  1.73854679E-01  1.25142699E-02  1.62091926E-02  4.63005435E-03
  1.04146311E-02  7.09984498E-03  6.65591238E-03  2.04831049E-01  1.37693798E-02
  4.69093677E-03  3.44912196E-03  2.82684527E-03  4.67934972E-03  3.56722740E-03
  3.43027152E-03  2.28760988E-01  1.59776341E-02  1.77972746E-04  4.10402007E-03
  1.35527097E-03  1.57384039E-03  2.16813618E-03  1.79837132E-03  1.73940160E-03
  2.17988893E-01  1.94167327E-02  1.26123370E-04  1.04355488E-04  1.95421139E-03
  7.51412299E-04  8.14882864E-04  9.18000995E-04  8.39018845E-04  8.23230366E-04
  3.12167078E-01  1.86184458E-02  1.05128231E-04  5.79115076E-05  2.47798180E-05
  8.96822370E-04  3.49509850E-04  3.20928812E-04  4.12996946E-04  3.55166500E-04
  3.89262248E-04  3.02295089E-01  2.37234402E-02  3.52188654E-05  3.61685234E-05
  2.26292887E-05  1.33710055E-05  3.97741474E-04  1.58113326E-04  1.32609319E-04
  1.84302247E-04  1.47965082E-04  1.86397243E-04  4.38224196E-01  2.43015662E-02
  1.14110417E-05  1.87603964E-05  1.35629853E-06  1.24108592E-05  5.84307872E-06
  1.20787845E-04  7.02182879E-05  5.34466926E-05  8.28030534E-05  6.45864930E-05
  9.20387174E-05  3.25299501E-01  3.64663228E-02  6.79935420E-06  3.78155369E-06
  4.10646498E-06  4.17199828E-07  5.78362142E-06  3.22356891E-06  6.81426463E-05
  3.20916006E-05  2.18292389E-05  3.52845527E-05  2.59003282E-05  4.49948056E-05
  5.25237918E-01  3.09858117E-02  7.95422355E-04  0.00000000E+00  3.07219534E-06
  1.91600702E-06  1.82997013E-07  2.24843438E-06  1.62827121E-06  1.40084958E-04
  1.41066439E-05  8.79017898E-06  1.58721086E-05  1.14549612E-05  2.34800391E-05
  8.18833053E-01  3.36284898E-02  8.68793111E-04  0.00000000E+00  0.00000000E+00
  1.41464727E-06  1.02346269E-06  7.29963503E-08  1.01459250E-06  7.42606119E-07
  6.71637245E-05  6.11948235E-06  3.64474545E-06  7.40239921E-06  5.21796301E-06
  1.26633649E-05  6.78950727E-01  6.52494654E-02  0.00000000E+00  3.89667432E-04
  0.00000000E+00  0.00000000E+00  5.42397913E-07  3.85373937E-07  2.72408691E-08
  3.80888793E-07  3.65228544E-07  1.54910522E-05  3.11741951E-06  1.54076747E-06
  3.58491116E-06  2.45809133E-06  6.90483103E-06  6.59664571E-01  4.76204418E-02
  0.00000000E+00  0.00000000E+00  9.88388492E-05  0.00000000E+00  0.00000000E+00
  2.02747486E-07  1.44003167E-07  1.01197406E-08  1.41556598E-07  1.85997024E-07
  6.50865877E-06  1.77579875E-06  6.65276218E-07  1.81282996E-06  1.21648463E-06
  3.47644800E-06  5.14940977E-01  4.55134958E-02  0.00000000E+00  0.00000000E+00
  0.00000000E+00  3.51092713E-05  0.00000000E+00  0.00000000E+00  2.59016861E-08
  5.59447990E-08  3.75133613E-09  5.26862394E-08  9.23791035E-08  2.29430839E-06
  9.67295477E-07  3.01544986E-07  9.54564371E-07  6.23843277E-07  1.71549880E-06
  5.52938402E-01  3.27331387E-02  0.00000000E+00  0.00000000E+00  0.00000000E+00
  0.00000000E+00  9.34037780E-06  0.00000000E+00  0.00000000E+00  0.00000000E+00
  2.77013434E-08  1.39024348E-09  1.96922230E-08  4.32394174E-08  2.91258431E-07
  4.92807942E-07  1.46860259E-07  5.17990713E-07  3.32876965E-07  8.48808440E-07
  5.54296792E-01  3.63533758E-02  0.00000000E+00  0.00000000E+00  0.00000000E+00
  0.00000000E+00  0.00000000E+00  3.53185874E-06  0.00000000E+00  0.00000000E+00
  0.00000000E+00  1.21688633E-08  5.16005016E-10  7.42017559E-09  1.89235472E-08
  8.87856046E-08  2.30620557E-07  7.53003278E-08  2.88355182E-07  1.84248151E-07
  4.21857948E-07  8.43840420E-01  3.56083922E-02  0.00000000E+00  0.00000000E+00
  0.00000000E+00  0.00000000E+00  0.00000000E+00  9.22915092E-07  8.15178680E-07
  0.00000000E+00  0.00000000E+00  0.00000000E+00  3.95705735E-09  1.67270156E-10
  2.46712295E-09  6.99015956E-09  3.06223207E-08  9.09871289E-08  3.38805108E-08
  1.37777391E-07  8.81755824E-08  1.77947982E-07  6.17782593E-01  7.70898089E-02
  0.00000000E+00  0.00000000E+00  0.00000000E+00  0.00000000E+00  0.00000000E+00
  0.00000000E+00  1.94040672E-06  1.80517503E-08  0.00000000E+00  0.00000000E+00
  0.00000000E+00  2.52398213E-09  1.06219387E-10  1.61906599E-09  5.00122210E-09
  2.14011173E-08  7.48677849E-08  3.15537640E-08  1.35453675E-07  8.66801102E-08
  1.49770514E-07  5.99293828E-01  2.29453780E-02  0.00000000E+00  0.00000000E+00
  0.00000000E+00  0.00000000E+00  0.00000000E+00  0.00000000E+00  0.00000000E+00
  3.90973099E-07  0.00000000E+00  0.00000000E+00  0.00000000E+00  0.00000000E+00
  5.16672760E-10  2.13193924E-11  3.50853430E-10  1.19464727E-09  5.11107334E-09
  2.12046682E-08  1.02071462E-08  4.73723283E-08  2.97924867E-08  4.30571880E-08
  5.64460039E-01  3.64875011E-02  0.00000000E+00  0.00000000E+00  0.00000000E+00
  0.00000000E+00  0.00000000E+00  0.00000000E+00  0.00000000E+00  0.00000000E+00
  1.09369985E-07  0.00000000E+00  0.00000000E+00  0.00000000E+00  0.00000000E+00
  1.47849982E-10  6.22098727E-12  1.08524745E-10  3.93317379E-10  1.63775760E-09
  7.75235875E-09  4.03480405E-09  1.93479046E-08  1.20974510E-08  1.56517039E-08
  6.13862216E-01  6.43295944E-02  5.18431477E-07  0.00000000E+00  0.00000000E+00
  0.00000000E+00  0.00000000E+00  0.00000000E+00  0.00000000E+00  0.00000000E+00
  0.00000000E+00  8.73713901E-08  0.00000000E+00  0.00000000E+00  0.00000000E+00
  0.00000000E+00  1.23874661E-10  5.12141631E-12  9.79846551E-11  3.75509762E-10
  1.56055247E-09  7.97515654E-09  4.52397142E-09  2.21796821E-08  1.38894478E-08
  1.63447993E-08  6.05334163E-01  2.77526919E-02  0.00000000E+00  0.00000000E+00
  0.00000000E+00  0.00000000E+00  0.00000000E+00  0.00000000E+00  0.00000000E+00
  0.00000000E+00  0.00000000E+00  0.00000000E+00  3.27993490E-08  0.00000000E+00
  0.00000000E+00  0.00000000E+00  0.00000000E+00  5.15802748E-11  2.07116073E-12
  4.53294728E-11  1.86833174E-10  7.13240411E-10  4.01287314E-09  2.77000467E-09
  1.38166438E-08  8.66317595E-09  9.18157372E-09  6.03268087E-01  2.97101140E-02
  0.00000000E+00  0.00000000E+00  0.00000000E+00  0.00000000E+00  0.00000000E+00
  0.00000000E+00  0.00000000E+00  0.00000000E+00  0.00000000E+00  0.00000000E+00
  0.00000000E+00  9.99690197E-09  0.00000000E+00  0.00000000E+00  0.00000000E+00
  0.00000000E+00  1.80422205E-11  5.88010001E-13  1.60366789E-11  7.59236424E-11
  2.80880458E-10  1.76500625E-09  1.30313560E-09  6.88824819E-09  4.33914460E-09
  4.09266843E-09  6.04869783E-01  3.38125378E-02  0.00000000E+00  0.00000000E+00
  0.00000000E+00  0.00000000E+00  0.00000000E+00  0.00000000E+00  0.00000000E+00
  0.00000000E+00  0.00000000E+00  0.00000000E+00  0.00000000E+00  0.00000000E+00
  3.82115051E-09  0.00000000E+00  0.00000000E+00  0.00000000E+00  0.00000000E+00
  6.53742381E-12  2.13748154E-13  6.96941550E-12  3.87562100E-11  4.10916370E-11
  9.00130415E-10  7.79283138E-10  4.16818979E-09  2.62288413E-09  2.37997066E-09
  3.22382175E-03  6.19327545E-01  3.33272293E-02  0.00000000E+00  0.00000000E+00
  0.00000000E+00  0.00000000E+00  0.00000000E+00  0.00000000E+00  0.00000000E+00
  0.00000000E+00  0.00000000E+00  0.00000000E+00  0.00000000E+00  0.00000000E+00
  0.00000000E+00  1.83087334E-09  0.00000000E+00  0.00000000E+00  0.00000000E+00
  0.00000000E+00  0.00000000E+00  1.20574476E-13  4.34559983E-12  2.67338721E-11
  3.52536533E-12  4.27834240E-10  6.22162488E-10  3.33006311E-09  2.09385576E-09
  1.80249360E-09 -1.99457770E-10  3.18648480E-02  6.35004640E-01  1.96418874E-02
  0.00000000E+00  0.00000000E+00  0.00000000E+00  0.00000000E+00  0.00000000E+00
  0.00000000E+00  0.00000000E+00  0.00000000E+00  0.00000000E+00  0.00000000E+00
  0.00000000E+00  0.00000000E+00  0.00000000E+00  0.00000000E+00  6.93601010E-10
  0.00000000E+00  0.00000000E+00  0.00000000E+00  0.00000000E+00  0.00000000E+00
  5.94236845E-14  7.33616618E-13  8.65238436E-12  9.63786234E-13  2.31838188E-10
  4.98081854E-10  2.66993849E-09  1.67258851E-09  1.36764944E-09  8.77681598E-02
  6.05773926E-01  1.40822295E-03  0.00000000E+00  0.00000000E+00  0.00000000E+00
  0.00000000E+00  0.00000000E+00  0.00000000E+00  0.00000000E+00  0.00000000E+00
  0.00000000E+00  0.00000000E+00  0.00000000E+00  0.00000000E+00  0.00000000E+00
  0.00000000E+00  0.00000000E+00  3.28793937E-11  0.00000000E+00  0.00000000E+00
  0.00000000E+00  0.00000000E+00  0.00000000E+00  4.32686876E-15  2.72777686E-15
  5.06568095E-13  1.62791550E-14  1.01047668E-11  5.57367520E-11  3.38145123E-10
  1.82431445E-10  1.54450022E-10  5.58095098E-01  3.18144262E-03  4.52061144E-08
  0.00000000E+00  0.00000000E+00  0.00000000E+00  0.00000000E+00  0.00000000E+00
  0.00000000E+00  0.00000000E+00  0.00000000E+00  0.00000000E+00  0.00000000E+00
  0.00000000E+00  0.00000000E+00  0.00000000E+00  0.00000000E+00  0.00000000E+00
  4.02658549E-12  0.00000000E+00  0.00000000E+00  0.00000000E+00  0.00000000E+00
  0.00000000E+00  6.71266093E-16  4.58473788E-16  4.66597120E-15  8.55137782E-16
  5.32920225E-13  6.62385468E-12  2.26951340E-11  5.86647961E-12  1.54170478E-11
->       8      12       2      33                                 <-   
SIGS01                                                                          
  7.88223669E-02  1.00547537E-01  9.57626849E-02  7.20282644E-02  4.58146967E-02
  3.79094779E-02  3.46676931E-02  2.77717598E-02  2.51504406E-02  1.31009836E-02
  1.42958146E-02  1.38035538E-02  1.54322218E-02  5.66695910E-03  8.04763380E-03
  1.24817211E-02  9.71572567E-03  9.93003696E-03  7.32711051E-03  6.96535828E-03
  6.93931710E-03  1.09990863E-02  7.58481026E-03  7.37421913E-03  7.43016647E-03
  7.46991439E-03  7.50844739E-03  7.53123825E-03  7.54381716E-03  7.55254459E-03
  7.73398066E-03  7.72396848E-03  7.75838783E-03
->       8      12       1      33                                 <-   
NJJS01                                                                          
         1         2         3         4         5         6         7         8
         9        10        11        12        13        14        15        16
        17        18        19        20        21        22        23        24
        25        26        27        28        29        31        33        29
        19
->       8      12       1      33                                 <-   
IJJS01                                                                          
         1         2         3         4         5         6         7         8
         9        10        11        12        13        14        15        16
        17        18        19        20        21        22        23        24
        25        26        27        28        29        31        33        33
        33
->       8      12       2     547                                 <-   
SCAT01                                                                          
  7.38616213E-02  9.66696590E-02  2.25798669E-03  9.40748081E-02  2.09857849E-03
  9.84163140E-04  7.33783096E-02  7.04201520E-04  9.41374979E-04  7.61693169E-04
  4.84367758E-02 -9.18260310E-04  6.06491230E-04  5.24057599E-04  5.60476619E-04
  4.05951738E-02 -2.86682695E-03 -4.21194942E-04  3.77011398E-04  2.28854566E-04
  2.59908586E-04  3.83349024E-02 -3.11815669E-03  6.12123986E-04 -6.28330527E-05
  4.00743484E-05  5.94243247E-05  6.93957263E-05  3.39767858E-02 -3.66933877E-03
  3.57488461E-04 -3.86452652E-04  4.83103177E-05 -7.91688126E-06  3.28014248E-05
  3.89647139E-05  3.37324403E-02 -6.20018085E-03  3.46414663E-06  4.59834482E-05
  1.62851848E-05  1.94308759E-05 -1.34412221E-05  1.76658959E-05  9.10936888E-06
  1.90688279E-02 -8.57903343E-03 -4.74018088E-06 -1.97412123E-06  1.59785614E-05
  2.14442252E-06 -2.03002764E-06 -9.16357476E-06 -1.13286424E-05 -1.84905261E-07
  2.06744298E-02 -5.96838957E-03 -1.18656385E-06 -2.44489826E-07  5.14861881E-07
  5.07388104E-05  1.97005511E-06 -7.12986048E-06 -3.53208816E-06 -7.82861298E-06
  4.36636401E-06  2.19442546E-02 -6.37871586E-03  1.42923500E-06 -1.71507804E-06
  2.77364251E-07 -3.35831238E-08 -6.05236710E-05 -9.69386065E-07 -2.88107253E-06
 -2.12434247E-06 -2.72502120E-06  3.86351303E-06  2.72297785E-02 -8.13515857E-03
  9.28659460E-08 -7.43551936E-07 -7.22241253E-08  9.33976594E-08 -6.79719037E-08
  6.26810879E-06 -6.09203312E-07 -1.61584728E-06 -1.69253565E-06 -1.48827519E-06
  2.68192412E-06  1.55300070E-02 -1.17985317E-02 -5.53992777E-06 -4.64974796E-08
 -1.45744110E-07  7.15262016E-10 -1.33695494E-07  1.82709130E-07 -1.36121935E-06
  1.45783957E-07 -8.80783091E-07 -8.51349625E-07 -6.33475452E-07  2.41263911E-06
  1.82414521E-02 -9.84326936E-03  9.77169066E-07  0.00000000E+00  1.06194513E-07
  5.11064684E-08  4.03418943E-09 -2.54907633E-08  4.79370854E-09  3.84291016E-05
 -2.35040744E-07 -4.62878774E-07 -5.65884591E-07 -4.35013533E-07  2.02179058E-06
  3.29150371E-02 -1.01941703E-02 -7.77321202E-06  0.00000000E+00  0.00000000E+00
 -2.21384866E-08 -2.47471430E-08 -5.17517085E-10 -3.30511085E-08  1.18607701E-08
 -1.95954726E-05 -1.76989559E-07 -2.51520561E-07 -3.09977821E-07 -2.57520725E-07
  1.63263530E-06  2.53086928E-02 -2.04333141E-02  0.00000000E+00 -8.75322075E-06
  0.00000000E+00  0.00000000E+00 -1.11087202E-08 -1.21167094E-08 -2.47912302E-10
 -1.94222700E-08  1.27291084E-08  1.07441156E-06  2.69857225E-07 -1.38976020E-07
 -1.69596191E-07 -1.11755789E-07  1.27515489E-06  2.54064687E-02 -1.55929672E-02
  0.00000000E+00  0.00000000E+00 -1.22368272E-06  0.00000000E+00  0.00000000E+00
 -7.28964533E-09 -5.84473536E-09 -1.17950205E-10 -9.21194498E-09  1.13222489E-08
 -7.19016953E-07  1.84237308E-07 -6.47041531E-08 -7.86989460E-08 -4.84492588E-08
  5.94579319E-07  1.79354269E-02 -1.54764280E-02  0.00000000E+00  0.00000000E+00
  0.00000000E+00 -1.51084930E-06  0.00000000E+00  0.00000000E+00 -1.19594201E-08
 -1.02102760E-09 -5.58358360E-11 -4.34844516E-09  3.83086629E-09 -1.19045751E-06
  6.86704098E-08 -2.63907047E-08 -3.20344071E-08 -1.90186071E-08  2.37481458E-07
  1.87387727E-02 -1.06083117E-02  0.00000000E+00  0.00000000E+00  0.00000000E+00
  0.00000000E+00 -2.00613002E-07  0.00000000E+00  0.00000000E+00  0.00000000E+00
  6.60363375E-10 -2.63138678E-11 -2.04159112E-09 -1.02140696E-09 -8.46291854E-08
  1.04372369E-08 -1.11079714E-08 -1.45401149E-08 -6.74028744E-09  9.19499428E-08
  1.82495713E-02 -1.17734158E-02  0.00000000E+00  0.00000000E+00  0.00000000E+00
  0.00000000E+00  0.00000000E+00 -9.85220581E-08  0.00000000E+00  0.00000000E+00
  0.00000000E+00 -1.02831343E-09 -1.23328613E-11 -9.51033474E-10 -2.34584641E-09
 -1.48055559E-08 -6.25725738E-09 -4.79380402E-09 -6.36851993E-09 -2.23368635E-09
  3.56687266E-08  3.69587131E-02 -1.13102552E-02  0.00000000E+00  0.00000000E+00
  0.00000000E+00  0.00000000E+00  0.00000000E+00  4.47074143E-07 -2.03523896E-07
  0.00000000E+00  0.00000000E+00  0.00000000E+00 -4.13127477E-10 -4.90945696E-12
 -3.69960729E-10 -1.36184464E-09 -5.86054139E-09 -3.55572438E-09 -1.76505655E-09
 -2.07570872E-09  2.71201145E-10  1.15611050E-08  1.50994090E-02 -2.59596333E-02
  0.00000000E+00  0.00000000E+00  0.00000000E+00  0.00000000E+00  0.00000000E+00
  0.00000000E+00 -4.79374833E-08 -1.56133666E-08  0.00000000E+00  0.00000000E+00
  0.00000000E+00 -3.22357474E-10 -3.67311390E-12 -2.91532853E-10 -1.11115173E-09
 -4.22937374E-09 -2.35481390E-09 -1.19986210E-09 -1.17960119E-09  8.13638767E-10
  7.68906538E-09  1.93257332E-02 -7.51459925E-03  0.00000000E+00  0.00000000E+00
  0.00000000E+00  0.00000000E+00  0.00000000E+00  0.00000000E+00  0.00000000E+00
 -2.44314862E-08  0.00000000E+00  0.00000000E+00  0.00000000E+00  0.00000000E+00
 -8.25055163E-11 -1.07908365E-12 -7.26675942E-11 -2.57271482E-10 -8.86399176E-10
 -7.90760124E-10 -2.39442410E-10 -1.98554617E-10  1.70397418E-10  1.74925829E-09
  2.84923539E-02 -1.19510349E-02  0.00000000E+00  0.00000000E+00  0.00000000E+00
  0.00000000E+00  0.00000000E+00  0.00000000E+00  0.00000000E+00  0.00000000E+00
 -8.32795166E-09  0.00000000E+00  0.00000000E+00  0.00000000E+00  0.00000000E+00
 -3.02713687E-11 -3.58386687E-13 -2.24382717E-11 -7.71713596E-11 -2.80402951E-10
 -5.77549050E-11 -5.70452297E-11 -5.46550964E-11  4.80510458E-11  4.66007788E-10
  1.64943039E-02 -2.10621841E-02 -4.80321148E-07  0.00000000E+00  0.00000000E+00
  0.00000000E+00  0.00000000E+00  0.00000000E+00  0.00000000E+00  0.00000000E+00
  0.00000000E+00 -7.96687161E-09  0.00000000E+00  0.00000000E+00  0.00000000E+00
  0.00000000E+00 -2.87913009E-11 -3.28378600E-13 -1.87842016E-11 -6.26281874E-11
 -1.99288044E-10  2.34505720E-10 -6.64628422E-11 -3.55747272E-11  4.11916196E-11
  3.71082970E-10  1.71486828E-02 -9.02439002E-03  0.00000000E+00  0.00000000E+00
  0.00000000E+00  0.00000000E+00  0.00000000E+00  0.00000000E+00  0.00000000E+00
  0.00000000E+00  0.00000000E+00  0.00000000E+00 -3.80769505E-09  0.00000000E+00
  0.00000000E+00  0.00000000E+00  0.00000000E+00 -1.30725587E-11 -1.45849790E-13
 -6.65639505E-12 -2.01910693E-11 -9.37962694E-11  1.27400687E-10 -3.03882440E-11
 -8.16340745E-12  1.78950327E-11  1.37811693E-10  1.86535753E-02 -9.64023639E-03
  0.00000000E+00  0.00000000E+00  0.00000000E+00  0.00000000E+00  0.00000000E+00
  0.00000000E+00  0.00000000E+00  0.00000000E+00  0.00000000E+00  0.00000000E+00
  0.00000000E+00 -1.37291734E-09  0.00000000E+00  0.00000000E+00  0.00000000E+00
  0.00000000E+00 -4.63212932E-12 -2.26852754E-14 -2.90532117E-12 -1.79796954E-12
 -1.82055933E-11  2.22296445E-10 -5.82420261E-14  3.22771389E-12  6.90938843E-12
  2.74596786E-11  1.83809791E-02 -1.11223403E-02  0.00000000E+00  0.00000000E+00
  0.00000000E+00  0.00000000E+00  0.00000000E+00  0.00000000E+00  0.00000000E+00
  0.00000000E+00  0.00000000E+00  0.00000000E+00  0.00000000E+00  0.00000000E+00
 -6.78568257E-10  0.00000000E+00  0.00000000E+00  0.00000000E+00  0.00000000E+00
 -1.60658563E-12  0.00000000E+00 -1.85799618E-12  3.20959036E-12 -5.46696542E-12
  1.67067749E-10  5.09728639E-14  1.22065530E-12  2.60176689E-12  9.44798406E-12
  4.47172904E-04  1.39131350E-02 -1.08371601E-02  0.00000000E+00  0.00000000E+00
  0.00000000E+00  0.00000000E+00  0.00000000E+00  0.00000000E+00  0.00000000E+00
  0.00000000E+00  0.00000000E+00  0.00000000E+00  0.00000000E+00  0.00000000E+00
  0.00000000E+00 -4.17045593E-10  0.00000000E+00  0.00000000E+00  0.00000000E+00
  0.00000000E+00  0.00000000E+00  0.00000000E+00 -1.02552157E-12  6.45287903E-12
 -2.50897258E-13 -9.98690280E-12 -9.58860863E-15  0.00000000E+00  1.06130090E-12
  3.48586471E-21  1.41737219E-10 -3.44776595E-03  7.64492713E-03 -6.36059046E-03
  0.00000000E+00  0.00000000E+00  0.00000000E+00  0.00000000E+00  0.00000000E+00
  0.00000000E+00  0.00000000E+00  0.00000000E+00  0.00000000E+00  0.00000000E+00
  0.00000000E+00  0.00000000E+00  0.00000000E+00  0.00000000E+00 -1.77095325E-10
  0.00000000E+00  0.00000000E+00  0.00000000E+00  0.00000000E+00  0.00000000E+00
  0.00000000E+00 -1.42095726E-13 -4.03606375E-13 -5.58421988E-14  1.82489909E-11
  1.34152499E-22  0.00000000E+00  1.22952348E-13  3.98196588E-22 -1.44964466E-02
  1.18292393E-02 -3.58080346E-04  0.00000000E+00  0.00000000E+00  0.00000000E+00
  0.00000000E+00  0.00000000E+00  0.00000000E+00  0.00000000E+00  0.00000000E+00
  0.00000000E+00  0.00000000E+00  0.00000000E+00  0.00000000E+00  0.00000000E+00
  0.00000000E+00  0.00000000E+00 -6.06001187E-12  0.00000000E+00  0.00000000E+00
  0.00000000E+00  0.00000000E+00  0.00000000E+00  0.00000000E+00  0.00000000E+00
 -1.99024503E-14  0.00000000E+00  3.09815867E-12  2.22548340E-02 -6.57505530E-04
 -3.92968751E-08  0.00000000E+00  0.00000000E+00  0.00000000E+00  0.00000000E+00
  0.00000000E+00  0.00000000E+00  0.00000000E+00  0.00000000E+00  0.00000000E+00
  0.00000000E+00  0.00000000E+00  0.00000000E+00  0.00000000E+00  0.00000000E+00
  0.00000000E+00 -1.60455999E-13
->       8      12       1       2                                 <-   
SCAT-SAVED                                                                      
         1         1
->       8      12       2       8                                 <-   
LAMBDA-D                                                                        
  1.24666998E-02  2.82917004E-02  4.25244011E-02  1.33041993E-01  2.92467207E-01
  6.66487694E-01  1.63478100E+00  3.55460000E+00
->      -8       0       0       0                                 <-   
->       6      12       3       3                                 <-   
SIGNATURE                                                                       
         4         4         4
L_LIBRARY   
->       6      12       1      40                                 <-   
STATE-VECTOR                                                                    
         1         1        33         2         0         0         1         0
         0         0         0         0        12         1         0         0
         0         1         8         0         0         1         0         0
         0         0         0         0         0         0         0         0
         0         0         0         0         0         0         0         0
->       6      12       1       1                                 <-   
ISOTOPESMIX                                                                     
         1
->       6      12       3       3                                 <-   
ISOTOPESUSED                                                                    
         4         4         4
*MAC*RES    
->       6      12       3       3                                 <-   
ISOTOPERNAME                                                                    
         4         4         4
*MAC*RES    
->       6      12       2       1                                 <-   
ISOTOPESDENS                                                                    
  1.00000000E+00
->       6      12       1       1                                 <-   
ISOTOPESTYPE                                                                    
         1
->       6      12       1       1                                 <-   
ISOTOPESTODO                                                                    
         1
->       6      12       2       1                                 <-   
ISOTOPESVOL                                                                     
  2.34294758E+01
->       6      12       2       1                                 <-   
ISOTOPESTEMP                                                                    
  7.13160034E+02
->       6      12       2       1                                 <-   
MIXTURESVOL                                                                     
  2.34294758E+01
->       6      12       2       1                                 <-   
K-EFFECTIVE                                                                     
  1.00000000E+00
->       6      12       2       1                                 <-   
K-INFINITY                                                                      
  1.32699454E+00
->       6      12       2       1                                 <-   
B2  B1HOM                                                                       
  9.42223356E-04
->       6      12       3      24                                 <-   
ADDXSNAME-P0                                                                    
         4         4         4         4         4         4         4         4
         4         4         4         4         4         4         4         4
         4         4         4         4         4         4         4         4
NFTOT   NG      N2N     N3N     N4N     NA      NP      N2A     NNP     ND      
NT      TRANC   
->       6      12       2      34                                 <-   
ENERGY                                                                          
  1.96403300E+07  1.00000000E+07  6.06530700E+06  3.67879400E+06  2.23130200E+06
  1.35335300E+06  8.20850000E+05  4.97870688E+05  3.01973812E+05  1.83156406E+05
  1.11090000E+05  6.73794688E+04  4.08677109E+04  2.47875195E+04  1.50343896E+04
  9.11882031E+03  5.53084424E+03  3.35462598E+03  2.03468396E+03  1.23409802E+03
  7.48518311E+02  4.53999298E+02  3.04324799E+02  1.48575897E+02  9.16608810E+01
  6.79040527E+01  4.01689987E+01  2.26032906E+01  1.37095900E+01  8.31528664E+00
  4.00000000E+00  5.40000975E-01  1.00000098E-01  1.10002802E-04
->       6      12       2      33                                 <-   
DELTAU                                                                          
  6.75000012E-01  4.99999970E-01  5.00000179E-01  4.99999672E-01  5.00000060E-01
  5.00000119E-01  5.00000060E-01  5.00000119E-01  4.99999821E-01  4.99999762E-01
  5.00000358E-01  5.00000060E-01  5.00000060E-01  5.00000060E-01  4.99999762E-01
  4.99999970E-01  5.00000179E-01  4.99999762E-01  5.00000119E-01  4.99999970E-01
  5.00000060E-01  4.00000095E-01  7.16999590E-01  4.83000249E-01  2.99999952E-01
  5.25000155E-01  5.75000048E-01  4.99999881E-01  4.99999970E-01  7.31801212E-01
  2.00247860E+00  1.68639970E+00  6.81242085E+00
->      -6       0       0       0                                 <-   
->       5       0      99       0                                 <-   00000027
->       5       0      99       0                                 <-   00000028
->       5       0      99       0                                 <-   00000029
->       5       0      99       0                                 <-   00000030
->       5       0      99       0                                 <-   00000031
->       5       0      99       0                                 <-   00000032
->       5       0      99       0                                 <-   00000033
->       5       0      99       0                                 <-   00000034
->       5       0      99       0                                 <-   00000035
->       4      12       0      -1                                 <-   
TREE                                                                            
->       5      12       1       2                                 <-   
NVP                                                                             
        30        80
->       5      12       1       1                                 <-   
NCALS                                                                           
        26
->       5      12       1      31                                 <-   
DEBARB                                                                          
         2         3         5        18        31         2         4         6
         8        10        12        14        16        18        20        22
        24        26         1         3         5         7         9        11
        13        15        17        19        21        23        25
->       5      12       1      30                                 <-   
ARBVAL                                                                          
         0         1         1         2         1         2         3         4
         5         6         7         8         9        10        11        12
        13         1         2         3         4         5         6         7
         8         9        10        11        12        13
->       5      12       1      35                                 <-   
ORIGIN                                                                          
         0         1         2         3         4         5         6         7
         8         9        10        11        12        13        14        15
        16        17        18        19        20        21        22        23
        24        25         0         0         0         0         0         0
         0         0         0
->      -5       0       0       0                                 <-   
->      -4       0       0       0                                 <-   
->      -2       0       0       0                                 <-   
->      -1       0       0       0                                 <-   
