->       1      12       3       3                                 <-   
SIGNATURE                                                                       
         4         4         4
L_MULTICOMPO
->       1      12       0      -1                                 <-   
SOLIDE                                                                          
->       2      12       3      20                                 <-   
COMMENT                                                                         
         4         4         4         4         4         4         4         4
         4         4         4         4         4         4         4         4
         4         4         4         4
solid Assembly                                                                  
->       2      12       0      -1                                 <-   
GLOBAL                                                                          
->       3      12       3       9                                 <-   
PARKEY                                                                          
         4         4         4         4         4         4         4         4
         4
TCA         DCA         LEGO        
->       3      12       3       3                                 <-   
PARTYP                                                                          
         4         4         4
TEMPVALUVALU
->       3      12       3       6                                 <-   
PARFMT                                                                          
         4         4         4         4         4         4
REAL    REAL    STRING  
->       3      12       1       4                                 <-   
PARCAD                                                                          
         1         1         1         1
->       3      12       1       4                                 <-   
PARPAD                                                                          
         1         2         2         2
->       3      12       1       1                                 <-   
PARMIL                                                                          
         1
->       3      12       3       3                                 <-   
PARBIB                                                                          
         4         4         4
MICROLIB    
->       3      12       2       2                                 <-   
pval00000002                                                                    
  3.34050623E-03  3.34050626E-01
->       3      12       1       3                                 <-   
NVALUE                                                                          
         1         2        13
->       3      12       3      39                                 <-   
pval00000003                                                                    
         4         4         4         4         4         4         4         4
         4         4         4         4         4         4         4         4
         4         4         4         4         4         4         4         4
         4         4         4         4         4         4         4         4
         4         4         4         4         4         4         4
COSU        COIN        COSV        ARRE        ARSV        REPN        REFS    
    PRNL        PRNS        PLPb        BCHN        VSXP        CALE        
->       3      12       2       1                                 <-   
pval00000001                                                                    
  7.13160034E+02
->      -3       0       0       0                                 <-   
->       2      12       1      40                                 <-   
STATE-VECTOR                                                                    
         1         5        26        35         3         0         0         1
         0         1         0      2006         0         0         0         0
         0         0         0         0         0         0         0         0
         0         0         0         0         0         0         0         0
         0         0         0         0         0         0         0         0
->       2      12      10       1                                 <-   
MIXTURES                                                                        
->       3       0       0      -1                                 <-   00000001
->       4      12      10      35                                 <-   
CALCULATIONS                                                                    
->       5       0       0      -1                                 <-   00000001
->       6      12      10       1                                 <-   
ISOTOPESLIST                                                                    
->       7       0       0      -1                                 <-   00000001
->       8      12       3       3                                 <-   
ALIAS                                                                           
         4         4         4
*MAC*RES0001
->       8      12       2       1                                 <-   
AWR                                                                             
  2.91581059E+01
->       8      12       2       5                                 <-   
NWT0                                                                            
  1.23031646E-01  3.34407449E-01  3.91542390E-02  2.89453077E-04  3.34923556E-08
->       8      12       2       5                                 <-   
NTOT0                                                                           
  9.08423543E-01  1.60048819E+00  2.08685136E+00  2.77875137E+00  5.09913111E+00
->       8      12       2       5                                 <-   
NG                                                                              
  3.07802344E-04  3.69863206E-04  7.74633896E-04  2.33406317E-03  3.31629254E-03
->       8      12       2       5                                 <-   
N2N                                                                             
  1.38833229E-05  0.00000000E+00  0.00000000E+00  0.00000000E+00  0.00000000E+00
->       8      12       2       5                                 <-   
N3N                                                                             
  1.68386549E-08  0.00000000E+00  0.00000000E+00  0.00000000E+00  0.00000000E+00
->       8      12       2       5                                 <-   
NA                                                                              
  9.04875062E-03  4.18010913E-02  1.70705557E-01  7.78268099E-01  3.16607809E+00
->       8      12       2       5                                 <-   
NP                                                                              
  7.21644901E-05  2.91331276E-07  4.39281784E-08  1.17873306E-07  4.72366651E-07
->       8      12       2       5                                 <-   
N2A                                                                             
  4.73210937E-17  0.00000000E+00  0.00000000E+00  0.00000000E+00  0.00000000E+00
->       8      12       2       5                                 <-   
NNP                                                                             
  1.77326598E-08  0.00000000E+00  0.00000000E+00  0.00000000E+00  0.00000000E+00
->       8      12       2       5                                 <-   
ND                                                                              
  4.07473919E-07  0.00000000E+00  0.00000000E+00  0.00000000E+00  0.00000000E+00
->       8      12       2       5                                 <-   
NT                                                                              
  1.58171909E-09  0.00000000E+00  0.00000000E+00  0.00000000E+00  0.00000000E+00
->       8      12       2       5                                 <-   
H-FACTOR                                                                        
  2.67614448E-16  4.18740055E-16  1.07223656E-15  3.39278009E-15  4.58023579E-15
->       8      12       2       5                                 <-   
OVERV                                                                           
  7.99856681E-10  2.36063147E-09  9.76840475E-09  4.37657235E-08  1.77187943E-07
->       8      12       2       5                                 <-   
STRD                                                                            
  7.32460320E-01  1.36553526E+00  1.95836997E+00  2.10620189E+00  2.35161638E+00
->       8      12       2       5                                 <-   
SIGS00                                                                          
  8.98871839E-01  1.55831647E+00  1.91537106E+00  1.99814725E+00  1.92973042E+00
->       8      12       1       5                                 <-   
NJJS00                                                                          
         1         2         3         4         5
->       8      12       1       5                                 <-   
IJJS00                                                                          
         1         2         3         4         5
->       8      12       2      15                                 <-   
SCAT00                                                                          
  8.60386252E-01  1.55134463E+00  3.84549312E-02  1.91446126E+00  6.97195902E-03
  3.06512520E-05  1.99811304E+00  9.09861992E-04  5.51866961E-08  2.49604586E-08
  1.92973042E+00  3.44148211E-05  3.77443010E-09  4.18347908E-12  2.90716923E-10
->       8      12       2       5                                 <-   
SIGS01                                                                          
  1.69645086E-01  9.31122154E-02  2.29836740E-02  1.87961925E-02  1.79187115E-02
->       8      12       1       5                                 <-   
NJJS01                                                                          
         1         2         3         4         5
->       8      12       1       5                                 <-   
IJJS01                                                                          
         1         2         3         4         5
->       8      12       2      15                                 <-   
SCAT01                                                                          
  1.76446378E-01  9.53891277E-02 -6.80330256E-03  2.32827943E-02 -2.27690046E-03
  2.06096502E-06  1.88077241E-02 -2.99123261E-04 -1.44037937E-08 -2.31390640E-09
  1.79187115E-02 -1.15311796E-05 -6.11084072E-10 -9.32542021E-13  2.06843570E-11
->       8      12       1       2                                 <-   
SCAT-SAVED                                                                      
         1         1
->       8      12       2       8                                 <-   
LAMBDA-D                                                                        
  1.24666998E-02  2.82917004E-02  4.25244011E-02  1.33041993E-01  2.92467207E-01
  6.66487694E-01  1.63478100E+00  3.55460000E+00
->      -8       0       0       0                                 <-   
->       6      12       3       3                                 <-   
SIGNATURE                                                                       
         4         4         4
L_LIBRARY   
->       6      12       1      40                                 <-   
STATE-VECTOR                                                                    
         1         1         5         2         0         0         1         0
         0         0         0         0        12         1         0         0
         0         1         8         0         0         1         0         0
         0         0         0         0         0         0         0         0
         0         0         0         0         0         0         0         0
->       6      12       1       1                                 <-   
ISOTOPESMIX                                                                     
         1
->       6      12       3       3                                 <-   
ISOTOPESUSED                                                                    
         4         4         4
*MAC*RES    
->       6      12       3       3                                 <-   
ISOTOPERNAME                                                                    
         4         4         4
*MAC*RES    
->       6      12       2       1                                 <-   
ISOTOPESDENS                                                                    
  1.00000000E+00
->       6      12       1       1                                 <-   
ISOTOPESTYPE                                                                    
         1
->       6      12       1       1                                 <-   
ISOTOPESTODO                                                                    
         1
->       6      12       2       1                                 <-   
ISOTOPESVOL                                                                     
  2.34294758E+01
->       6      12       2       1                                 <-   
ISOTOPESTEMP                                                                    
  7.13160034E+02
->       6      12       2       1                                 <-   
MIXTURESVOL                                                                     
  2.34294758E+01
->       6      12       2       1                                 <-   
K-EFFECTIVE                                                                     
  1.00000012E+00
->       6      12       2       1                                 <-   
K-INFINITY                                                                      
  7.71048546E-01
->       6      12       2       1                                 <-   
B2  B1HOM                                                                       
 -7.68286549E-03
->       6      12       3      24                                 <-   
ADDXSNAME-P0                                                                    
         4         4         4         4         4         4         4         4
         4         4         4         4         4         4         4         4
         4         4         4         4         4         4         4         4
NFTOT   NG      N2N     N3N     N4N     NA      NP      N2A     NNP     ND      
NT      TRANC   
->       6      12       2       6                                 <-   
ENERGY                                                                          
  1.96403300E+07  4.97870688E+05  1.50343896E+04  4.53999298E+02  2.26032906E+01
  1.10002802E-04
->       6      12       2       5                                 <-   
DELTAU                                                                          
  3.67499995E+00  3.50000000E+00  3.50000000E+00  3.00000024E+00  1.22330999E+01
->      -6       0       0       0                                 <-   
->       5       0       0      -1                                 <-   00000002
->       6      12      10       1                                 <-   
ISOTOPESLIST                                                                    
->       7       0       0      -1                                 <-   00000001
->       8      12       3       3                                 <-   
ALIAS                                                                           
         4         4         4
*MAC*RES0001
->       8      12       2       1                                 <-   
AWR                                                                             
  2.14157867E+00
->       8      12       2       5                                 <-   
NWT0                                                                            
  2.84171253E-01  5.92435241E-01  3.09077352E-02  2.20969996E-05  1.43478940E-09
->       8      12       2       5                                 <-   
NTOT0                                                                           
  2.02547342E-01  3.40825826E-01  5.85656881E-01  1.23850465E+00  8.91155338E+00
->       8      12       2       5                                 <-   
NG                                                                              
  9.43544146E-05  2.60347617E-04  6.36686396E-04  2.34500784E-03  8.87705479E-03
->       8      12       2       5                                 <-   
N2N                                                                             
  2.96113467E-06  0.00000000E+00  0.00000000E+00  0.00000000E+00  0.00000000E+00
->       8      12       2       5                                 <-   
N3N                                                                             
  2.52387600E-09  0.00000000E+00  0.00000000E+00  0.00000000E+00  0.00000000E+00
->       8      12       2       5                                 <-   
NA                                                                              
  8.36774893E-03  3.98723632E-02  1.47014573E-01  7.22320437E-01  8.46155357E+00
->       8      12       2       5                                 <-   
NP                                                                              
  1.94812194E-04  3.00088544E-07  4.16754311E-08  1.09520300E-07  1.25234760E-06
->       8      12       2       5                                 <-   
N2A                                                                             
  6.92915144E-16  0.00000000E+00  0.00000000E+00  0.00000000E+00  0.00000000E+00
->       8      12       2       5                                 <-   
NNP                                                                             
  2.50153789E-07  0.00000000E+00  0.00000000E+00  0.00000000E+00  0.00000000E+00
->       8      12       2       5                                 <-   
ND                                                                              
  6.22221978E-06  0.00000000E+00  0.00000000E+00  0.00000000E+00  0.00000000E+00
->       8      12       2       5                                 <-   
NT                                                                              
  2.15978719E-08  0.00000000E+00  0.00000000E+00  0.00000000E+00  0.00000000E+00
->       8      12       2       5                                 <-   
H-FACTOR                                                                        
  1.21204075E-16  3.40988174E-16  9.02118464E-16  3.41370541E-15  1.22697263E-14
->       8      12       2       5                                 <-   
OVERV                                                                           
  7.38788419E-10  2.24548691E-09  8.43662917E-09  4.06393568E-08  4.72735024E-07
->       8      12       2       5                                 <-   
STRD                                                                            
  1.36023566E-01  2.47828454E-01  3.96868169E-01  4.88373637E-01  5.11953235E-01
->       8      12       2       5                                 <-   
SIGS00                                                                          
  1.93534642E-01  3.00692141E-01  4.38005358E-01  5.13838232E-01  4.41106975E-01
->       8      12       1       5                                 <-   
NJJS00                                                                          
         1         2         3         4         5
->       8      12       1       5                                 <-   
IJJS00                                                                          
         1         2         3         4         5
->       8      12       2      15                                 <-   
SCAT00                                                                          
  1.67345151E-01  2.97194034E-01  2.61574555E-02  4.37893748E-01  3.49816727E-03
  3.19600076E-05  5.13833642E-01  1.11631394E-04  3.36411716E-08  3.05703622E-08
  4.41106975E-01  4.55605777E-06  5.62614400E-09  4.51617953E-12  5.86020121E-10
->       8      12       2       5                                 <-   
SIGS01                                                                          
  3.61875370E-02  2.03283448E-02  1.36994552E-02  1.39868911E-02  1.31641617E-02
->       8      12       1       5                                 <-   
NJJS01                                                                          
         1         2         3         4         5
->       8      12       1       5                                 <-   
IJJS01                                                                          
         1         2         3         4         5
->       8      12       2      15                                 <-   
SCAT01                                                                          
  4.12157811E-02  2.15049069E-02 -5.03040524E-03  1.37377530E-02 -1.17654796E-03
  2.15661453E-06  1.39884036E-02 -3.82977705E-05 -8.72529604E-09 -2.64992472E-09
  1.31641617E-02 -1.51001268E-06 -9.10878373E-10 -1.01201144E-12  2.10828750E-11
->       8      12       1       2                                 <-   
SCAT-SAVED                                                                      
         1         1
->       8      12       2       8                                 <-   
LAMBDA-D                                                                        
  1.24666998E-02  2.82917004E-02  4.25244011E-02  1.33041993E-01  2.92467207E-01
  6.66487694E-01  1.63478100E+00  3.55460000E+00
->      -8       0       0       0                                 <-   
->       6      12       3       3                                 <-   
SIGNATURE                                                                       
         4         4         4
L_LIBRARY   
->       6      12       1      40                                 <-   
STATE-VECTOR                                                                    
         1         1         5         2         0         0         1         0
         0         0         0         0        12         1         0         0
         0         1         8         0         0         1         0         0
         0         0         0         0         0         0         0         0
         0         0         0         0         0         0         0         0
->       6      12       1       1                                 <-   
ISOTOPESMIX                                                                     
         1
->       6      12       3       3                                 <-   
ISOTOPESUSED                                                                    
         4         4         4
*MAC*RES    
->       6      12       3       3                                 <-   
ISOTOPERNAME                                                                    
         4         4         4
*MAC*RES    
->       6      12       2       1                                 <-   
ISOTOPESDENS                                                                    
  1.00000000E+00
->       6      12       1       1                                 <-   
ISOTOPESTYPE                                                                    
         1
->       6      12       1       1                                 <-   
ISOTOPESTODO                                                                    
         1
->       6      12       2       1                                 <-   
ISOTOPESVOL                                                                     
  2.34294758E+01
->       6      12       2       1                                 <-   
ISOTOPESTEMP                                                                    
  7.13160034E+02
->       6      12       2       1                                 <-   
MIXTURESVOL                                                                     
  2.34294758E+01
->       6      12       2       1                                 <-   
K-EFFECTIVE                                                                     
  1.00000000E+00
->       6      12       2       1                                 <-   
K-INFINITY                                                                      
  7.44266152E-01
->       6      12       2       1                                 <-   
B2  B1HOM                                                                       
 -1.36430981E-03
->       6      12       3      24                                 <-   
ADDXSNAME-P0                                                                    
         4         4         4         4         4         4         4         4
         4         4         4         4         4         4         4         4
         4         4         4         4         4         4         4         4
NFTOT   NG      N2N     N3N     N4N     NA      NP      N2A     NNP     ND      
NT      TRANC   
->       6      12       2       6                                 <-   
ENERGY                                                                          
  1.96403300E+07  4.97870688E+05  1.50343896E+04  4.53999298E+02  2.26032906E+01
  1.10002802E-04
->       6      12       2       5                                 <-   
DELTAU                                                                          
  3.67499995E+00  3.50000000E+00  3.50000000E+00  3.00000024E+00  1.22330999E+01
->      -6       0       0       0                                 <-   
->       5       0       0      -1                                 <-   00000003
->       6      12      10       1                                 <-   
ISOTOPESLIST                                                                    
->       7       0       0      -1                                 <-   00000001
->       8      12       3       3                                 <-   
ALIAS                                                                           
         4         4         4
*MAC*RES0001
->       8      12       2       1                                 <-   
AWR                                                                             
  2.14650178E+00
->       8      12       2       5                                 <-   
NWT0                                                                            
  1.75760895E-01  5.38396835E-01  1.06517114E-01  9.18963051E-04  1.02205725E-07
->       8      12       2       5                                 <-   
NTOT0                                                                           
  1.96262926E-01  3.46236587E-01  5.52323818E-01  8.61823797E-01  1.76528823E+00
->       8      12       2       5                                 <-   
NG                                                                              
  9.78855605E-05  2.69723561E-04  7.79371767E-04  2.17149593E-03  3.04432749E-03
->       8      12       2       5                                 <-   
N2N                                                                             
  6.45972875E-07  0.00000000E+00  0.00000000E+00  0.00000000E+00  0.00000000E+00
->       8      12       2       5                                 <-   
N3N                                                                             
  5.39514933E-10  0.00000000E+00  0.00000000E+00  0.00000000E+00  0.00000000E+00
->       8      12       2       5                                 <-   
NA                                                                              
  3.61331319E-03  1.82037316E-02  7.30221346E-02  3.19127798E-01  1.29020703E+00
->       8      12       2       5                                 <-   
NP                                                                              
  5.94184348E-05  1.06105134E-07  1.82994935E-08  4.83337992E-08  1.92510299E-07
->       8      12       2       5                                 <-   
N2A                                                                             
  1.48958724E-16  0.00000000E+00  0.00000000E+00  0.00000000E+00  0.00000000E+00
->       8      12       2       5                                 <-   
NNP                                                                             
  5.53199087E-08  0.00000000E+00  0.00000000E+00  0.00000000E+00  0.00000000E+00
->       8      12       2       5                                 <-   
ND                                                                              
  5.29930958E-07  0.00000000E+00  0.00000000E+00  0.00000000E+00  0.00000000E+00
->       8      12       2       5                                 <-   
NT                                                                              
  7.29637728E-09  0.00000000E+00  0.00000000E+00  0.00000000E+00  0.00000000E+00
->       8      12       2       5                                 <-   
H-FACTOR                                                                        
  1.25630259E-16  3.52803463E-16  1.06923616E-15  3.15733225E-15  4.09976991E-15
->       8      12       2       5                                 <-   
OVERV                                                                           
  7.87547416E-10  2.51016408E-09  1.01824353E-08  4.37628280E-08  1.76082835E-07
->       8      12       2       5                                 <-   
STRD                                                                            
  6.60101771E-01  1.23279703E+00  1.78823459E+00  2.05355859E+00  2.32420778E+00
->       8      12       2       5                                 <-   
SIGS00                                                                          
  1.92421794E-01  3.27762604E-01  4.78522152E-01  5.40524006E-01  4.72034127E-01
->       8      12       1       5                                 <-   
NJJS00                                                                          
         1         2         3         4         5
->       8      12       1       5                                 <-   
IJJS00                                                                          
         1         2         3         4         5
->       8      12       2      15                                 <-   
SCAT00                                                                          
  1.63140520E-01  3.19790572E-01  2.92473156E-02  4.77608651E-01  7.97200017E-03
  3.39486105E-05  5.40495753E-01  9.13489377E-04  7.14676816E-08  2.43096068E-08
  4.72034127E-01  2.83450699E-05  3.35804318E-09  3.86662664E-12  3.32949640E-10
->       8      12       2       5                                 <-   
SIGS01                                                                          
  3.49760689E-02  2.06358526E-02  1.56315751E-02  1.57516338E-02  1.49219520E-02
->       8      12       1       5                                 <-   
NJJS01                                                                          
         1         2         3         4         5
->       8      12       1       5                                 <-   
IJJS01                                                                          
         1         2         3         4         5
->       8      12       2      15                                 <-   
SCAT01                                                                          
  3.97817269E-02  2.32367218E-02 -4.80809715E-03  1.59309991E-02 -2.60086101E-03
  2.42938745E-06  1.57613344E-02 -2.99424399E-04 -1.86917823E-08 -2.73943024E-09
  1.49219520E-02 -9.69915709E-06 -5.43670664E-10 -8.72768492E-13  1.81294511E-11
->       8      12       1       2                                 <-   
SCAT-SAVED                                                                      
         1         1
->       8      12       2       8                                 <-   
LAMBDA-D                                                                        
  1.24666998E-02  2.82917004E-02  4.25244011E-02  1.33041993E-01  2.92467207E-01
  6.66487694E-01  1.63478100E+00  3.55460000E+00
->      -8       0       0       0                                 <-   
->       6      12       3       3                                 <-   
SIGNATURE                                                                       
         4         4         4
L_LIBRARY   
->       6      12       1      40                                 <-   
STATE-VECTOR                                                                    
         1         1         5         2         0         0         1         0
         0         0         0         0        12         1         0         0
         0         1         8         0         0         1         0         0
         0         0         0         0         0         0         0         0
         0         0         0         0         0         0         0         0
->       6      12       1       1                                 <-   
ISOTOPESMIX                                                                     
         1
->       6      12       3       3                                 <-   
ISOTOPESUSED                                                                    
         4         4         4
*MAC*RES    
->       6      12       3       3                                 <-   
ISOTOPERNAME                                                                    
         4         4         4
*MAC*RES    
->       6      12       2       1                                 <-   
ISOTOPESDENS                                                                    
  1.00000000E+00
->       6      12       1       1                                 <-   
ISOTOPESTYPE                                                                    
         1
->       6      12       1       1                                 <-   
ISOTOPESTODO                                                                    
         1
->       6      12       2       1                                 <-   
ISOTOPESVOL                                                                     
  2.34294758E+01
->       6      12       2       1                                 <-   
ISOTOPESTEMP                                                                    
  7.13160034E+02
->       6      12       2       1                                 <-   
MIXTURESVOL                                                                     
  2.34294758E+01
->       6      12       2       1                                 <-   
K-EFFECTIVE                                                                     
  9.99999881E-01
->       6      12       2       1                                 <-   
K-INFINITY                                                                      
  8.14126551E-01
->       6      12       2       1                                 <-   
B2  B1HOM                                                                       
 -5.10250079E-03
->       6      12       3      24                                 <-   
ADDXSNAME-P0                                                                    
         4         4         4         4         4         4         4         4
         4         4         4         4         4         4         4         4
         4         4         4         4         4         4         4         4
NFTOT   NG      N2N     N3N     N4N     NA      NP      N2A     NNP     ND      
NT      TRANC   
->       6      12       2       6                                 <-   
ENERGY                                                                          
  1.96403300E+07  4.97870688E+05  1.50343896E+04  4.53999298E+02  2.26032906E+01
  1.10002802E-04
->       6      12       2       5                                 <-   
DELTAU                                                                          
  3.67499995E+00  3.50000000E+00  3.50000000E+00  3.00000024E+00  1.22330999E+01
->      -6       0       0       0                                 <-   
->       5       0       0      -1                                 <-   00000004
->       6      12      10       1                                 <-   
ISOTOPESLIST                                                                    
->       7       0       0      -1                                 <-   00000001
->       8      12       3       3                                 <-   
ALIAS                                                                           
         4         4         4
*MAC*RES0001
->       8      12       2       1                                 <-   
AWR                                                                             
  1.87633693E+00
->       8      12       2       5                                 <-   
NWT0                                                                            
  2.87904382E-01  7.30063200E-01  9.90130678E-02  1.59991745E-04  4.17138901E-09
->       8      12       2       5                                 <-   
NTOT0                                                                           
  1.86389923E-01  3.31118375E-01  5.30052066E-01  8.35815787E-01  3.48390198E+00
->       8      12       2       5                                 <-   
NG                                                                              
  9.04614499E-05  2.67371710E-04  6.68774126E-04  2.28011818E-03  7.14957993E-03
->       8      12       2       5                                 <-   
N2N                                                                             
  9.54115194E-07  0.00000000E+00  0.00000000E+00  0.00000000E+00  0.00000000E+00
->       8      12       2       5                                 <-   
N3N                                                                             
  6.63609029E-11  0.00000000E+00  0.00000000E+00  0.00000000E+00  0.00000000E+00
->       8      12       2       5                                 <-   
NA                                                                              
  3.44726606E-03  1.79169197E-02  6.60643205E-02  2.96399593E-01  3.01852441E+00
->       8      12       2       5                                 <-   
NP                                                                              
  1.34819289E-04  1.04807476E-07  1.76522423E-08  4.49405597E-08  4.47076616E-07
->       8      12       2       5                                 <-   
N2A                                                                             
  6.63166870E-16  0.00000000E+00  0.00000000E+00  0.00000000E+00  0.00000000E+00
->       8      12       2       5                                 <-   
NNP                                                                             
  2.41666868E-07  0.00000000E+00  0.00000000E+00  0.00000000E+00  0.00000000E+00
->       8      12       2       5                                 <-   
ND                                                                              
  2.49763752E-06  0.00000000E+00  0.00000000E+00  0.00000000E+00  0.00000000E+00
->       8      12       2       5                                 <-   
NT                                                                              
  3.17829389E-08  0.00000000E+00  0.00000000E+00  0.00000000E+00  0.00000000E+00
->       8      12       2       5                                 <-   
H-FACTOR                                                                        
  1.17228606E-16  3.50141609E-16  9.34149862E-16  3.33504696E-15  9.62831753E-15
->       8      12       2       5                                 <-   
OVERV                                                                           
  7.42962636E-10  2.46683540E-09  9.22958154E-09  4.06656788E-08  4.11308861E-07
->       8      12       2       5                                 <-   
STRD                                                                            
  1.35749787E-01  2.53098309E-01  4.13718522E-01  5.05828977E-01  5.36058545E-01
->       8      12       2       5                                 <-   
SIGS00                                                                          
  1.82573572E-01  3.12933624E-01  4.63318795E-01  5.37135541E-01  4.58222598E-01
->       8      12       1       5                                 <-   
NJJS00                                                                          
         1         2         3         4         5
->       8      12       1       5                                 <-   
IJJS00                                                                          
         1         2         3         4         5
->       8      12       2      15                                 <-   
SCAT00                                                                          
  1.58560663E-01  3.06110770E-01  2.39795502E-02  4.63046044E-01  6.82279980E-03
  3.32400377E-05  5.37132502E-01  2.72757665E-04  6.02309242E-08  2.99394429E-08
  4.58222598E-01  3.06297625E-06  4.12580192E-09  3.90377054E-12  5.72890013E-10
->       8      12       2       5                                 <-   
SIGS01                                                                          
  3.45046557E-02  1.98181346E-02  1.55598260E-02  1.58448536E-02  1.49262846E-02
->       8      12       1       5                                 <-   
NJJS01                                                                          
         1         2         3         4         5
->       8      12       1       5                                 <-   
IJJS01                                                                          
         1         2         3         4         5
->       8      12       2      15                                 <-   
SCAT01                                                                          
  3.86632644E-02  2.20709294E-02 -4.16088291E-03  1.56531800E-02 -2.25278060E-03
  2.27849978E-06  1.58459060E-02 -9.33546908E-05 -1.57336171E-08 -2.76264123E-09
  1.49262846E-02 -1.05303820E-06 -6.67971567E-10 -8.83766367E-13  1.96186782E-11
->       8      12       1       2                                 <-   
SCAT-SAVED                                                                      
         1         1
->       8      12       2       8                                 <-   
LAMBDA-D                                                                        
  1.24666998E-02  2.82917004E-02  4.25244011E-02  1.33041993E-01  2.92467207E-01
  6.66487694E-01  1.63478100E+00  3.55460000E+00
->      -8       0       0       0                                 <-   
->       6      12       3       3                                 <-   
SIGNATURE                                                                       
         4         4         4
L_LIBRARY   
->       6      12       1      40                                 <-   
STATE-VECTOR                                                                    
         1         1         5         2         0         0         1         0
         0         0         0         0        12         1         0         0
         0         1         8         0         0         1         0         0
         0         0         0         0         0         0         0         0
         0         0         0         0         0         0         0         0
->       6      12       1       1                                 <-   
ISOTOPESMIX                                                                     
         1
->       6      12       3       3                                 <-   
ISOTOPESUSED                                                                    
         4         4         4
*MAC*RES    
->       6      12       3       3                                 <-   
ISOTOPERNAME                                                                    
         4         4         4
*MAC*RES    
->       6      12       2       1                                 <-   
ISOTOPESDENS                                                                    
  1.00000000E+00
->       6      12       1       1                                 <-   
ISOTOPESTYPE                                                                    
         1
->       6      12       1       1                                 <-   
ISOTOPESTODO                                                                    
         1
->       6      12       2       1                                 <-   
ISOTOPESVOL                                                                     
  2.34294758E+01
->       6      12       2       1                                 <-   
ISOTOPESTEMP                                                                    
  7.13160034E+02
->       6      12       2       1                                 <-   
MIXTURESVOL                                                                     
  2.34294758E+01
->       6      12       2       1                                 <-   
K-EFFECTIVE                                                                     
  9.99999940E-01
->       6      12       2       1                                 <-   
K-INFINITY                                                                      
  8.75034213E-01
->       6      12       2       1                                 <-   
B2  B1HOM                                                                       
 -5.65962575E-04
->       6      12       3      24                                 <-   
ADDXSNAME-P0                                                                    
         4         4         4         4         4         4         4         4
         4         4         4         4         4         4         4         4
         4         4         4         4         4         4         4         4
NFTOT   NG      N2N     N3N     N4N     NA      NP      N2A     NNP     ND      
NT      TRANC   
->       6      12       2       6                                 <-   
ENERGY                                                                          
  1.96403300E+07  4.97870688E+05  1.50343896E+04  4.53999298E+02  2.26032906E+01
  1.10002802E-04
->       6      12       2       5                                 <-   
DELTAU                                                                          
  3.67499995E+00  3.50000000E+00  3.50000000E+00  3.00000024E+00  1.22330999E+01
->      -6       0       0       0                                 <-   
->       5       0       0      -1                                 <-   00000005
->       6      12      10       1                                 <-   
ISOTOPESLIST                                                                    
->       7       0       0      -1                                 <-   00000001
->       8      12       3       3                                 <-   
ALIAS                                                                           
         4         4         4
*MAC*RES0001
->       8      12       2       1                                 <-   
AWR                                                                             
  6.26140671E+01
->       8      12       2       5                                 <-   
NWT0                                                                            
  1.81532621E-01  5.22862315E-01  3.71638298E-01  1.26797885E-01  4.61560525E-02
->       8      12       2       5                                 <-   
NTOT0                                                                           
  1.60761952E+00  3.03025246E+00  3.47610998E+00  3.51680255E+00  3.51766992E+00
->       8      12       2       5                                 <-   
NG                                                                              
  4.88856807E-04  2.77245155E-04  4.39397263E-04  6.58082834E-04  2.48255185E-03
->       8      12       2       5                                 <-   
N2N                                                                             
  1.51425138E-05  0.00000000E+00  0.00000000E+00  0.00000000E+00  0.00000000E+00
->       8      12       2       5                                 <-   
N3N                                                                             
  1.85145375E-08  0.00000000E+00  0.00000000E+00  0.00000000E+00  0.00000000E+00
->       8      12       2       5                                 <-   
NA                                                                              
  2.80426882E-08  2.26741834E-10  1.13245924E-09  3.00170591E-08  2.69273443E-07
->       8      12       2       5                                 <-   
NP                                                                              
  1.63036191E-06  1.68697185E-12  0.00000000E+00  0.00000000E+00  0.00000000E+00
->       8      12       2       5                                 <-   
N2A                                                                             
  9.03926264E-18  0.00000000E+00  0.00000000E+00  0.00000000E+00  0.00000000E+00
->       8      12       2       5                                 <-   
NNP                                                                             
  1.73023096E-09  0.00000000E+00  0.00000000E+00  0.00000000E+00  0.00000000E+00
->       8      12       2       5                                 <-   
ND                                                                              
  4.49822485E-10  0.00000000E+00  0.00000000E+00  0.00000000E+00  0.00000000E+00
->       8      12       2       5                                 <-   
NT                                                                              
  5.36874573E-11  0.00000000E+00  0.00000000E+00  0.00000000E+00  0.00000000E+00
->       8      12       2       5                                 <-   
H-FACTOR                                                                        
  3.41299194E-16  2.30520122E-16  5.61763156E-16  8.92118288E-16  3.16939209E-15
->       8      12       2       5                                 <-   
OVERV                                                                           
  8.26446300E-10  2.76513679E-09  1.45930725E-08  6.85242725E-08  5.07324216E-07
->       8      12       2       5                                 <-   
STRD                                                                            
  8.09901237E-01  1.62731528E+00  2.36529636E+00  2.88486767E+00  3.19510794E+00
->       8      12       2       5                                 <-   
SIGS00                                                                          
  1.60714030E+00  3.02997565E+00  3.47567058E+00  3.51614475E+00  3.51518703E+00
->       8      12       1       5                                 <-   
NJJS00                                                                          
         1         2         3         4         5
->       8      12       1       5                                 <-   
IJJS00                                                                          
         1         2         3         4         5
->       8      12       2      15                                 <-   
SCAT00                                                                          
  1.59577239E+00  3.02059197E+00  1.13586504E-02  3.46892262E+00  9.38200112E-03
  9.09626306E-06  3.50977421E+00  6.74815476E-03  5.36761000E-08  6.30332719E-09
  3.51518703E+00  6.37052627E-03  5.32371036E-10  1.10295432E-12  3.32731932E-11
->       8      12       2       5                                 <-   
SIGS01                                                                          
  3.01052421E-01  1.46697372E-01  1.80511884E-02  1.22069512E-02  1.25122769E-02
->       8      12       1       5                                 <-   
NJJS01                                                                          
         1         2         3         4         5
->       8      12       1       5                                 <-   
IJJS01                                                                          
         1         2         3         4         5
->       8      12       2      15                                 <-   
SCAT01                                                                          
  3.03910166E-01  1.49760827E-01 -2.85820337E-03  2.02799402E-02 -3.06347664E-03
  4.89742433E-07  1.43130859E-02 -2.22874666E-03 -1.40893723E-08 -3.33413935E-10
  1.25122769E-02 -2.10613199E-03 -8.61914151E-11 -2.45641398E-13  2.04962176E-12
->       8      12       1       2                                 <-   
SCAT-SAVED                                                                      
         1         1
->       8      12       2       8                                 <-   
LAMBDA-D                                                                        
  1.24666998E-02  2.82917004E-02  4.25244011E-02  1.33041993E-01  2.92467207E-01
  6.66487694E-01  1.63478100E+00  3.55460000E+00
->      -8       0       0       0                                 <-   
->       6      12       3       3                                 <-   
SIGNATURE                                                                       
         4         4         4
L_LIBRARY   
->       6      12       1      40                                 <-   
STATE-VECTOR                                                                    
         1         1         5         2         0         0         1         0
         0         0         0         0        12         1         0         0
         0         1         8         0         0         1         0         0
         0         0         0         0         0         0         0         0
         0         0         0         0         0         0         0         0
->       6      12       1       1                                 <-   
ISOTOPESMIX                                                                     
         1
->       6      12       3       3                                 <-   
ISOTOPESUSED                                                                    
         4         4         4
*MAC*RES    
->       6      12       3       3                                 <-   
ISOTOPERNAME                                                                    
         4         4         4
*MAC*RES    
->       6      12       2       1                                 <-   
ISOTOPESDENS                                                                    
  1.00000000E+00
->       6      12       1       1                                 <-   
ISOTOPESTYPE                                                                    
         1
->       6      12       1       1                                 <-   
ISOTOPESTODO                                                                    
         1
->       6      12       2       1                                 <-   
ISOTOPESVOL                                                                     
  2.34294758E+01
->       6      12       2       1                                 <-   
ISOTOPESTEMP                                                                    
  7.13160034E+02
->       6      12       2       1                                 <-   
MIXTURESVOL                                                                     
  2.34294758E+01
->       6      12       2       1                                 <-   
K-EFFECTIVE                                                                     
  1.00000000E+00
->       6      12       2       1                                 <-   
K-INFINITY                                                                      
  1.19060385E+00
->       6      12       2       1                                 <-   
B2  B1HOM                                                                       
  4.70980862E-03
->       6      12       3      24                                 <-   
ADDXSNAME-P0                                                                    
         4         4         4         4         4         4         4         4
         4         4         4         4         4         4         4         4
         4         4         4         4         4         4         4         4
NFTOT   NG      N2N     N3N     N4N     NA      NP      N2A     NNP     ND      
NT      TRANC   
->       6      12       2       6                                 <-   
ENERGY                                                                          
  1.96403300E+07  4.97870688E+05  1.50343896E+04  4.53999298E+02  2.26032906E+01
  1.10002802E-04
->       6      12       2       5                                 <-   
DELTAU                                                                          
  3.67499995E+00  3.50000000E+00  3.50000000E+00  3.00000024E+00  1.22330999E+01
->      -6       0       0       0                                 <-   
->       5       0       0      -1                                 <-   00000006
->       6      12      10       1                                 <-   
ISOTOPESLIST                                                                    
->       7       0       0      -1                                 <-   00000001
->       8      12       3       3                                 <-   
ALIAS                                                                           
         4         4         4
*MAC*RES0001
->       8      12       2       1                                 <-   
AWR                                                                             
  1.08021367E+00
->       8      12       2       5                                 <-   
NWT0                                                                            
  3.94975901E-01  9.69100773E-01  1.71027362E-01  2.92164320E-03  1.47146250E-06
->       8      12       2       5                                 <-   
NTOT0                                                                           
  4.23761606E-02  6.49414361E-02  1.04372770E-01  1.25529289E-01  1.22471258E-01
->       8      12       2       5                                 <-   
NG                                                                              
  3.01884593E-05  7.55041692E-05  2.43213522E-04  4.43397323E-04  1.65978144E-03
->       8      12       2       5                                 <-   
N2N                                                                             
  5.40125484E-06  0.00000000E+00  0.00000000E+00  0.00000000E+00  0.00000000E+00
->       8      12       2       5                                 <-   
N3N                                                                             
  6.11984330E-09  0.00000000E+00  0.00000000E+00  0.00000000E+00  0.00000000E+00
->       8      12       2       5                                 <-   
NA                                                                              
  8.41608824E-07  2.11416537E-10  9.12150633E-10  7.60794872E-10  1.85162108E-09
->       8      12       2       5                                 <-   
NP                                                                              
  1.47839628E-05  1.73391726E-12  0.00000000E+00  0.00000000E+00  0.00000000E+00
->       8      12       2       5                                 <-   
N2A                                                                             
  2.98040480E-16  0.00000000E+00  0.00000000E+00  0.00000000E+00  0.00000000E+00
->       8      12       2       5                                 <-   
NNP                                                                             
  5.54078454E-08  0.00000000E+00  0.00000000E+00  0.00000000E+00  0.00000000E+00
->       8      12       2       5                                 <-   
ND                                                                              
  5.92262595E-09  0.00000000E+00  0.00000000E+00  0.00000000E+00  0.00000000E+00
->       8      12       2       5                                 <-   
NT                                                                              
  4.87832205E-11  0.00000000E+00  0.00000000E+00  0.00000000E+00  0.00000000E+00
->       8      12       2       5                                 <-   
H-FACTOR                                                                        
  3.54944458E-17  9.42611351E-17  3.23192700E-16  6.05380641E-16  2.12556311E-15
->       8      12       2       5                                 <-   
OVERV                                                                           
  7.36342431E-10  2.46211251E-09  1.11964367E-08  4.52557138E-08  3.41546922E-07
->       8      12       2       5                                 <-   
STRD                                                                            
  1.14916854E-01  2.00054839E-01  3.32370013E-01  3.87981504E-01  4.13892835E-01
->       8      12       2       5                                 <-   
SIGS00                                                                          
  4.23355363E-02  6.48659393E-02  1.04129523E-01  1.25085890E-01  1.20811529E-01
->       8      12       1       5                                 <-   
NJJS00                                                                          
         1         2         3         4         5
->       8      12       1       5                                 <-   
IJJS00                                                                          
         1         2         3         4         5
->       8      12       2      15                                 <-   
SCAT00                                                                          
  4.05906998E-02  6.46414533E-02  1.73460261E-03  1.04025908E-01  2.24443953E-04
  1.02236108E-05  1.25080451E-01  1.03631246E-04  2.31236772E-08  5.49878942E-09
  1.20811529E-01  5.43710848E-06  1.05922715E-09  1.46789698E-12  5.88879293E-11
->       8      12       2       5                                 <-   
SIGS01                                                                          
  1.01403072E-02  4.09808708E-03  1.23013998E-03  1.21196662E-03  1.16409629E-03
->       8      12       1       5                                 <-   
NJJS01                                                                          
         1         2         3         4         5
->       8      12       1       5                                 <-   
IJJS01                                                                          
         1         2         3         4         5
->       8      12       2      15                                 <-   
SCAT01                                                                          
  1.03783021E-02  4.15686332E-03 -2.38691791E-04  1.26330659E-03 -5.87697177E-05
  6.99136763E-07  1.21373520E-03 -3.31664669E-05 -6.04307138E-09 -5.68603831E-10
  1.16409629E-03 -1.76909998E-06 -1.71489975E-10 -3.31196550E-13  2.16733546E-13
->       8      12       1       2                                 <-   
SCAT-SAVED                                                                      
         1         1
->       8      12       2       8                                 <-   
LAMBDA-D                                                                        
  1.24666998E-02  2.82917004E-02  4.25244011E-02  1.33041993E-01  2.92467207E-01
  6.66487694E-01  1.63478100E+00  3.55460000E+00
->      -8       0       0       0                                 <-   
->       6      12       3       3                                 <-   
SIGNATURE                                                                       
         4         4         4
L_LIBRARY   
->       6      12       1      40                                 <-   
STATE-VECTOR                                                                    
         1         1         5         2         0         0         1         0
         0         0         0         0        12         1         0         0
         0         1         8         0         0         1         0         0
         0         0         0         0         0         0         0         0
         0         0         0         0         0         0         0         0
->       6      12       1       1                                 <-   
ISOTOPESMIX                                                                     
         1
->       6      12       3       3                                 <-   
ISOTOPESUSED                                                                    
         4         4         4
*MAC*RES    
->       6      12       3       3                                 <-   
ISOTOPERNAME                                                                    
         4         4         4
*MAC*RES    
->       6      12       2       1                                 <-   
ISOTOPESDENS                                                                    
  1.00000000E+00
->       6      12       1       1                                 <-   
ISOTOPESTYPE                                                                    
         1
->       6      12       1       1                                 <-   
ISOTOPESTODO                                                                    
         1
->       6      12       2       1                                 <-   
ISOTOPESVOL                                                                     
  2.34294758E+01
->       6      12       2       1                                 <-   
ISOTOPESTEMP                                                                    
  7.13160034E+02
->       6      12       2       1                                 <-   
MIXTURESVOL                                                                     
  2.34294758E+01
->       6      12       2       1                                 <-   
K-EFFECTIVE                                                                     
  1.00000000E+00
->       6      12       2       1                                 <-   
K-INFINITY                                                                      
  1.48889935E+00
->       6      12       2       1                                 <-   
B2  B1HOM                                                                       
  1.02236075E-03
->       6      12       3      24                                 <-   
ADDXSNAME-P0                                                                    
         4         4         4         4         4         4         4         4
         4         4         4         4         4         4         4         4
         4         4         4         4         4         4         4         4
NFTOT   NG      N2N     N3N     N4N     NA      NP      N2A     NNP     ND      
NT      TRANC   
->       6      12       2       6                                 <-   
ENERGY                                                                          
  1.96403300E+07  4.97870688E+05  1.50343896E+04  4.53999298E+02  2.26032906E+01
  1.10002802E-04
->       6      12       2       5                                 <-   
DELTAU                                                                          
  3.67499995E+00  3.50000000E+00  3.50000000E+00  3.00000024E+00  1.22330999E+01
->      -6       0       0       0                                 <-   
->       5       0       0      -1                                 <-   00000007
->       6      12      10       1                                 <-   
ISOTOPESLIST                                                                    
->       7       0       0      -1                                 <-   00000001
->       8      12       3       3                                 <-   
ALIAS                                                                           
         4         4         4
*MAC*RES0001
->       8      12       2       1                                 <-   
AWR                                                                             
  3.57101517E+01
->       8      12       2       5                                 <-   
NWT0                                                                            
  1.75649777E-01  5.45025826E-01  1.31596178E-01  1.64764980E-03  2.15064219E-07
->       8      12       2       5                                 <-   
NTOT0                                                                           
  9.81930017E-01  1.79468083E+00  2.20052052E+00  2.41863704E+00  2.91608596E+00
->       8      12       2       5                                 <-   
NG                                                                              
  3.54486343E-04  3.66427441E-04  7.86852557E-04  1.99748389E-03  2.68044183E-03
->       8      12       2       5                                 <-   
N2N                                                                             
  1.15137309E-05  0.00000000E+00  0.00000000E+00  0.00000000E+00  0.00000000E+00
->       8      12       2       5                                 <-   
N3N                                                                             
  1.39854484E-08  0.00000000E+00  0.00000000E+00  0.00000000E+00  0.00000000E+00
->       8      12       2       5                                 <-   
NA                                                                              
  2.24324828E-03  1.06445067E-02  4.44088876E-02  1.85558081E-01  7.40856647E-01
->       8      12       2       5                                 <-   
NP                                                                              
  2.71622011E-05  6.17966478E-08  1.07673692E-08  2.81005885E-08  1.10548257E-07
->       8      12       2       5                                 <-   
N2A                                                                             
  2.85505756E-17  0.00000000E+00  0.00000000E+00  0.00000000E+00  0.00000000E+00
->       8      12       2       5                                 <-   
NNP                                                                             
  1.02965929E-08  0.00000000E+00  0.00000000E+00  0.00000000E+00  0.00000000E+00
->       8      12       2       5                                 <-   
ND                                                                              
  6.45986944E-08  0.00000000E+00  0.00000000E+00  0.00000000E+00  0.00000000E+00
->       8      12       2       5                                 <-   
NT                                                                              
  2.84176183E-10  0.00000000E+00  0.00000000E+00  0.00000000E+00  0.00000000E+00
->       8      12       2       5                                 <-   
H-FACTOR                                                                        
  2.92155931E-16  3.99746109E-16  1.06442162E-15  2.87228745E-15  3.57416055E-15
->       8      12       2       5                                 <-   
OVERV                                                                           
  8.15259860E-10  2.54771115E-09  1.07275699E-08  4.41196661E-08  1.75319570E-07
->       8      12       2       5                                 <-   
STRD                                                                            
  7.36466646E-01  1.41387987E+00  1.97136605E+00  2.09806275E+00  2.33468437E+00
->       8      12       2       5                                 <-   
SIGS00                                                                          
  9.79286432E-01  1.78366888E+00  2.15532517E+00  2.23108029E+00  2.17254853E+00
->       8      12       1       5                                 <-   
NJJS00                                                                          
         1         2         3         4         5
->       8      12       1       5                                 <-   
IJJS00                                                                          
         1         2         3         4         5
->       8      12       2      15                                 <-   
SCAT00                                                                          
  9.60876703E-01  1.77739561E+00  1.83865782E-02  2.15442562E+00  6.27322635E-03
  2.32046605E-05  2.23105836E+00  8.99689388E-04  7.29058200E-08  1.97108072E-08
  2.17254853E+00  2.21287191E-05  2.52481791E-09  3.32678308E-12  2.24073607E-10
->       8      12       2       5                                 <-   
SIGS01                                                                          
  1.85413197E-01  9.62476581E-02  1.68361422E-02  1.21420166E-02  1.13587808E-02
->       8      12       1       5                                 <-   
NJJS01                                                                          
         1         2         3         4         5
->       8      12       1       5                                 <-   
IJJS01                                                                          
         1         2         3         4         5
->       8      12       2      15                                 <-   
SCAT01                                                                          
  1.88876927E-01  9.82744992E-02 -3.46521777E-03  1.71306711E-02 -2.02685595E-03
  1.52466112E-06  1.21493693E-02 -2.94528378E-04 -1.90851530E-08 -1.78587112E-09
  1.13587808E-02 -7.35400863E-06 -4.08770573E-10 -7.43573443E-13  1.63856585E-11
->       8      12       1       2                                 <-   
SCAT-SAVED                                                                      
         1         1
->       8      12       2       8                                 <-   
LAMBDA-D                                                                        
  1.24666998E-02  2.82917004E-02  4.25244011E-02  1.33041993E-01  2.92467207E-01
  6.66487694E-01  1.63478100E+00  3.55460000E+00
->      -8       0       0       0                                 <-   
->       6      12       3       3                                 <-   
SIGNATURE                                                                       
         4         4         4
L_LIBRARY   
->       6      12       1      40                                 <-   
STATE-VECTOR                                                                    
         1         1         5         2         0         0         1         0
         0         0         0         0        12         1         0         0
         0         1         8         0         0         1         0         0
         0         0         0         0         0         0         0         0
         0         0         0         0         0         0         0         0
->       6      12       1       1                                 <-   
ISOTOPESMIX                                                                     
         1
->       6      12       3       3                                 <-   
ISOTOPESUSED                                                                    
         4         4         4
*MAC*RES    
->       6      12       3       3                                 <-   
ISOTOPERNAME                                                                    
         4         4         4
*MAC*RES    
->       6      12       2       1                                 <-   
ISOTOPESDENS                                                                    
  1.00000000E+00
->       6      12       1       1                                 <-   
ISOTOPESTYPE                                                                    
         1
->       6      12       1       1                                 <-   
ISOTOPESTODO                                                                    
         1
->       6      12       2       1                                 <-   
ISOTOPESVOL                                                                     
  2.34294758E+01
->       6      12       2       1                                 <-   
ISOTOPESTEMP                                                                    
  7.13160034E+02
->       6      12       2       1                                 <-   
MIXTURESVOL                                                                     
  2.34294758E+01
->       6      12       2       1                                 <-   
K-EFFECTIVE                                                                     
  1.00000000E+00
->       6      12       2       1                                 <-   
K-INFINITY                                                                      
  9.14335549E-01
->       6      12       2       1                                 <-   
B2  B1HOM                                                                       
 -2.35554879E-03
->       6      12       3      24                                 <-   
ADDXSNAME-P0                                                                    
         4         4         4         4         4         4         4         4
         4         4         4         4         4         4         4         4
         4         4         4         4         4         4         4         4
NFTOT   NG      N2N     N3N     N4N     NA      NP      N2A     NNP     ND      
NT      TRANC   
->       6      12       2       6                                 <-   
ENERGY                                                                          
  1.96403300E+07  4.97870688E+05  1.50343896E+04  4.53999298E+02  2.26032906E+01
  1.10002802E-04
->       6      12       2       5                                 <-   
DELTAU                                                                          
  3.67499995E+00  3.50000000E+00  3.50000000E+00  3.00000024E+00  1.22330999E+01
->      -6       0       0       0                                 <-   
->       5       0       0      -1                                 <-   00000008
->       6      12      10       1                                 <-   
ISOTOPESLIST                                                                    
->       7       0       0      -1                                 <-   00000001
->       8      12       3       3                                 <-   
ALIAS                                                                           
         4         4         4
*MAC*RES0001
->       8      12       2       1                                 <-   
AWR                                                                             
  1.72470224E+00
->       8      12       2       5                                 <-   
NWT0                                                                            
  3.54977369E-01  8.73162448E-01  8.63281339E-02  1.42901685E-04  6.44345644E-09
->       8      12       2       5                                 <-   
NTOT0                                                                           
  1.08245239E-01  1.75488025E-01  3.34572047E-01  5.30784488E-01  2.17813706E+00
->       8      12       2       5                                 <-   
NG                                                                              
  8.55507897E-05  2.35471234E-04  6.05538196E-04  1.92786241E-03  6.78214431E-03
->       8      12       2       5                                 <-   
N2N                                                                             
  3.26948430E-06  0.00000000E+00  0.00000000E+00  0.00000000E+00  0.00000000E+00
->       8      12       2       5                                 <-   
N3N                                                                             
  3.04174819E-09  0.00000000E+00  0.00000000E+00  0.00000000E+00  0.00000000E+00
->       8      12       2       5                                 <-   
NA                                                                              
  2.01446353E-03  9.94487293E-03  3.82409543E-02  1.72223896E-01  1.87227929E+00
->       8      12       2       5                                 <-   
NP                                                                              
  1.05538711E-04  6.53840289E-08  1.01899174E-08  2.61099906E-08  2.77198097E-07
->       8      12       2       5                                 <-   
N2A                                                                             
  6.10735531E-16  0.00000000E+00  0.00000000E+00  0.00000000E+00  0.00000000E+00
->       8      12       2       5                                 <-   
NNP                                                                             
  2.13307018E-07  0.00000000E+00  0.00000000E+00  0.00000000E+00  0.00000000E+00
->       8      12       2       5                                 <-   
ND                                                                              
  1.44330909E-06  0.00000000E+00  0.00000000E+00  0.00000000E+00  0.00000000E+00
->       8      12       2       5                                 <-   
NT                                                                              
  5.06635001E-09  0.00000000E+00  0.00000000E+00  0.00000000E+00  0.00000000E+00
->       8      12       2       5                                 <-   
H-FACTOR                                                                        
  1.09018911E-16  3.06052697E-16  8.41731315E-16  2.77193374E-15  9.05227160E-15
->       8      12       2       5                                 <-   
OVERV                                                                           
  7.45192963E-10  2.37230080E-09  9.26255428E-09  4.09689100E-08  4.42312881E-07
->       8      12       2       5                                 <-   
STRD                                                                            
  1.25683889E-01  2.22479165E-01  3.77823293E-01  4.81603473E-01  5.27816713E-01
->       8      12       2       5                                 <-   
SIGS00                                                                          
  1.05960794E-01  1.65307388E-01  2.95725524E-01  3.56632382E-01  2.99072087E-01
->       8      12       1       5                                 <-   
NJJS00                                                                          
         1         2         3         4         5
->       8      12       1       5                                 <-   
IJJS00                                                                          
         1         2         3         4         5
->       8      12       2      15                                 <-   
SCAT00                                                                          
  9.60548893E-02  1.63430631E-01  9.87920724E-03  2.95633316E-01  1.87669275E-03
  2.66609659E-05  3.56630802E-01  9.21342653E-05  3.78008629E-08  2.54851766E-08
  2.99072087E-01  1.53262340E-06  4.03161993E-09  3.89041013E-12  4.87636265E-10
->       8      12       2       5                                 <-   
SIGS01                                                                          
  2.24022791E-02  1.05684763E-02  5.86575642E-03  6.00580778E-03  5.33727882E-03
->       8      12       1       5                                 <-   
NJJS01                                                                          
         1         2         3         4         5
->       8      12       1       5                                 <-   
IJJS01                                                                          
         1         2         3         4         5
->       8      12       2      15                                 <-   
SCAT01                                                                          
  2.41707508E-02  1.11792423E-02 -1.77026633E-03  5.89630194E-03 -6.10756339E-04
  1.79549886E-06  6.00631582E-03 -3.05441608E-05 -9.83247173E-09 -2.17104468E-09
  5.33727882E-03 -5.07174434E-07 -6.52723431E-10 -8.79234511E-13  1.74185024E-11
->       8      12       1       2                                 <-   
SCAT-SAVED                                                                      
         1         1
->       8      12       2       8                                 <-   
LAMBDA-D                                                                        
  1.24666998E-02  2.82917004E-02  4.25244011E-02  1.33041993E-01  2.92467207E-01
  6.66487694E-01  1.63478100E+00  3.55460000E+00
->      -8       0       0       0                                 <-   
->       6      12       3       3                                 <-   
SIGNATURE                                                                       
         4         4         4
L_LIBRARY   
->       6      12       1      40                                 <-   
STATE-VECTOR                                                                    
         1         1         5         2         0         0         1         0
         0         0         0         0        12         1         0         0
         0         1         8         0         0         1         0         0
         0         0         0         0         0         0         0         0
         0         0         0         0         0         0         0         0
->       6      12       1       1                                 <-   
ISOTOPESMIX                                                                     
         1
->       6      12       3       3                                 <-   
ISOTOPESUSED                                                                    
         4         4         4
*MAC*RES    
->       6      12       3       3                                 <-   
ISOTOPERNAME                                                                    
         4         4         4
*MAC*RES    
->       6      12       2       1                                 <-   
ISOTOPESDENS                                                                    
  1.00000000E+00
->       6      12       1       1                                 <-   
ISOTOPESTYPE                                                                    
         1
->       6      12       1       1                                 <-   
ISOTOPESTODO                                                                    
         1
->       6      12       2       1                                 <-   
ISOTOPESVOL                                                                     
  2.34294758E+01
->       6      12       2       1                                 <-   
ISOTOPESTEMP                                                                    
  7.13160034E+02
->       6      12       2       1                                 <-   
MIXTURESVOL                                                                     
  2.34294758E+01
->       6      12       2       1                                 <-   
K-EFFECTIVE                                                                     
  1.00000000E+00
->       6      12       2       1                                 <-   
K-INFINITY                                                                      
  1.05028749E+00
->       6      12       2       1                                 <-   
B2  B1HOM                                                                       
  1.65370438E-04
->       6      12       3      24                                 <-   
ADDXSNAME-P0                                                                    
         4         4         4         4         4         4         4         4
         4         4         4         4         4         4         4         4
         4         4         4         4         4         4         4         4
NFTOT   NG      N2N     N3N     N4N     NA      NP      N2A     NNP     ND      
NT      TRANC   
->       6      12       2       6                                 <-   
ENERGY                                                                          
  1.96403300E+07  4.97870688E+05  1.50343896E+04  4.53999298E+02  2.26032906E+01
  1.10002802E-04
->       6      12       2       5                                 <-   
DELTAU                                                                          
  3.67499995E+00  3.50000000E+00  3.50000000E+00  3.00000024E+00  1.22330999E+01
->      -6       0       0       0                                 <-   
->       5       0       0      -1                                 <-   00000009
->       6      12      10       1                                 <-   
ISOTOPESLIST                                                                    
->       7       0       0      -1                                 <-   00000001
->       8      12       3       3                                 <-   
ALIAS                                                                           
         4         4         4
*MAC*RES0001
->       8      12       2       1                                 <-   
AWR                                                                             
  6.26101303E+01
->       8      12       2       5                                 <-   
NWT0                                                                            
  1.81619003E-01  5.22398114E-01  3.71469676E-01  1.27623737E-01  4.73461524E-02
->       8      12       2       5                                 <-   
NTOT0                                                                           
  1.60736537E+00  3.02982497E+00  3.47569609E+00  3.51587677E+00  3.51742339E+00
->       8      12       2       5                                 <-   
NG                                                                              
  4.86740231E-04  2.72298523E-04  4.07871004E-04  4.04955586E-04  2.46433215E-03
->       8      12       2       5                                 <-   
N2N                                                                             
  1.51602108E-05  0.00000000E+00  0.00000000E+00  0.00000000E+00  0.00000000E+00
->       8      12       2       5                                 <-   
N3N                                                                             
  1.85375164E-08  0.00000000E+00  0.00000000E+00  0.00000000E+00  0.00000000E+00
->       8      12       2       5                                 <-   
NA                                                                              
  2.76143446E-08  3.34975602E-12  7.42516031E-12  2.97548493E-08  2.69497349E-07
->       8      12       2       5                                 <-   
NP                                                                              
  1.63173263E-06  1.68750300E-12  0.00000000E+00  0.00000000E+00  0.00000000E+00
->       8      12       2       5                                 <-   
N2A                                                                             
  9.05071330E-18  0.00000000E+00  0.00000000E+00  0.00000000E+00  0.00000000E+00
->       8      12       2       5                                 <-   
NNP                                                                             
  1.73192860E-09  0.00000000E+00  0.00000000E+00  0.00000000E+00  0.00000000E+00
->       8      12       2       5                                 <-   
ND                                                                              
  4.50349480E-10  0.00000000E+00  0.00000000E+00  0.00000000E+00  0.00000000E+00
->       8      12       2       5                                 <-   
NT                                                                              
  5.37512222E-11  0.00000000E+00  0.00000000E+00  0.00000000E+00  0.00000000E+00
->       8      12       2       5                                 <-   
H-FACTOR                                                                        
  3.38762172E-16  2.24107024E-16  5.21994853E-16  5.43858203E-16  3.14633543E-15
->       8      12       2       5                                 <-   
OVERV                                                                           
  8.26374691E-10  2.76502421E-09  1.45967602E-08  6.87322910E-08  5.07776406E-07
->       8      12       2       5                                 <-   
STRD                                                                            
  8.09896529E-01  1.62717295E+00  2.36537194E+00  2.88597965E+00  3.19513655E+00
->       8      12       2       5                                 <-   
SIGS00                                                                          
  1.60688841E+00  3.02955294E+00  3.47528887E+00  3.51547194E+00  3.51495934E+00
->       8      12       1       5                                 <-   
NJJS00                                                                          
         1         2         3         4         5
->       8      12       1       5                                 <-   
IJJS00                                                                          
         1         2         3         4         5
->       8      12       2      15                                 <-   
SCAT00                                                                          
  1.59554911E+00  3.02017260E+00  1.13298260E-02  3.46853209E+00  9.37959366E-03
  9.03439832E-06  3.50898504E+00  6.75712014E-03  5.36680673E-08  6.23404794E-09
  3.51495934E+00  6.48682518E-03  5.32112798E-10  1.08210576E-12  3.28891567E-11
->       8      12       2       5                                 <-   
SIGS01                                                                          
  3.01087439E-01  1.46704212E-01  1.80492029E-02  1.22065609E-02  1.25125088E-02
->       8      12       1       5                                 <-   
NJJS01                                                                          
         1         2         3         4         5
->       8      12       1       5                                 <-   
IJJS01                                                                          
         1         2         3         4         5
->       8      12       2      15                                 <-   
SCAT01                                                                          
  3.03943992E-01  1.49767503E-01 -2.85705039E-03  2.02833768E-02 -3.06331320E-03
  4.89804052E-07  1.43514071E-02 -2.23417790E-03 -1.40886272E-08 -3.33205769E-10
  1.25125088E-02 -2.14484707E-03 -8.61496152E-11 -2.45666687E-13  2.05244675E-12
->       8      12       1       2                                 <-   
SCAT-SAVED                                                                      
         1         1
->       8      12       2       8                                 <-   
LAMBDA-D                                                                        
  1.24666998E-02  2.82917004E-02  4.25244011E-02  1.33041993E-01  2.92467207E-01
  6.66487694E-01  1.63478100E+00  3.55460000E+00
->      -8       0       0       0                                 <-   
->       6      12       3       3                                 <-   
SIGNATURE                                                                       
         4         4         4
L_LIBRARY   
->       6      12       1      40                                 <-   
STATE-VECTOR                                                                    
         1         1         5         2         0         0         1         0
         0         0         0         0        12         1         0         0
         0         1         8         0         0         1         0         0
         0         0         0         0         0         0         0         0
         0         0         0         0         0         0         0         0
->       6      12       1       1                                 <-   
ISOTOPESMIX                                                                     
         1
->       6      12       3       3                                 <-   
ISOTOPESUSED                                                                    
         4         4         4
*MAC*RES    
->       6      12       3       3                                 <-   
ISOTOPERNAME                                                                    
         4         4         4
*MAC*RES    
->       6      12       2       1                                 <-   
ISOTOPESDENS                                                                    
  1.00000000E+00
->       6      12       1       1                                 <-   
ISOTOPESTYPE                                                                    
         1
->       6      12       1       1                                 <-   
ISOTOPESTODO                                                                    
         1
->       6      12       2       1                                 <-   
ISOTOPESVOL                                                                     
  2.34294758E+01
->       6      12       2       1                                 <-   
ISOTOPESTEMP                                                                    
  7.13160034E+02
->       6      12       2       1                                 <-   
MIXTURESVOL                                                                     
  2.34294758E+01
->       6      12       2       1                                 <-   
K-EFFECTIVE                                                                     
  1.00000000E+00
->       6      12       2       1                                 <-   
K-INFINITY                                                                      
  1.19194484E+00
->       6      12       2       1                                 <-   
B2  B1HOM                                                                       
  4.73917555E-03
->       6      12       3      24                                 <-   
ADDXSNAME-P0                                                                    
         4         4         4         4         4         4         4         4
         4         4         4         4         4         4         4         4
         4         4         4         4         4         4         4         4
NFTOT   NG      N2N     N3N     N4N     NA      NP      N2A     NNP     ND      
NT      TRANC   
->       6      12       2       6                                 <-   
ENERGY                                                                          
  1.96403300E+07  4.97870688E+05  1.50343896E+04  4.53999298E+02  2.26032906E+01
  1.10002802E-04
->       6      12       2       5                                 <-   
DELTAU                                                                          
  3.67499995E+00  3.50000000E+00  3.50000000E+00  3.00000024E+00  1.22330999E+01
->      -6       0       0       0                                 <-   
->       5       0       0      -1                                 <-   00000010
->       6      12      10       1                                 <-   
ISOTOPESLIST                                                                    
->       7       0       0      -1                                 <-   00000001
->       8      12       3       3                                 <-   
ALIAS                                                                           
         4         4         4
*MAC*RES0001
->       8      12       2       1                                 <-   
AWR                                                                             
  1.07627416E+00
->       8      12       2       5                                 <-   
NWT0                                                                            
  3.95190299E-01  9.68908548E-01  1.71083421E-01  2.93287123E-03  1.50948324E-06
->       8      12       2       5                                 <-   
NTOT0                                                                           
  4.21041213E-02  6.45703003E-02  1.03972740E-01  1.24968462E-01  1.22209460E-01
->       8      12       2       5                                 <-   
NG                                                                              
  2.84439284E-05  7.11622561E-05  2.20300644E-04  3.46421293E-04  1.62441633E-03
->       8      12       2       5                                 <-   
N2N                                                                             
  5.37904452E-06  0.00000000E+00  0.00000000E+00  0.00000000E+00  0.00000000E+00
->       8      12       2       5                                 <-   
N3N                                                                             
  6.10594197E-09  0.00000000E+00  0.00000000E+00  0.00000000E+00  0.00000000E+00
->       8      12       2       5                                 <-   
NA                                                                              
  8.39600602E-07  3.70869481E-12  4.27835675E-12  9.88027091E-11  1.79897020E-09
->       8      12       2       5                                 <-   
NP                                                                              
  1.47892142E-05  1.73391130E-12  0.00000000E+00  0.00000000E+00  0.00000000E+00
->       8      12       2       5                                 <-   
N2A                                                                             
  2.98123172E-16  0.00000000E+00  0.00000000E+00  0.00000000E+00  0.00000000E+00
->       8      12       2       5                                 <-   
NNP                                                                             
  5.54089645E-08  0.00000000E+00  0.00000000E+00  0.00000000E+00  0.00000000E+00
->       8      12       2       5                                 <-   
ND                                                                              
  5.92315663E-09  0.00000000E+00  0.00000000E+00  0.00000000E+00  0.00000000E+00
->       8      12       2       5                                 <-   
NT                                                                              
  4.86589866E-11  0.00000000E+00  0.00000000E+00  0.00000000E+00  0.00000000E+00
->       8      12       2       5                                 <-   
H-FACTOR                                                                        
  3.33680920E-17  8.86501837E-17  2.93575929E-16  4.87290855E-16  2.08094946E-15
->       8      12       2       5                                 <-   
OVERV                                                                           
  7.36276373E-10  2.46207010E-09  1.11990710E-08  4.52815598E-08  3.37618729E-07
->       8      12       2       5                                 <-   
STRD                                                                            
  1.14853747E-01  1.99962467E-01  3.32258165E-01  3.87754321E-01  4.13062453E-01
->       8      12       2       5                                 <-   
SIGS00                                                                          
  4.20652069E-02  6.44991174E-02  1.03752449E-01  1.24622062E-01  1.20585077E-01
->       8      12       1       5                                 <-   
NJJS00                                                                          
         1         2         3         4         5
->       8      12       1       5                                 <-   
IJJS00                                                                          
         1         2         3         4         5
->       8      12       2      15                                 <-   
SCAT00                                                                          
  4.03430834E-02  6.42755032E-02  1.71196251E-03  1.03649400E-01  2.23593306E-04
  1.01574960E-05  1.24616452E-01  1.03052087E-04  2.31133654E-08  5.42244871E-09
  1.20585077E-01  5.58604688E-06  1.05881348E-09  1.44437045E-12  5.85022725E-11
->       8      12       2       5                                 <-   
SIGS01                                                                          
  1.01413857E-02  4.09791060E-03  1.23007572E-03  1.21191214E-03  1.16395229E-03
->       8      12       1       5                                 <-   
NJJS01                                                                          
         1         2         3         4         5
->       8      12       1       5                                 <-   
IJJS01                                                                          
         1         2         3         4         5
->       8      12       2      15                                 <-   
SCAT01                                                                          
  1.03792595E-02  4.15667519E-03 -2.38571840E-04  1.26347144E-03 -5.87580325E-05
  6.99098564E-07  1.21373171E-03 -3.33953867E-05 -6.04191319E-09 -5.68574188E-10
  1.16395229E-03 -1.81995904E-06 -1.71422973E-10 -3.31260274E-13  2.17033151E-13
->       8      12       1       2                                 <-   
SCAT-SAVED                                                                      
         1         1
->       8      12       2       8                                 <-   
LAMBDA-D                                                                        
  1.24666998E-02  2.82917004E-02  4.25244011E-02  1.33041993E-01  2.92467207E-01
  6.66487694E-01  1.63478100E+00  3.55460000E+00
->      -8       0       0       0                                 <-   
->       6      12       3       3                                 <-   
SIGNATURE                                                                       
         4         4         4
L_LIBRARY   
->       6      12       1      40                                 <-   
STATE-VECTOR                                                                    
         1         1         5         2         0         0         1         0
         0         0         0         0        12         1         0         0
         0         1         8         0         0         1         0         0
         0         0         0         0         0         0         0         0
         0         0         0         0         0         0         0         0
->       6      12       1       1                                 <-   
ISOTOPESMIX                                                                     
         1
->       6      12       3       3                                 <-   
ISOTOPESUSED                                                                    
         4         4         4
*MAC*RES    
->       6      12       3       3                                 <-   
ISOTOPERNAME                                                                    
         4         4         4
*MAC*RES    
->       6      12       2       1                                 <-   
ISOTOPESDENS                                                                    
  1.00000000E+00
->       6      12       1       1                                 <-   
ISOTOPESTYPE                                                                    
         1
->       6      12       1       1                                 <-   
ISOTOPESTODO                                                                    
         1
->       6      12       2       1                                 <-   
ISOTOPESVOL                                                                     
  2.34294758E+01
->       6      12       2       1                                 <-   
ISOTOPESTEMP                                                                    
  7.13160034E+02
->       6      12       2       1                                 <-   
MIXTURESVOL                                                                     
  2.34294758E+01
->       6      12       2       1                                 <-   
K-EFFECTIVE                                                                     
  1.00000000E+00
->       6      12       2       1                                 <-   
K-INFINITY                                                                      
  1.48942101E+00
->       6      12       2       1                                 <-   
B2  B1HOM                                                                       
  1.02261349E-03
->       6      12       3      24                                 <-   
ADDXSNAME-P0                                                                    
         4         4         4         4         4         4         4         4
         4         4         4         4         4         4         4         4
         4         4         4         4         4         4         4         4
NFTOT   NG      N2N     N3N     N4N     NA      NP      N2A     NNP     ND      
NT      TRANC   
->       6      12       2       6                                 <-   
ENERGY                                                                          
  1.96403300E+07  4.97870688E+05  1.50343896E+04  4.53999298E+02  2.26032906E+01
  1.10002802E-04
->       6      12       2       5                                 <-   
DELTAU                                                                          
  3.67499995E+00  3.50000000E+00  3.50000000E+00  3.00000024E+00  1.22330999E+01
->      -6       0       0       0                                 <-   
->       5       0       0      -1                                 <-   00000011
->       6      12      10       1                                 <-   
ISOTOPESLIST                                                                    
->       7       0       0      -1                                 <-   00000001
->       8      12       3       3                                 <-   
ALIAS                                                                           
         4         4         4
*MAC*RES0001
->       8      12       2       1                                 <-   
AWR                                                                             
  1.82709732E+01
->       8      12       2       5                                 <-   
NWT0                                                                            
  1.86412424E-01  5.96481144E-01  1.56369418E-01  2.26899609E-03  3.02498677E-07
->       8      12       2       5                                 <-   
NTOT0                                                                           
  5.50371647E-01  9.92173016E-01  1.21679199E+00  1.38689733E+00  1.82521784E+00
->       8      12       2       5                                 <-   
NG                                                                              
  1.93928048E-04  2.29986355E-04  5.61220688E-04  1.07045111E-03  1.97453960E-03
->       8      12       2       5                                 <-   
N2N                                                                             
  9.60137822E-06  0.00000000E+00  0.00000000E+00  0.00000000E+00  0.00000000E+00
->       8      12       2       5                                 <-   
N3N                                                                             
  1.16054659E-08  0.00000000E+00  0.00000000E+00  0.00000000E+00  0.00000000E+00
->       8      12       2       5                                 <-   
NA                                                                              
  1.76429597E-03  8.80708825E-03  3.68210040E-02  1.51166096E-01  6.02658629E-01
->       8      12       2       5                                 <-   
NP                                                                              
  1.48031904E-05  4.85390146E-08  8.83404105E-09  2.28923653E-08  8.99292871E-08
->       8      12       2       5                                 <-   
N2A                                                                             
  4.61488266E-17  0.00000000E+00  0.00000000E+00  0.00000000E+00  0.00000000E+00
->       8      12       2       5                                 <-   
NNP                                                                             
  8.91096175E-09  0.00000000E+00  0.00000000E+00  0.00000000E+00  0.00000000E+00
->       8      12       2       5                                 <-   
ND                                                                              
  8.75059669E-08  0.00000000E+00  0.00000000E+00  0.00000000E+00  0.00000000E+00
->       8      12       2       5                                 <-   
NT                                                                              
  1.25151656E-09  0.00000000E+00  0.00000000E+00  0.00000000E+00  0.00000000E+00
->       8      12       2       5                                 <-   
H-FACTOR                                                                        
  1.66463335E-16  2.56004750E-16  7.48778396E-16  1.48600782E-15  2.57122547E-15
->       8      12       2       5                                 <-   
OVERV                                                                           
  8.03213496E-10  2.58719912E-09  1.09111102E-08  4.41038885E-08  1.75000636E-07
->       8      12       2       5                                 <-   
STRD                                                                            
  6.91358566E-01  1.31030071E+00  1.83347142E+00  2.03900051E+00  2.30312085E+00
->       8      12       2       5                                 <-   
SIGS00                                                                          
  5.48380792E-01  9.83135760E-01  1.17940998E+00  1.23466051E+00  1.22058392E+00
->       8      12       1       5                                 <-   
NJJS00                                                                          
         1         2         3         4         5
->       8      12       1       5                                 <-   
IJJS00                                                                          
         1         2         3         4         5
->       8      12       2      15                                 <-   
SCAT00                                                                          
  5.29138923E-01  9.77169216E-01  1.92171447E-02  1.17841721E+00  5.96625870E-03
  2.49375971E-05  1.23463762E+00  9.92522808E-04  8.87082550E-08  1.11889173E-08
  1.22058392E+00  2.29963680E-05  2.36341635E-09  2.93770628E-12  7.84251344E-11
->       8      12       2       5                                 <-   
SIGS01                                                                          
  1.05486177E-01  5.39038256E-02  1.32775763E-02  1.10536199E-02  1.08498624E-02
->       8      12       1       5                                 <-   
NJJS01                                                                          
         1         2         3         4         5
->       8      12       1       5                                 <-   
IJJS01                                                                          
         1         2         3         4         5
->       8      12       2      15                                 <-   
SCAT01                                                                          
  1.08593568E-01  5.57927564E-02 -3.10916128E-03  1.36015899E-02 -1.88890984E-03
  1.76347874E-06  1.10614188E-02 -3.24011373E-04 -2.32572148E-08 -1.48466506E-09
  1.08498624E-02 -7.79844504E-06 -3.82639503E-10 -6.55899000E-13  2.14322700E-13
->       8      12       1       2                                 <-   
SCAT-SAVED                                                                      
         1         1
->       8      12       2       8                                 <-   
LAMBDA-D                                                                        
  1.24666998E-02  2.82917004E-02  4.25244011E-02  1.33041993E-01  2.92467207E-01
  6.66487694E-01  1.63478100E+00  3.55460000E+00
->      -8       0       0       0                                 <-   
->       6      12       3       3                                 <-   
SIGNATURE                                                                       
         4         4         4
L_LIBRARY   
->       6      12       1      40                                 <-   
STATE-VECTOR                                                                    
         1         1         5         2         0         0         1         0
         0         0         0         0        12         1         0         0
         0         1         8         0         0         1         0         0
         0         0         0         0         0         0         0         0
         0         0         0         0         0         0         0         0
->       6      12       1       1                                 <-   
ISOTOPESMIX                                                                     
         1
->       6      12       3       3                                 <-   
ISOTOPESUSED                                                                    
         4         4         4
*MAC*RES    
->       6      12       3       3                                 <-   
ISOTOPERNAME                                                                    
         4         4         4
*MAC*RES    
->       6      12       2       1                                 <-   
ISOTOPESDENS                                                                    
  1.00000000E+00
->       6      12       1       1                                 <-   
ISOTOPESTYPE                                                                    
         1
->       6      12       1       1                                 <-   
ISOTOPESTODO                                                                    
         1
->       6      12       2       1                                 <-   
ISOTOPESVOL                                                                     
  2.34294758E+01
->       6      12       2       1                                 <-   
ISOTOPESTEMP                                                                    
  7.13160034E+02
->       6      12       2       1                                 <-   
MIXTURESVOL                                                                     
  2.34294758E+01
->       6      12       2       1                                 <-   
K-EFFECTIVE                                                                     
  1.00000012E+00
->       6      12       2       1                                 <-   
K-INFINITY                                                                      
  9.26332593E-01
->       6      12       2       1                                 <-   
B2  B1HOM                                                                       
 -1.84782245E-03
->       6      12       3      24                                 <-   
ADDXSNAME-P0                                                                    
         4         4         4         4         4         4         4         4
         4         4         4         4         4         4         4         4
         4         4         4         4         4         4         4         4
NFTOT   NG      N2N     N3N     N4N     NA      NP      N2A     NNP     ND      
NT      TRANC   
->       6      12       2       6                                 <-   
ENERGY                                                                          
  1.96403300E+07  4.97870688E+05  1.50343896E+04  4.53999298E+02  2.26032906E+01
  1.10002802E-04
->       6      12       2       5                                 <-   
DELTAU                                                                          
  3.67499995E+00  3.50000000E+00  3.50000000E+00  3.00000024E+00  1.22330999E+01
->      -6       0       0       0                                 <-   
->       5       0       0      -1                                 <-   00000012
->       6      12      10       1                                 <-   
ISOTOPESLIST                                                                    
->       7       0       0      -1                                 <-   00000001
->       8      12       3       3                                 <-   
ALIAS                                                                           
         4         4         4
*MAC*RES0001
->       8      12       2       1                                 <-   
AWR                                                                             
  1.41462171E+00
->       8      12       2       5                                 <-   
NWT0                                                                            
  3.37741286E-01  8.68865490E-01  1.22585639E-01  3.40625847E-04  8.89794372E-09
->       8      12       2       5                                 <-   
NTOT0                                                                           
  1.12069346E-01  1.86088905E-01  2.88770765E-01  4.48217630E-01  1.69809783E+00
->       8      12       2       5                                 <-   
NG                                                                              
  5.92318465E-05  1.67351260E-04  4.14074486E-04  1.06323999E-03  4.59288480E-03
->       8      12       2       5                                 <-   
N2N                                                                             
  2.00923569E-06  0.00000000E+00  0.00000000E+00  0.00000000E+00  0.00000000E+00
->       8      12       2       5                                 <-   
N3N                                                                             
  1.58233038E-09  0.00000000E+00  0.00000000E+00  0.00000000E+00  0.00000000E+00
->       8      12       2       5                                 <-   
NA                                                                              
  1.62634964E-03  8.47722776E-03  3.25964615E-02  1.40347525E-01  1.40178704E+00
->       8      12       2       5                                 <-   
NP                                                                              
  4.93474654E-05  4.92033081E-08  8.44149817E-09  2.12773372E-08  2.07633278E-07
->       8      12       2       5                                 <-   
N2A                                                                             
  6.16485826E-16  0.00000000E+00  0.00000000E+00  0.00000000E+00  0.00000000E+00
->       8      12       2       5                                 <-   
NNP                                                                             
  1.15934959E-07  0.00000000E+00  0.00000000E+00  0.00000000E+00  0.00000000E+00
->       8      12       2       5                                 <-   
ND                                                                              
  1.24560438E-06  0.00000000E+00  0.00000000E+00  0.00000000E+00  0.00000000E+00
->       8      12       2       5                                 <-   
NT                                                                              
  1.57849502E-08  0.00000000E+00  0.00000000E+00  0.00000000E+00  0.00000000E+00
->       8      12       2       5                                 <-   
H-FACTOR                                                                        
  7.42335307E-17  2.12830819E-16  5.68782889E-16  1.48303420E-15  5.98730406E-15
->       8      12       2       5                                 <-   
OVERV                                                                           
  7.40808082E-10  2.48434739E-09  9.68043246E-09  4.09670911E-08  4.06403586E-07
->       8      12       2       5                                 <-   
STRD                                                                            
  1.26359791E-01  2.27913782E-01  3.72989118E-01  4.85882610E-01  5.40444791E-01
->       8      12       2       5                                 <-   
SIGS00                                                                          
  1.10265955E-01  1.77444175E-01  2.55760074E-01  3.06806654E-01  2.91714996E-01
->       8      12       1       5                                 <-   
NJJS00                                                                          
         1         2         3         4         5
->       8      12       1       5                                 <-   
IJJS00                                                                          
         1         2         3         4         5
->       8      12       2      15                                 <-   
SCAT00                                                                          
  9.75069031E-02  1.74293026E-01  1.27330152E-02  2.55539864E-01  3.15109547E-03
  2.60218003E-05  3.06804866E-01  2.20262562E-04  6.33497166E-08  1.18981465E-08
  2.91714996E-01  1.76433468E-06  3.23972293E-09  3.15536291E-12  1.27621275E-10
->       8      12       2       5                                 <-   
SIGS01                                                                          
  2.24473383E-02  1.17845656E-02  7.89657235E-03  8.03244114E-03  7.87720270E-03
->       8      12       1       5                                 <-   
NJJS01                                                                          
         1         2         3         4         5
->       8      12       1       5                                 <-   
IJJS01                                                                          
         1         2         3         4         5
->       8      12       2      15                                 <-   
SCAT01                                                                          
  2.46119834E-02  1.27889123E-02 -2.16649426E-03  7.97088910E-03 -1.00433209E-03
  1.85046940E-06  8.03304836E-03 -7.43165656E-05 -1.65798077E-08 -1.69975345E-09
  7.87720270E-03 -6.07408140E-07 -5.24514432E-10 -7.09013469E-13 -1.30314910E-12
->       8      12       1       2                                 <-   
SCAT-SAVED                                                                      
         1         1
->       8      12       2       8                                 <-   
LAMBDA-D                                                                        
  1.24666998E-02  2.82917004E-02  4.25244011E-02  1.33041993E-01  2.92467207E-01
  6.66487694E-01  1.63478100E+00  3.55460000E+00
->      -8       0       0       0                                 <-   
->       6      12       3       3                                 <-   
SIGNATURE                                                                       
         4         4         4
L_LIBRARY   
->       6      12       1      40                                 <-   
STATE-VECTOR                                                                    
         1         1         5         2         0         0         1         0
         0         0         0         0        12         1         0         0
         0         1         8         0         0         1         0         0
         0         0         0         0         0         0         0         0
         0         0         0         0         0         0         0         0
->       6      12       1       1                                 <-   
ISOTOPESMIX                                                                     
         1
->       6      12       3       3                                 <-   
ISOTOPESUSED                                                                    
         4         4         4
*MAC*RES    
->       6      12       3       3                                 <-   
ISOTOPERNAME                                                                    
         4         4         4
*MAC*RES    
->       6      12       2       1                                 <-   
ISOTOPESDENS                                                                    
  1.00000000E+00
->       6      12       1       1                                 <-   
ISOTOPESTYPE                                                                    
         1
->       6      12       1       1                                 <-   
ISOTOPESTODO                                                                    
         1
->       6      12       2       1                                 <-   
ISOTOPESVOL                                                                     
  2.34294758E+01
->       6      12       2       1                                 <-   
ISOTOPESTEMP                                                                    
  7.13160034E+02
->       6      12       2       1                                 <-   
MIXTURESVOL                                                                     
  2.34294758E+01
->       6      12       2       1                                 <-   
K-EFFECTIVE                                                                     
  1.00000012E+00
->       6      12       2       1                                 <-   
K-INFINITY                                                                      
  1.05893314E+00
->       6      12       2       1                                 <-   
B2  B1HOM                                                                       
  1.96620822E-04
->       6      12       3      24                                 <-   
ADDXSNAME-P0                                                                    
         4         4         4         4         4         4         4         4
         4         4         4         4         4         4         4         4
         4         4         4         4         4         4         4         4
NFTOT   NG      N2N     N3N     N4N     NA      NP      N2A     NNP     ND      
NT      TRANC   
->       6      12       2       6                                 <-   
ENERGY                                                                          
  1.96403300E+07  4.97870688E+05  1.50343896E+04  4.53999298E+02  2.26032906E+01
  1.10002802E-04
->       6      12       2       5                                 <-   
DELTAU                                                                          
  3.67499995E+00  3.50000000E+00  3.50000000E+00  3.00000024E+00  1.22330999E+01
->      -6       0       0       0                                 <-   
->       5       0       0      -1                                 <-   00000013
->       6      12      10       1                                 <-   
ISOTOPESLIST                                                                    
->       7       0       0      -1                                 <-   00000001
->       8      12       3       3                                 <-   
ALIAS                                                                           
         4         4         4
*MAC*RES0001
->       8      12       2       1                                 <-   
AWR                                                                             
  2.07911205E+01
->       8      12       2       5                                 <-   
NWT0                                                                            
  1.77366704E-01  7.05451310E-01  3.27727437E-01  7.85804391E-02  1.31261116E-02
->       8      12       2       5                                 <-   
NTOT0                                                                           
  6.36619329E-01  1.11055958E+00  1.52364731E+00  1.61305225E+00  1.58673179E+00
->       8      12       2       5                                 <-   
NG                                                                              
  3.37710924E-04  5.91511605E-04  2.99821491E-03  3.52180330E-03  1.08921127E-02
->       8      12       2       5                                 <-   
N2N                                                                             
  1.00247180E-05  0.00000000E+00  0.00000000E+00  0.00000000E+00  0.00000000E+00
->       8      12       2       5                                 <-   
N3N                                                                             
  1.21754198E-08  0.00000000E+00  0.00000000E+00  0.00000000E+00  0.00000000E+00
->       8      12       2       5                                 <-   
NA                                                                              
  1.47808726E-06  4.70014186E-07  4.70941558E-07  4.78128811E-07  5.12133056E-07
->       8      12       2       5                                 <-   
NP                                                                              
  1.48350136E-05  3.30079974E-12  0.00000000E+00  0.00000000E+00  0.00000000E+00
->       8      12       2       5                                 <-   
N2A                                                                             
  1.49753228E-16  0.00000000E+00  0.00000000E+00  0.00000000E+00  0.00000000E+00
->       8      12       2       5                                 <-   
NNP                                                                             
  2.93190840E-08  0.00000000E+00  0.00000000E+00  0.00000000E+00  0.00000000E+00
->       8      12       2       5                                 <-   
ND                                                                              
  3.41584139E-09  0.00000000E+00  0.00000000E+00  0.00000000E+00  0.00000000E+00
->       8      12       2       5                                 <-   
NT                                                                              
  5.23657194E-11  0.00000000E+00  0.00000000E+00  0.00000000E+00  0.00000000E+00
->       8      12       2       5                                 <-   
H-FACTOR                                                                        
  3.44727322E-16  7.16439949E-16  3.89350341E-15  4.85595222E-15  1.42275006E-14
->       8      12       2       5                                 <-   
OVERV                                                                           
  8.18652368E-10  2.73881118E-09  1.43312668E-08  6.65014781E-08  2.85472396E-07
->       8      12       2       5                                 <-   
STRD                                                                            
  6.95936561E-01  1.31128609E+00  1.80379558E+00  1.72462034E+00  1.60911071E+00
->       8      12       2       5                                 <-   
SIGS00                                                                          
  6.36274219E-01  1.10996735E+00  1.52064860E+00  1.60953021E+00  1.57583880E+00
->       8      12       1       5                                 <-   
NJJS00                                                                          
         1         2         3         4         5
->       8      12       1       5                                 <-   
IJJS00                                                                          
         1         2         3         4         5
->       8      12       2      15                                 <-   
SCAT00                                                                          
  6.17952526E-01  1.10500717E+00  1.82545930E-02  1.51586521E+00  4.95981472E-03
  6.71134621E-05  1.60518837E+00  4.78348741E-03  3.55509712E-07  3.33971073E-08
  1.57583880E+00  4.34188545E-03  5.09553555E-09  8.83040169E-12  2.90401314E-10
->       8      12       2       5                                 <-   
SIGS01                                                                          
  1.26109093E-01  5.90948202E-02  1.31183378E-02  1.11033386E-02  1.07508246E-02
->       8      12       1       5                                 <-   
NJJS01                                                                          
         1         2         3         4         5
->       8      12       1       5                                 <-   
IJJS01                                                                          
         1         2         3         4         5
->       8      12       2      15                                 <-   
SCAT01                                                                          
  1.29668489E-01  6.05678037E-02 -3.56419827E-03  1.46750659E-02 -1.47288840E-03
  4.77874528E-06  1.25220334E-02 -1.55672838E-03 -9.32659034E-08 -5.46839019E-09
  1.07508246E-02 -1.41869462E-03 -8.24972479E-10 -2.02903601E-12 -2.27185458E-12
->       8      12       1       2                                 <-   
SCAT-SAVED                                                                      
         1         1
->       8      12       2       8                                 <-   
LAMBDA-D                                                                        
  1.24666998E-02  2.82917004E-02  4.25244011E-02  1.33041993E-01  2.92467207E-01
  6.66487694E-01  1.63478100E+00  3.55460000E+00
->      -8       0       0       0                                 <-   
->       6      12       3       3                                 <-   
SIGNATURE                                                                       
         4         4         4
L_LIBRARY   
->       6      12       1      40                                 <-   
STATE-VECTOR                                                                    
         1         1         5         2         0         0         1         0
         0         0         0         0        12         1         0         0
         0         1         8         0         0         1         0         0
         0         0         0         0         0         0         0         0
         0         0         0         0         0         0         0         0
->       6      12       1       1                                 <-   
ISOTOPESMIX                                                                     
         1
->       6      12       3       3                                 <-   
ISOTOPESUSED                                                                    
         4         4         4
*MAC*RES    
->       6      12       3       3                                 <-   
ISOTOPERNAME                                                                    
         4         4         4
*MAC*RES    
->       6      12       2       1                                 <-   
ISOTOPESDENS                                                                    
  1.00000000E+00
->       6      12       1       1                                 <-   
ISOTOPESTYPE                                                                    
         1
->       6      12       1       1                                 <-   
ISOTOPESTODO                                                                    
         1
->       6      12       2       1                                 <-   
ISOTOPESVOL                                                                     
  2.34294758E+01
->       6      12       2       1                                 <-   
ISOTOPESTEMP                                                                    
  7.13160034E+02
->       6      12       2       1                                 <-   
MIXTURESVOL                                                                     
  2.34294758E+01
->       6      12       2       1                                 <-   
K-EFFECTIVE                                                                     
  1.00000000E+00
->       6      12       2       1                                 <-   
K-INFINITY                                                                      
  1.15096354E+00
->       6      12       2       1                                 <-   
B2  B1HOM                                                                       
  3.09374719E-03
->       6      12       3      24                                 <-   
ADDXSNAME-P0                                                                    
         4         4         4         4         4         4         4         4
         4         4         4         4         4         4         4         4
         4         4         4         4         4         4         4         4
NFTOT   NG      N2N     N3N     N4N     NA      NP      N2A     NNP     ND      
NT      TRANC   
->       6      12       2       6                                 <-   
ENERGY                                                                          
  1.96403300E+07  4.97870688E+05  1.50343896E+04  4.53999298E+02  2.26032906E+01
  1.10002802E-04
->       6      12       2       5                                 <-   
DELTAU                                                                          
  3.67499995E+00  3.50000000E+00  3.50000000E+00  3.00000024E+00  1.22330999E+01
->      -6       0       0       0                                 <-   
->       5       0       0      -1                                 <-   00000014
->       6      12      10       1                                 <-   
ISOTOPESLIST                                                                    
->       7       0       0      -1                                 <-   00000001
->       8      12       3       3                                 <-   
ALIAS                                                                           
         4         4         4
*MAC*RES0001
->       8      12       2       1                                 <-   
AWR                                                                             
  3.66883159E+00
->       8      12       2       5                                 <-   
NWT0                                                                            
  2.93633997E-01  9.40494001E-01  2.03128919E-01  1.72526520E-02  7.64779863E-04
->       8      12       2       5                                 <-   
NTOT0                                                                           
  1.97708383E-01  2.68178195E-01  5.81579864E-01  6.77148461E-01  6.39884174E-01
->       8      12       2       5                                 <-   
NG                                                                              
  1.88382430E-04  5.29785466E-04  2.50161788E-03  3.32591427E-03  8.80493689E-03
->       8      12       2       5                                 <-   
N2N                                                                             
  2.61410128E-06  0.00000000E+00  0.00000000E+00  0.00000000E+00  0.00000000E+00
->       8      12       2       5                                 <-   
N3N                                                                             
  1.16106214E-09  0.00000000E+00  0.00000000E+00  0.00000000E+00  0.00000000E+00
->       8      12       2       5                                 <-   
NA                                                                              
  5.97672533E-06  4.70004494E-07  4.70862830E-07  4.70348454E-07  4.70231981E-07
->       8      12       2       5                                 <-   
NP                                                                              
  6.81296879E-05  3.28034366E-12  0.00000000E+00  0.00000000E+00  0.00000000E+00
->       8      12       2       5                                 <-   
N2A                                                                             
  1.41485567E-15  0.00000000E+00  0.00000000E+00  0.00000000E+00  0.00000000E+00
->       8      12       2       5                                 <-   
NNP                                                                             
  2.67879471E-07  0.00000000E+00  0.00000000E+00  0.00000000E+00  0.00000000E+00
->       8      12       2       5                                 <-   
ND                                                                              
  2.93841715E-08  0.00000000E+00  0.00000000E+00  0.00000000E+00  0.00000000E+00
->       8      12       2       5                                 <-   
NT                                                                              
  1.69077377E-10  0.00000000E+00  0.00000000E+00  0.00000000E+00  0.00000000E+00
->       8      12       2       5                                 <-   
H-FACTOR                                                                        
  2.38547454E-16  6.74758304E-16  3.28528611E-15  4.63907494E-15  1.15026337E-14
->       8      12       2       5                                 <-   
OVERV                                                                           
  7.69181330E-10  2.56259236E-09  1.30221327E-08  5.82966315E-08  2.31124147E-07
->       8      12       2       5                                 <-   
STRD                                                                            
  1.40077800E-01  2.33652130E-01  4.36918586E-01  5.83764493E-01  6.36327803E-01
->       8      12       2       5                                 <-   
SIGS00                                                                          
  1.97448134E-01  2.67647803E-01  5.79077721E-01  6.73822284E-01  6.31078720E-01
->       8      12       1       5                                 <-   
NJJS00                                                                          
         1         2         3         4         5
->       8      12       1       5                                 <-   
IJJS00                                                                          
         1         2         3         4         5
->       8      12       2      15                                 <-   
SCAT00                                                                          
  1.84498414E-01  2.66070485E-01  1.28732203E-02  5.77273488E-01  1.57714076E-03
  7.64702127E-05  6.72505975E-01  1.80410489E-03  1.98128973E-07  3.98066256E-08
  6.31078720E-01  1.31615088E-03  6.25848040E-09  1.01622391E-11  4.92458518E-10
->       8      12       2       5                                 <-   
SIGS01                                                                          
  4.59709279E-02  1.81570742E-02  8.43267422E-03  8.14175326E-03  7.62656517E-03
->       8      12       1       5                                 <-   
NJJS01                                                                          
         1         2         3         4         5
->       8      12       1       5                                 <-   
IJJS01                                                                          
         1         2         3         4         5
->       8      12       2      15                                 <-   
SCAT01                                                                          
  4.79857326E-02  1.85468085E-02 -2.02019559E-03  9.01516993E-03 -3.89681198E-04
  5.39248276E-06  8.56953394E-03 -5.82493492E-04 -5.18284580E-08 -6.10492812E-09
  7.62656517E-03 -4.27779683E-04 -1.01325437E-09 -2.35322829E-12 -5.48783111E-12
->       8      12       1       2                                 <-   
SCAT-SAVED                                                                      
         1         1
->       8      12       2       8                                 <-   
LAMBDA-D                                                                        
  1.24666998E-02  2.82917004E-02  4.25244011E-02  1.33041993E-01  2.92467207E-01
  6.66487694E-01  1.63478100E+00  3.55460000E+00
->      -8       0       0       0                                 <-   
->       6      12       3       3                                 <-   
SIGNATURE                                                                       
         4         4         4
L_LIBRARY   
->       6      12       1      40                                 <-   
STATE-VECTOR                                                                    
         1         1         5         2         0         0         1         0
         0         0         0         0        12         1         0         0
         0         1         8         0         0         1         0         0
         0         0         0         0         0         0         0         0
         0         0         0         0         0         0         0         0
->       6      12       1       1                                 <-   
ISOTOPESMIX                                                                     
         1
->       6      12       3       3                                 <-   
ISOTOPESUSED                                                                    
         4         4         4
*MAC*RES    
->       6      12       3       3                                 <-   
ISOTOPERNAME                                                                    
         4         4         4
*MAC*RES    
->       6      12       2       1                                 <-   
ISOTOPESDENS                                                                    
  1.00000000E+00
->       6      12       1       1                                 <-   
ISOTOPESTYPE                                                                    
         1
->       6      12       1       1                                 <-   
ISOTOPESTODO                                                                    
         1
->       6      12       2       1                                 <-   
ISOTOPESVOL                                                                     
  2.34294758E+01
->       6      12       2       1                                 <-   
ISOTOPESTEMP                                                                    
  7.13160034E+02
->       6      12       2       1                                 <-   
MIXTURESVOL                                                                     
  2.34294758E+01
->       6      12       2       1                                 <-   
K-EFFECTIVE                                                                     
  1.00000000E+00
->       6      12       2       1                                 <-   
K-INFINITY                                                                      
  1.39086425E+00
->       6      12       2       1                                 <-   
B2  B1HOM                                                                       
  1.09678565E-03
->       6      12       3      24                                 <-   
ADDXSNAME-P0                                                                    
         4         4         4         4         4         4         4         4
         4         4         4         4         4         4         4         4
         4         4         4         4         4         4         4         4
NFTOT   NG      N2N     N3N     N4N     NA      NP      N2A     NNP     ND      
NT      TRANC   
->       6      12       2       6                                 <-   
ENERGY                                                                          
  1.96403300E+07  4.97870688E+05  1.50343896E+04  4.53999298E+02  2.26032906E+01
  1.10002802E-04
->       6      12       2       5                                 <-   
DELTAU                                                                          
  3.67499995E+00  3.50000000E+00  3.50000000E+00  3.00000024E+00  1.22330999E+01
->      -6       0       0       0                                 <-   
->       5       0       0      -1                                 <-   00000015
->       6      12      10       1                                 <-   
ISOTOPESLIST                                                                    
->       7       0       0      -1                                 <-   00000001
->       8      12       3       3                                 <-   
ALIAS                                                                           
         4         4         4
*MAC*RES0001
->       8      12       2       1                                 <-   
AWR                                                                             
  1.91772270E+01
->       8      12       2       5                                 <-   
NWT0                                                                            
  1.90182373E-01  6.13394916E-01  1.69937253E-01  2.78104399E-03  3.90090321E-07
->       8      12       2       5                                 <-   
NTOT0                                                                           
  5.68015158E-01  1.02553582E+00  1.25591803E+00  1.41170359E+00  1.78098953E+00
->       8      12       2       5                                 <-   
NG                                                                              
  2.04550292E-04  2.42071968E-04  6.12240226E-04  1.12526701E-03  2.06605019E-03
->       8      12       2       5                                 <-   
N2N                                                                             
  9.61498154E-06  0.00000000E+00  0.00000000E+00  0.00000000E+00  0.00000000E+00
->       8      12       2       5                                 <-   
N3N                                                                             
  1.16293979E-08  0.00000000E+00  0.00000000E+00  0.00000000E+00  0.00000000E+00
->       8      12       2       5                                 <-   
NA                                                                              
  1.50929310E-03  7.52548547E-03  3.18495631E-02  1.29062817E-01  5.12123406E-01
->       8      12       2       5                                 <-   
NP                                                                              
  1.34531410E-05  4.11761150E-08  7.56550289E-09  1.95441849E-08  7.64210668E-08
->       8      12       2       5                                 <-   
N2A                                                                             
  4.64301507E-17  0.00000000E+00  0.00000000E+00  0.00000000E+00  0.00000000E+00
->       8      12       2       5                                 <-   
NNP                                                                             
  8.93141561E-09  0.00000000E+00  0.00000000E+00  0.00000000E+00  0.00000000E+00
->       8      12       2       5                                 <-   
ND                                                                              
  7.11183645E-08  0.00000000E+00  0.00000000E+00  0.00000000E+00  0.00000000E+00
->       8      12       2       5                                 <-   
NT                                                                              
  1.02189790E-09  0.00000000E+00  0.00000000E+00  0.00000000E+00  0.00000000E+00
->       8      12       2       5                                 <-   
H-FACTOR                                                                        
  1.75677995E-16  2.69384297E-16  8.13823432E-16  1.55968475E-15  2.68167751E-15
->       8      12       2       5                                 <-   
OVERV                                                                           
  8.04898703E-10  2.59807265E-09  1.10864802E-08  4.42438441E-08  1.74736186E-07
->       8      12       2       5                                 <-   
STRD                                                                            
  6.92041159E-01  1.31273735E+00  1.83177209E+00  2.02997017E+00  2.29433322E+00
->       8      12       2       5                                 <-   
SIGS00                                                                          
  5.66274464E-01  1.01776814E+00  1.22345650E+00  1.28151560E+00  1.26679933E+00
->       8      12       1       5                                 <-   
NJJS00                                                                          
         1         2         3         4         5
->       8      12       1       5                                 <-   
IJJS00                                                                          
         1         2         3         4         5
->       8      12       2      15                                 <-   
SCAT00                                                                          
  5.48322141E-01  1.01205623E+00  1.79266520E-02  1.22241950E+00  5.71153825E-03
  2.56500989E-05  1.28149283E+00  1.03668205E-03  9.57520854E-08  1.15198882E-08
  1.26679933E+00  2.26721750E-05  2.41685627E-09  3.07947808E-12  8.08998007E-11
->       8      12       2       5                                 <-   
SIGS01                                                                          
  1.09078772E-01  5.53902611E-02  1.28199104E-02  1.05361063E-02  1.03225578E-02
->       8      12       1       5                                 <-   
NJJS01                                                                          
         1         2         3         4         5
->       8      12       1       5                                 <-   
IJJS01                                                                          
         1         2         3         4         5
->       8      12       2      15                                 <-   
SCAT01                                                                          
  1.12011723E-01  5.72000183E-02 -2.93478440E-03  1.31579004E-02 -1.80972531E-03
  1.81298788E-06  1.05437776E-02 -3.37986508E-04 -2.51060648E-08 -1.54036695E-09
  1.03225578E-02 -7.67237088E-06 -3.91291527E-10 -6.87763377E-13  1.90910100E-13
->       8      12       1       2                                 <-   
SCAT-SAVED                                                                      
         1         1
->       8      12       2       8                                 <-   
LAMBDA-D                                                                        
  1.24666998E-02  2.82917004E-02  4.25244011E-02  1.33041993E-01  2.92467207E-01
  6.66487694E-01  1.63478100E+00  3.55460000E+00
->      -8       0       0       0                                 <-   
->       6      12       3       3                                 <-   
SIGNATURE                                                                       
         4         4         4
L_LIBRARY   
->       6      12       1      40                                 <-   
STATE-VECTOR                                                                    
         1         1         5         2         0         0         1         0
         0         0         0         0        12         1         0         0
         0         1         8         0         0         1         0         0
         0         0         0         0         0         0         0         0
         0         0         0         0         0         0         0         0
->       6      12       1       1                                 <-   
ISOTOPESMIX                                                                     
         1
->       6      12       3       3                                 <-   
ISOTOPESUSED                                                                    
         4         4         4
*MAC*RES    
->       6      12       3       3                                 <-   
ISOTOPERNAME                                                                    
         4         4         4
*MAC*RES    
->       6      12       2       1                                 <-   
ISOTOPESDENS                                                                    
  1.00000000E+00
->       6      12       1       1                                 <-   
ISOTOPESTYPE                                                                    
         1
->       6      12       1       1                                 <-   
ISOTOPESTODO                                                                    
         1
->       6      12       2       1                                 <-   
ISOTOPESVOL                                                                     
  2.34294758E+01
->       6      12       2       1                                 <-   
ISOTOPESTEMP                                                                    
  7.13160034E+02
->       6      12       2       1                                 <-   
MIXTURESVOL                                                                     
  2.34294758E+01
->       6      12       2       1                                 <-   
K-EFFECTIVE                                                                     
  1.00000012E+00
->       6      12       2       1                                 <-   
K-INFINITY                                                                      
  9.44683611E-01
->       6      12       2       1                                 <-   
B2  B1HOM                                                                       
 -1.35820243E-03
->       6      12       3      24                                 <-   
ADDXSNAME-P0                                                                    
         4         4         4         4         4         4         4         4
         4         4         4         4         4         4         4         4
         4         4         4         4         4         4         4         4
NFTOT   NG      N2N     N3N     N4N     NA      NP      N2A     NNP     ND      
NT      TRANC   
->       6      12       2       6                                 <-   
ENERGY                                                                          
  1.96403300E+07  4.97870688E+05  1.50343896E+04  4.53999298E+02  2.26032906E+01
  1.10002802E-04
->       6      12       2       5                                 <-   
DELTAU                                                                          
  3.67499995E+00  3.50000000E+00  3.50000000E+00  3.00000024E+00  1.22330999E+01
->      -6       0       0       0                                 <-   
->       5       0       0      -1                                 <-   00000016
->       6      12      10       1                                 <-   
ISOTOPESLIST                                                                    
->       7       0       0      -1                                 <-   00000001
->       8      12       3       3                                 <-   
ALIAS                                                                           
         4         4         4
*MAC*RES0001
->       8      12       2       1                                 <-   
AWR                                                                             
  1.44805539E+00
->       8      12       2       5                                 <-   
NWT0                                                                            
  3.41522932E-01  8.86040688E-01  1.28100842E-01  4.14685317E-04  1.07458709E-08
->       8      12       2       5                                 <-   
NTOT0                                                                           
  1.07958741E-01  1.76499099E-01  2.80188322E-01  4.26347077E-01  1.46490490E+00
->       8      12       2       5                                 <-   
NG                                                                              
  6.26060137E-05  1.76108966E-04  4.48112929E-04  1.11276098E-03  4.72215749E-03
->       8      12       2       5                                 <-   
N2N                                                                             
  2.09622408E-06  0.00000000E+00  0.00000000E+00  0.00000000E+00  0.00000000E+00
->       8      12       2       5                                 <-   
N3N                                                                             
  1.65308978E-09  0.00000000E+00  0.00000000E+00  0.00000000E+00  0.00000000E+00
->       8      12       2       5                                 <-   
NA                                                                              
  1.38729531E-03  7.21946731E-03  2.81368364E-02  1.19879372E-01  1.17040920E+00
->       8      12       2       5                                 <-   
NP                                                                              
  4.78417351E-05  4.19291233E-08  7.22096694E-09  1.81732922E-08  1.73380101E-07
->       8      12       2       5                                 <-   
N2A                                                                             
  6.46594035E-16  0.00000000E+00  0.00000000E+00  0.00000000E+00  0.00000000E+00
->       8      12       2       5                                 <-   
NNP                                                                             
  1.21101451E-07  0.00000000E+00  0.00000000E+00  0.00000000E+00  0.00000000E+00
->       8      12       2       5                                 <-   
ND                                                                              
  1.05231709E-06  0.00000000E+00  0.00000000E+00  0.00000000E+00  0.00000000E+00
->       8      12       2       5                                 <-   
NT                                                                              
  1.33514320E-08  0.00000000E+00  0.00000000E+00  0.00000000E+00  0.00000000E+00
->       8      12       2       5                                 <-   
H-FACTOR                                                                        
  7.84446808E-17  2.23795713E-16  6.13126281E-16  1.54950236E-15  6.13590879E-15
->       8      12       2       5                                 <-   
OVERV                                                                           
  7.41838424E-10  2.48623211E-09  9.81577042E-09  4.11151397E-08  3.98713070E-07
->       8      12       2       5                                 <-   
STRD                                                                            
  1.25832990E-01  2.25419268E-01  3.71091545E-01  4.83295977E-01  5.43846548E-01
->       8      12       2       5                                 <-   
SIGS00                                                                          
  1.06403574E-01  1.69103339E-01  2.51603276E-01  3.05354685E-01  2.89771348E-01
->       8      12       1       5                                 <-   
NJJS00                                                                          
         1         2         3         4         5
->       8      12       1       5                                 <-   
IJJS00                                                                          
         1         2         3         4         5
->       8      12       2      15                                 <-   
SCAT00                                                                          
  9.47274119E-02  1.66310221E-01  1.16490284E-02  2.51377940E-01  2.79304734E-03
  2.71478220E-05  3.05353016E-01  2.25345037E-04  6.67328308E-08  1.23995214E-08
  2.89771348E-01  1.66313271E-06  3.34465278E-09  3.34271629E-12  1.33199216E-10
->       8      12       2       5                                 <-   
SIGS01                                                                          
  2.21135225E-02  1.12509150E-02  7.20938388E-03  7.35571887E-03  7.19333114E-03
->       8      12       1       5                                 <-   
NJJS01                                                                          
         1         2         3         4         5
->       8      12       1       5                                 <-   
IJJS01                                                                          
         1         2         3         4         5
->       8      12       2      15                                 <-   
SCAT01                                                                          
  2.40792539E-02  1.21387811E-02 -1.96765922E-03  7.28498399E-03 -8.87850299E-04
  1.93075266E-06  7.35629024E-03 -7.55987203E-05 -1.74644228E-08 -1.77447668E-09
  7.19333114E-03 -5.72411921E-07 -5.41502732E-10 -7.51720734E-13 -1.36189410E-12
->       8      12       1       2                                 <-   
SCAT-SAVED                                                                      
         1         1
->       8      12       2       8                                 <-   
LAMBDA-D                                                                        
  1.24666998E-02  2.82917004E-02  4.25244011E-02  1.33041993E-01  2.92467207E-01
  6.66487694E-01  1.63478100E+00  3.55460000E+00
->      -8       0       0       0                                 <-   
->       6      12       3       3                                 <-   
SIGNATURE                                                                       
         4         4         4
L_LIBRARY   
->       6      12       1      40                                 <-   
STATE-VECTOR                                                                    
         1         1         5         2         0         0         1         0
         0         0         0         0        12         1         0         0
         0         1         8         0         0         1         0         0
         0         0         0         0         0         0         0         0
         0         0         0         0         0         0         0         0
->       6      12       1       1                                 <-   
ISOTOPESMIX                                                                     
         1
->       6      12       3       3                                 <-   
ISOTOPESUSED                                                                    
         4         4         4
*MAC*RES    
->       6      12       3       3                                 <-   
ISOTOPERNAME                                                                    
         4         4         4
*MAC*RES    
->       6      12       2       1                                 <-   
ISOTOPESDENS                                                                    
  1.00000000E+00
->       6      12       1       1                                 <-   
ISOTOPESTYPE                                                                    
         1
->       6      12       1       1                                 <-   
ISOTOPESTODO                                                                    
         1
->       6      12       2       1                                 <-   
ISOTOPESVOL                                                                     
  2.34294758E+01
->       6      12       2       1                                 <-   
ISOTOPESTEMP                                                                    
  7.13160034E+02
->       6      12       2       1                                 <-   
MIXTURESVOL                                                                     
  2.34294758E+01
->       6      12       2       1                                 <-   
K-EFFECTIVE                                                                     
  1.00000012E+00
->       6      12       2       1                                 <-   
K-INFINITY                                                                      
  1.09504890E+00
->       6      12       2       1                                 <-   
B2  B1HOM                                                                       
  3.03776207E-04
->       6      12       3      24                                 <-   
ADDXSNAME-P0                                                                    
         4         4         4         4         4         4         4         4
         4         4         4         4         4         4         4         4
         4         4         4         4         4         4         4         4
NFTOT   NG      N2N     N3N     N4N     NA      NP      N2A     NNP     ND      
NT      TRANC   
->       6      12       2       6                                 <-   
ENERGY                                                                          
  1.96403300E+07  4.97870688E+05  1.50343896E+04  4.53999298E+02  2.26032906E+01
  1.10002802E-04
->       6      12       2       5                                 <-   
DELTAU                                                                          
  3.67499995E+00  3.50000000E+00  3.50000000E+00  3.00000024E+00  1.22330999E+01
->      -6       0       0       0                                 <-   
->       5       0       0      -1                                 <-   00000017
->       6      12      10       1                                 <-   
ISOTOPESLIST                                                                    
->       7       0       0      -1                                 <-   00000001
->       8      12       3       3                                 <-   
ALIAS                                                                           
         4         4         4
*MAC*RES0001
->       8      12       2       1                                 <-   
AWR                                                                             
  2.91591625E+01
->       8      12       2       5                                 <-   
NWT0                                                                            
  1.24170564E-01  3.99284363E-01  8.84546116E-02  7.93542422E-04  8.83408688E-08
->       8      12       2       5                                 <-   
NTOT0                                                                           
  9.08238769E-01  1.64627218E+00  1.98000002E+00  2.34437728E+00  3.55583119E+00
->       8      12       2       5                                 <-   
NG                                                                              
  2.67070020E-04  2.47096003E-04  4.30005428E-04  9.59696772E-04  1.83737942E-03
->       8      12       2       5                                 <-   
N2N                                                                             
  1.43029683E-05  0.00000000E+00  0.00000000E+00  0.00000000E+00  0.00000000E+00
->       8      12       2       5                                 <-   
N3N                                                                             
  1.72866894E-08  0.00000000E+00  0.00000000E+00  0.00000000E+00  0.00000000E+00
->       8      12       2       5                                 <-   
NA                                                                              
  4.68252925E-03  2.34899689E-02  9.26621333E-02  4.01250273E-01  1.62435436E+00
->       8      12       2       5                                 <-   
NP                                                                              
  2.94113652E-05  1.28740652E-07  2.31417037E-08  6.07743047E-08  2.42373744E-07
->       8      12       2       5                                 <-   
N2A                                                                             
  3.59377418E-17  0.00000000E+00  0.00000000E+00  0.00000000E+00  0.00000000E+00
->       8      12       2       5                                 <-   
NNP                                                                             
  7.23582794E-09  0.00000000E+00  0.00000000E+00  0.00000000E+00  0.00000000E+00
->       8      12       2       5                                 <-   
ND                                                                              
  2.15173202E-07  0.00000000E+00  0.00000000E+00  0.00000000E+00  0.00000000E+00
->       8      12       2       5                                 <-   
NT                                                                              
  3.03805603E-09  0.00000000E+00  0.00000000E+00  0.00000000E+00  0.00000000E+00
->       8      12       2       5                                 <-   
H-FACTOR                                                                        
  2.09610161E-16  2.56709984E-16  5.85016699E-16  1.35114979E-15  2.47016597E-15
->       8      12       2       5                                 <-   
OVERV                                                                           
  8.01652189E-10  2.56954058E-09  1.02428741E-08  4.36235403E-08  1.75750301E-07
->       8      12       2       5                                 <-   
STRD                                                                            
  7.33145952E-01  1.41487861E+00  1.94923997E+00  2.10369086E+00  2.34219432E+00
->       8      12       2       5                                 <-   
SIGS00                                                                          
  9.03202713E-01  1.62253451E+00  1.88690841E+00  1.94216728E+00  1.92963684E+00
->       8      12       1       5                                 <-   
NJJS00                                                                          
         1         2         3         4         5
->       8      12       1       5                                 <-   
IJJS00                                                                          
         1         2         3         4         5
->       8      12       2      15                                 <-   
SCAT00                                                                          
  8.63222837E-01  1.61046195E+00  3.99565510E-02  1.88556242E+00  1.20725529E-02
  2.35612861E-05  1.94212699E+00  1.34575029E-03  7.13406294E-08  1.12692593E-08
  1.92963684E+00  4.01920006E-05  2.23335728E-09  2.48889104E-12  7.40723594E-11
->       8      12       2       5                                 <-   
SIGS01                                                                          
  1.70369536E-01  8.94493088E-02  2.58721448E-02  2.18294431E-02  2.16245539E-02
->       8      12       1       5                                 <-   
NJJS01                                                                          
         1         2         3         4         5
->       8      12       1       5                                 <-   
IJJS01                                                                          
         1         2         3         4         5
->       8      12       2      15                                 <-   
SCAT01                                                                          
  1.76634327E-01  9.32670981E-02 -6.26643980E-03  2.63149571E-02 -3.81777319E-03
  1.62299432E-06  2.18431801E-02 -4.42812889E-04 -1.87013374E-08 -1.27728395E-09
  2.16245539E-02 -1.37389970E-05 -3.61582875E-10 -5.54599227E-13  1.05357910E-12
->       8      12       1       2                                 <-   
SCAT-SAVED                                                                      
         1         1
->       8      12       2       8                                 <-   
LAMBDA-D                                                                        
  1.24666998E-02  2.82917004E-02  4.25244011E-02  1.33041993E-01  2.92467207E-01
  6.66487694E-01  1.63478100E+00  3.55460000E+00
->      -8       0       0       0                                 <-   
->       6      12       3       3                                 <-   
SIGNATURE                                                                       
         4         4         4
L_LIBRARY   
->       6      12       1      40                                 <-   
STATE-VECTOR                                                                    
         1         1         5         2         0         0         1         0
         0         0         0         0        12         1         0         0
         0         1         8         0         0         1         0         0
         0         0         0         0         0         0         0         0
         0         0         0         0         0         0         0         0
->       6      12       1       1                                 <-   
ISOTOPESMIX                                                                     
         1
->       6      12       3       3                                 <-   
ISOTOPESUSED                                                                    
         4         4         4
*MAC*RES    
->       6      12       3       3                                 <-   
ISOTOPERNAME                                                                    
         4         4         4
*MAC*RES    
->       6      12       2       1                                 <-   
ISOTOPESDENS                                                                    
  1.00000000E+00
->       6      12       1       1                                 <-   
ISOTOPESTYPE                                                                    
         1
->       6      12       1       1                                 <-   
ISOTOPESTODO                                                                    
         1
->       6      12       2       1                                 <-   
ISOTOPESVOL                                                                     
  2.34294758E+01
->       6      12       2       1                                 <-   
ISOTOPESTEMP                                                                    
  7.13160034E+02
->       6      12       2       1                                 <-   
MIXTURESVOL                                                                     
  2.34294758E+01
->       6      12       2       1                                 <-   
K-EFFECTIVE                                                                     
  9.99999821E-01
->       6      12       2       1                                 <-   
K-INFINITY                                                                      
  8.15935254E-01
->       6      12       2       1                                 <-   
B2  B1HOM                                                                       
 -5.84008545E-03
->       6      12       3      24                                 <-   
ADDXSNAME-P0                                                                    
         4         4         4         4         4         4         4         4
         4         4         4         4         4         4         4         4
         4         4         4         4         4         4         4         4
NFTOT   NG      N2N     N3N     N4N     NA      NP      N2A     NNP     ND      
NT      TRANC   
->       6      12       2       6                                 <-   
ENERGY                                                                          
  1.96403300E+07  4.97870688E+05  1.50343896E+04  4.53999298E+02  2.26032906E+01
  1.10002802E-04
->       6      12       2       5                                 <-   
DELTAU                                                                          
  3.67499995E+00  3.50000000E+00  3.50000000E+00  3.00000024E+00  1.22330999E+01
->      -6       0       0       0                                 <-   
->       5       0       0      -1                                 <-   00000018
->       6      12      10       1                                 <-   
ISOTOPESLIST                                                                    
->       7       0       0      -1                                 <-   00000001
->       8      12       3       3                                 <-   
ALIAS                                                                           
         4         4         4
*MAC*RES0001
->       8      12       2       1                                 <-   
AWR                                                                             
  1.74031925E+00
->       8      12       2       5                                 <-   
NWT0                                                                            
  2.82382250E-01  6.85612082E-01  8.48602727E-02  1.09675784E-04  3.06986769E-09
->       8      12       2       5                                 <-   
NTOT0                                                                           
  1.90877184E-01  3.39704007E-01  4.71299380E-01  8.05281878E-01  4.42451525E+00
->       8      12       2       5                                 <-   
NG                                                                              
  5.13791128E-05  1.47739353E-04  3.17021244E-04  9.60644509E-04  4.52424213E-03
->       8      12       2       5                                 <-   
N2N                                                                             
  2.69435805E-06  0.00000000E+00  0.00000000E+00  0.00000000E+00  0.00000000E+00
->       8      12       2       5                                 <-   
N3N                                                                             
  2.51139420E-09  0.00000000E+00  0.00000000E+00  0.00000000E+00  0.00000000E+00
->       8      12       2       5                                 <-   
NA                                                                              
  4.31384752E-03  2.26437431E-02  8.17434639E-02  3.71981740E-01  4.00137758E+00
->       8      12       2       5                                 <-   
NP                                                                              
  7.74225919E-05  1.31811916E-07  2.21215668E-08  5.64045948E-08  5.92487311E-07
->       8      12       2       5                                 <-   
N2A                                                                             
  5.16547532E-16  0.00000000E+00  0.00000000E+00  0.00000000E+00  0.00000000E+00
->       8      12       2       5                                 <-   
NNP                                                                             
  1.01160779E-07  0.00000000E+00  0.00000000E+00  0.00000000E+00  0.00000000E+00
->       8      12       2       5                                 <-   
ND                                                                              
  3.31050273E-06  0.00000000E+00  0.00000000E+00  0.00000000E+00  0.00000000E+00
->       8      12       2       5                                 <-   
NT                                                                              
  4.16162607E-08  0.00000000E+00  0.00000000E+00  0.00000000E+00  0.00000000E+00
->       8      12       2       5                                 <-   
H-FACTOR                                                                        
  6.40273859E-17  1.89102938E-16  4.46272914E-16  1.35761393E-15  6.09075431E-15
->       8      12       2       5                                 <-   
OVERV                                                                           
  7.37267747E-10  2.47157383E-09  9.05711861E-09  4.04616287E-08  4.32228774E-07
->       8      12       2       5                                 <-   
STRD                                                                            
  1.35585636E-01  2.55541682E-01  4.03333753E-01  5.03089607E-01  5.27523756E-01
->       8      12       2       5                                 <-   
SIGS00                                                                          
  1.86244994E-01  3.16911966E-01  3.89238596E-01  4.32338685E-01  4.18606222E-01
->       8      12       1       5                                 <-   
NJJS00                                                                          
         1         2         3         4         5
->       8      12       1       5                                 <-   
IJJS00                                                                          
         1         2         3         4         5
->       8      12       2      15                                 <-   
SCAT00                                                                          
  1.59744948E-01  3.09642881E-01  2.64758840E-02  3.88984591E-01  7.26903230E-03
  2.40982899E-05  4.32335198E-01  2.53949547E-04  5.33081987E-08  1.12017000E-08
  4.18606222E-01  3.47252831E-06  3.02917846E-09  2.63940801E-12  1.15870723E-10
->       8      12       2       5                                 <-   
SIGS01                                                                          
  3.37971970E-02  2.08440851E-02  1.68322995E-02  1.69049408E-02  1.67840142E-02
->       8      12       1       5                                 <-   
NJJS01                                                                          
         1         2         3         4         5
->       8      12       1       5                                 <-   
IJJS01                                                                          
         1         2         3         4         5
->       8      12       2      15                                 <-   
SCAT01                                                                          
  3.84162143E-02  2.31611580E-02 -4.62072110E-03  1.69201251E-02 -2.31705885E-03
  1.70734984E-06  1.69061366E-02 -8.78305145E-05 -1.39536978E-08 -1.54432245E-09
  1.67840142E-02 -1.19484412E-06 -4.90427143E-10 -5.90336916E-13 -1.07113439E-12
->       8      12       1       2                                 <-   
SCAT-SAVED                                                                      
         1         1
->       8      12       2       8                                 <-   
LAMBDA-D                                                                        
  1.24666998E-02  2.82917004E-02  4.25244011E-02  1.33041993E-01  2.92467207E-01
  6.66487694E-01  1.63478100E+00  3.55460000E+00
->      -8       0       0       0                                 <-   
->       6      12       3       3                                 <-   
SIGNATURE                                                                       
         4         4         4
L_LIBRARY   
->       6      12       1      40                                 <-   
STATE-VECTOR                                                                    
         1         1         5         2         0         0         1         0
         0         0         0         0        12         1         0         0
         0         1         8         0         0         1         0         0
         0         0         0         0         0         0         0         0
         0         0         0         0         0         0         0         0
->       6      12       1       1                                 <-   
ISOTOPESMIX                                                                     
         1
->       6      12       3       3                                 <-   
ISOTOPESUSED                                                                    
         4         4         4
*MAC*RES    
->       6      12       3       3                                 <-   
ISOTOPERNAME                                                                    
         4         4         4
*MAC*RES    
->       6      12       2       1                                 <-   
ISOTOPESDENS                                                                    
  1.00000000E+00
->       6      12       1       1                                 <-   
ISOTOPESTYPE                                                                    
         1
->       6      12       1       1                                 <-   
ISOTOPESTODO                                                                    
         1
->       6      12       2       1                                 <-   
ISOTOPESVOL                                                                     
  2.34294758E+01
->       6      12       2       1                                 <-   
ISOTOPESTEMP                                                                    
  7.13160034E+02
->       6      12       2       1                                 <-   
MIXTURESVOL                                                                     
  2.34294758E+01
->       6      12       2       1                                 <-   
K-EFFECTIVE                                                                     
  9.99999940E-01
->       6      12       2       1                                 <-   
K-INFINITY                                                                      
  8.29896986E-01
->       6      12       2       1                                 <-   
B2  B1HOM                                                                       
 -8.18900298E-04
->       6      12       3      24                                 <-   
ADDXSNAME-P0                                                                    
         4         4         4         4         4         4         4         4
         4         4         4         4         4         4         4         4
         4         4         4         4         4         4         4         4
NFTOT   NG      N2N     N3N     N4N     NA      NP      N2A     NNP     ND      
NT      TRANC   
->       6      12       2       6                                 <-   
ENERGY                                                                          
  1.96403300E+07  4.97870688E+05  1.50343896E+04  4.53999298E+02  2.26032906E+01
  1.10002802E-04
->       6      12       2       5                                 <-   
DELTAU                                                                          
  3.67499995E+00  3.50000000E+00  3.50000000E+00  3.00000024E+00  1.22330999E+01
->      -6       0       0       0                                 <-   
->       5       0       0      -1                                 <-   00000019
->       6      12      10       1                                 <-   
ISOTOPESLIST                                                                    
->       7       0       0      -1                                 <-   00000001
->       8      12       3       3                                 <-   
ALIAS                                                                           
         4         4         4
*MAC*RES0001
->       8      12       2       1                                 <-   
AWR                                                                             
  6.26139755E+01
->       8      12       2       5                                 <-   
NWT0                                                                            
  1.81534857E-01  5.22877455E-01  3.71630341E-01  1.26793459E-01  4.61561792E-02
->       8      12       2       5                                 <-   
NTOT0                                                                           
  1.60761464E+00  3.03022790E+00  3.47607923E+00  3.51679397E+00  3.51766038E+00
->       8      12       2       5                                 <-   
NG                                                                              
  4.88849415E-04  2.77207087E-04  4.39336261E-04  6.58012112E-04  2.48157769E-03
->       8      12       2       5                                 <-   
N2N                                                                             
  1.51423264E-05  0.00000000E+00  0.00000000E+00  0.00000000E+00  0.00000000E+00
->       8      12       2       5                                 <-   
N3N                                                                             
  1.85142994E-08  0.00000000E+00  0.00000000E+00  0.00000000E+00  0.00000000E+00
->       8      12       2       5                                 <-   
NA                                                                              
  2.80415264E-08  2.26745470E-10  1.13245324E-09  3.00170413E-08  2.69299619E-07
->       8      12       2       5                                 <-   
NP                                                                              
  1.63035827E-06  1.68691992E-12  0.00000000E+00  0.00000000E+00  0.00000000E+00
->       8      12       2       5                                 <-   
N2A                                                                             
  9.03914684E-18  0.00000000E+00  0.00000000E+00  0.00000000E+00  0.00000000E+00
->       8      12       2       5                                 <-   
NNP                                                                             
  1.73018544E-09  0.00000000E+00  0.00000000E+00  0.00000000E+00  0.00000000E+00
->       8      12       2       5                                 <-   
ND                                                                              
  4.49802695E-10  0.00000000E+00  0.00000000E+00  0.00000000E+00  0.00000000E+00
->       8      12       2       5                                 <-   
NT                                                                              
  5.36867426E-11  0.00000000E+00  0.00000000E+00  0.00000000E+00  0.00000000E+00
->       8      12       2       5                                 <-   
H-FACTOR                                                                        
  3.41290565E-16  2.30474356E-16  5.61683800E-16  8.92025961E-16  3.16811413E-15
->       8      12       2       5                                 <-   
OVERV                                                                           
  8.26445468E-10  2.76520273E-09  1.45929961E-08  6.85242512E-08  5.07373898E-07
->       8      12       2       5                                 <-   
STRD                                                                            
  8.09901118E-01  1.62732542E+00  2.36528015E+00  2.88485861E+00  3.19510484E+00
->       8      12       2       5                                 <-   
SIGS00                                                                          
  1.60713565E+00  3.02995086E+00  3.47564054E+00  3.51613617E+00  3.51517844E+00
->       8      12       1       5                                 <-   
NJJS00                                                                          
         1         2         3         4         5
->       8      12       1       5                                 <-   
IJJS00                                                                          
         1         2         3         4         5
->       8      12       2      15                                 <-   
SCAT00                                                                          
  1.59576809E+00  3.02056909E+00  1.13581372E-02  3.46889234E+00  9.38095618E-03
  9.09586925E-06  3.50976562E+00  6.74801087E-03  5.36816351E-08  6.30279517E-09
  3.51517844E+00  6.37045689E-03  5.32422550E-10  1.10291669E-12  3.32685650E-11
->       8      12       2       5                                 <-   
SIGS01                                                                          
  3.01052004E-01  1.46693528E-01  1.80508588E-02  1.22068301E-02  1.25121754E-02
->       8      12       1       5                                 <-   
NJJS01                                                                          
         1         2         3         4         5
->       8      12       1       5                                 <-   
IJJS01                                                                          
         1         2         3         4         5
->       8      12       2      15                                 <-   
SCAT01                                                                          
  3.03909659E-01  1.49756625E-01 -2.85808626E-03  2.02795658E-02 -3.06310994E-03
  4.89765341E-07  1.43129416E-02 -2.22870032E-03 -1.40908289E-08 -3.33292283E-10
  1.25121754E-02 -2.10610963E-03 -8.61997487E-11 -2.45633022E-13  2.05027033E-12
->       8      12       1       2                                 <-   
SCAT-SAVED                                                                      
         1         1
->       8      12       2       8                                 <-   
LAMBDA-D                                                                        
  1.24666998E-02  2.82917004E-02  4.25244011E-02  1.33041993E-01  2.92467207E-01
  6.66487694E-01  1.63478100E+00  3.55460000E+00
->      -8       0       0       0                                 <-   
->       6      12       3       3                                 <-   
SIGNATURE                                                                       
         4         4         4
L_LIBRARY   
->       6      12       1      40                                 <-   
STATE-VECTOR                                                                    
         1         1         5         2         0         0         1         0
         0         0         0         0        12         1         0         0
         0         1         8         0         0         1         0         0
         0         0         0         0         0         0         0         0
         0         0         0         0         0         0         0         0
->       6      12       1       1                                 <-   
ISOTOPESMIX                                                                     
         1
->       6      12       3       3                                 <-   
ISOTOPESUSED                                                                    
         4         4         4
*MAC*RES    
->       6      12       3       3                                 <-   
ISOTOPERNAME                                                                    
         4         4         4
*MAC*RES    
->       6      12       2       1                                 <-   
ISOTOPESDENS                                                                    
  1.00000000E+00
->       6      12       1       1                                 <-   
ISOTOPESTYPE                                                                    
         1
->       6      12       1       1                                 <-   
ISOTOPESTODO                                                                    
         1
->       6      12       2       1                                 <-   
ISOTOPESVOL                                                                     
  2.34294758E+01
->       6      12       2       1                                 <-   
ISOTOPESTEMP                                                                    
  7.13160034E+02
->       6      12       2       1                                 <-   
MIXTURESVOL                                                                     
  2.34294758E+01
->       6      12       2       1                                 <-   
K-EFFECTIVE                                                                     
  1.00000000E+00
->       6      12       2       1                                 <-   
K-INFINITY                                                                      
  1.19060791E+00
->       6      12       2       1                                 <-   
B2  B1HOM                                                                       
  4.70987661E-03
->       6      12       3      24                                 <-   
ADDXSNAME-P0                                                                    
         4         4         4         4         4         4         4         4
         4         4         4         4         4         4         4         4
         4         4         4         4         4         4         4         4
NFTOT   NG      N2N     N3N     N4N     NA      NP      N2A     NNP     ND      
NT      TRANC   
->       6      12       2       6                                 <-   
ENERGY                                                                          
  1.96403300E+07  4.97870688E+05  1.50343896E+04  4.53999298E+02  2.26032906E+01
  1.10002802E-04
->       6      12       2       5                                 <-   
DELTAU                                                                          
  3.67499995E+00  3.50000000E+00  3.50000000E+00  3.00000024E+00  1.22330999E+01
->      -6       0       0       0                                 <-   
->       5       0       0      -1                                 <-   00000020
->       6      12      10       1                                 <-   
ISOTOPESLIST                                                                    
->       7       0       0      -1                                 <-   00000001
->       8      12       3       3                                 <-   
ALIAS                                                                           
         4         4         4
*MAC*RES0001
->       8      12       2       1                                 <-   
AWR                                                                             
  1.08012176E+00
->       8      12       2       5                                 <-   
NWT0                                                                            
  3.94980282E-01  9.69128609E-01  1.70996994E-01  2.92125531E-03  1.47119101E-06
->       8      12       2       5                                 <-   
NTOT0                                                                           
  4.23705615E-02  6.49160668E-02  1.04331598E-01  1.25520587E-01  1.22462139E-01
->       8      12       2       5                                 <-   
NG                                                                              
  3.01833115E-05  7.54786815E-05  2.43147239E-04  4.43358760E-04  1.65925606E-03
->       8      12       2       5                                 <-   
N2N                                                                             
  5.40132805E-06  0.00000000E+00  0.00000000E+00  0.00000000E+00  0.00000000E+00
->       8      12       2       5                                 <-   
N3N                                                                             
  6.11992590E-09  0.00000000E+00  0.00000000E+00  0.00000000E+00  0.00000000E+00
->       8      12       2       5                                 <-   
NA                                                                              
  8.41598535E-07  2.11418258E-10  9.12173892E-10  7.60795538E-10  1.85187221E-09
->       8      12       2       5                                 <-   
NP                                                                              
  1.47841265E-05  1.73387400E-12  0.00000000E+00  0.00000000E+00  0.00000000E+00
->       8      12       2       5                                 <-   
N2A                                                                             
  2.98044451E-16  0.00000000E+00  0.00000000E+00  0.00000000E+00  0.00000000E+00
->       8      12       2       5                                 <-   
NNP                                                                             
  5.54080977E-08  0.00000000E+00  0.00000000E+00  0.00000000E+00  0.00000000E+00
->       8      12       2       5                                 <-   
ND                                                                              
  5.92228266E-09  0.00000000E+00  0.00000000E+00  0.00000000E+00  0.00000000E+00
->       8      12       2       5                                 <-   
NT                                                                              
  4.87830470E-11  0.00000000E+00  0.00000000E+00  0.00000000E+00  0.00000000E+00
->       8      12       2       5                                 <-   
H-FACTOR                                                                        
  3.54877457E-17  9.42279817E-17  3.23105694E-16  6.05329978E-16  2.12487278E-15
->       8      12       2       5                                 <-   
OVERV                                                                           
  7.36340544E-10  2.46215648E-09  1.11967093E-08  4.52555931E-08  3.41594358E-07
->       8      12       2       5                                 <-   
STRD                                                                            
  1.14915676E-01  2.00048238E-01  3.32366109E-01  3.87979656E-01  4.13898110E-01
->       8      12       2       5                                 <-   
SIGS00                                                                          
  4.23299372E-02  6.48405775E-02  1.04088433E-01  1.25077218E-01  1.20802917E-01
->       8      12       1       5                                 <-   
NJJS00                                                                          
         1         2         3         4         5
->       8      12       1       5                                 <-   
IJJS00                                                                          
         1         2         3         4         5
->       8      12       2      15                                 <-   
SCAT00                                                                          
  4.05854471E-02  6.46170378E-02  1.73426978E-03  1.03984810E-01  2.23492752E-04
  1.02230879E-05  1.25071779E-01  1.03625389E-04  2.31117099E-08  5.49791324E-09
  1.20802917E-01  5.43609576E-06  1.05916265E-09  1.46786023E-12  5.88838422E-11
->       8      12       2       5                                 <-   
SIGS01                                                                          
  1.01393489E-02  4.09747427E-03  1.22953416E-03  1.21184520E-03  1.16397627E-03
->       8      12       1       5                                 <-   
NJJS01                                                                          
         1         2         3         4         5
->       8      12       1       5                                 <-   
IJJS01                                                                          
         1         2         3         4         5
->       8      12       2      15                                 <-   
SCAT01                                                                          
  1.03772953E-02  4.15592501E-03 -2.38643843E-04  1.26269890E-03 -5.84447844E-05
  6.99162285E-07  1.21361343E-03 -3.31645497E-05 -6.03992500E-09 -5.68433522E-10
  1.16397627E-03 -1.76877063E-06 -1.71479511E-10 -3.31188283E-13  2.17349576E-13
->       8      12       1       2                                 <-   
SCAT-SAVED                                                                      
         1         1
->       8      12       2       8                                 <-   
LAMBDA-D                                                                        
  1.24666998E-02  2.82917004E-02  4.25244011E-02  1.33041993E-01  2.92467207E-01
  6.66487694E-01  1.63478100E+00  3.55460000E+00
->      -8       0       0       0                                 <-   
->       6      12       3       3                                 <-   
SIGNATURE                                                                       
         4         4         4
L_LIBRARY   
->       6      12       1      40                                 <-   
STATE-VECTOR                                                                    
         1         1         5         2         0         0         1         0
         0         0         0         0        12         1         0         0
         0         1         8         0         0         1         0         0
         0         0         0         0         0         0         0         0
         0         0         0         0         0         0         0         0
->       6      12       1       1                                 <-   
ISOTOPESMIX                                                                     
         1
->       6      12       3       3                                 <-   
ISOTOPESUSED                                                                    
         4         4         4
*MAC*RES    
->       6      12       3       3                                 <-   
ISOTOPERNAME                                                                    
         4         4         4
*MAC*RES    
->       6      12       2       1                                 <-   
ISOTOPESDENS                                                                    
  1.00000000E+00
->       6      12       1       1                                 <-   
ISOTOPESTYPE                                                                    
         1
->       6      12       1       1                                 <-   
ISOTOPESTODO                                                                    
         1
->       6      12       2       1                                 <-   
ISOTOPESVOL                                                                     
  2.34294758E+01
->       6      12       2       1                                 <-   
ISOTOPESTEMP                                                                    
  7.13160034E+02
->       6      12       2       1                                 <-   
MIXTURESVOL                                                                     
  2.34294758E+01
->       6      12       2       1                                 <-   
K-EFFECTIVE                                                                     
  1.00000000E+00
->       6      12       2       1                                 <-   
K-INFINITY                                                                      
  1.48890829E+00
->       6      12       2       1                                 <-   
B2  B1HOM                                                                       
  1.02234574E-03
->       6      12       3      24                                 <-   
ADDXSNAME-P0                                                                    
         4         4         4         4         4         4         4         4
         4         4         4         4         4         4         4         4
         4         4         4         4         4         4         4         4
NFTOT   NG      N2N     N3N     N4N     NA      NP      N2A     NNP     ND      
NT      TRANC   
->       6      12       2       6                                 <-   
ENERGY                                                                          
  1.96403300E+07  4.97870688E+05  1.50343896E+04  4.53999298E+02  2.26032906E+01
  1.10002802E-04
->       6      12       2       5                                 <-   
DELTAU                                                                          
  3.67499995E+00  3.50000000E+00  3.50000000E+00  3.00000024E+00  1.22330999E+01
->      -6       0       0       0                                 <-   
->       5       0       0      -1                                 <-   00000021
->       6      12      10       1                                 <-   
ISOTOPESLIST                                                                    
->       7       0       0      -1                                 <-   00000001
->       8      12       3       3                                 <-   
ALIAS                                                                           
         4         4         4
*MAC*RES0001
->       8      12       2       1                                 <-   
AWR                                                                             
  2.34967880E+01
->       8      12       2       5                                 <-   
NWT0                                                                            
  1.75822422E-01  6.50955915E-01  3.45139205E-01  8.45474526E-02  1.35706803E-02
->       8      12       2       5                                 <-   
NTOT0                                                                           
  7.05844641E-01  1.28345728E+00  1.77790928E+00  1.82816434E+00  1.77527678E+00
->       8      12       2       5                                 <-   
NG                                                                              
  4.15721792E-04  7.60374416E-04  3.28118680E-03  5.90599049E-03  1.19695934E-02
->       8      12       2       5                                 <-   
N2N                                                                             
  1.07034275E-05  0.00000000E+00  0.00000000E+00  0.00000000E+00  0.00000000E+00
->       8      12       2       5                                 <-   
N3N                                                                             
  1.30027216E-08  0.00000000E+00  0.00000000E+00  0.00000000E+00  0.00000000E+00
->       8      12       2       5                                 <-   
NA                                                                              
  1.43556019E-06  2.82410384E-09  1.20543158E-08  1.35695704E-08  5.01484365E-08
->       8      12       2       5                                 <-   
NP                                                                              
  6.00894855E-05  3.09596626E-10  0.00000000E+00  0.00000000E+00  0.00000000E+00
->       8      12       2       5                                 <-   
N2A                                                                             
  1.13449647E-16  0.00000000E+00  0.00000000E+00  0.00000000E+00  0.00000000E+00
->       8      12       2       5                                 <-   
NNP                                                                             
  4.91689498E-08  0.00000000E+00  0.00000000E+00  0.00000000E+00  0.00000000E+00
->       8      12       2       5                                 <-   
ND                                                                              
  4.26072644E-09  0.00000000E+00  0.00000000E+00  0.00000000E+00  0.00000000E+00
->       8      12       2       5                                 <-   
NT                                                                              
  6.83908624E-11  0.00000000E+00  0.00000000E+00  0.00000000E+00  0.00000000E+00
->       8      12       2       5                                 <-   
H-FACTOR                                                                        
  4.38215910E-16  9.50981889E-16  4.28797470E-15  8.18170892E-15  1.58559604E-14
->       8      12       2       5                                 <-   
OVERV                                                                           
  8.18752954E-10  2.61331490E-09  1.44038728E-08  6.60496582E-08  2.90835317E-07
->       8      12       2       5                                 <-   
STRD                                                                            
  7.04910815E-01  1.33484495E+00  1.86824119E+00  1.83712792E+00  1.75775552E+00
->       8      12       2       5                                 <-   
SIGS00                                                                          
  7.05376804E-01  1.28269684E+00  1.77462864E+00  1.82225871E+00  1.76330674E+00
->       8      12       1       5                                 <-   
NJJS00                                                                          
         1         2         3         4         5
->       8      12       1       5                                 <-   
IJJS00                                                                          
         1         2         3         4         5
->       8      12       2      15                                 <-   
SCAT00                                                                          
  6.87197506E-01  1.27557552E+00  1.81215610E-02  1.76918650E+00  7.12097762E-03
  5.77242645E-05  1.81795096E+00  5.44193666E-03  1.49067532E-07  5.25972013E-08
  1.76330674E+00  4.30756155E-03  3.40747874E-09  8.45801901E-12  6.93230473E-10
->       8      12       2       5                                 <-   
SIGS01                                                                          
  1.36264756E-01  6.74067512E-02  1.47753842E-02  1.21371672E-02  1.15305064E-02
->       8      12       1       5                                 <-   
NJJS01                                                                          
         1         2         3         4         5
->       8      12       1       5                                 <-   
IJJS01                                                                          
         1         2         3         4         5
->       8      12       2      15                                 <-   
SCAT01                                                                          
  1.39876291E-01  6.96134269E-02 -3.61546106E-03  1.65266860E-02 -2.20667175E-03
  3.94777226E-06  1.35437986E-02 -1.75130030E-03 -3.89624972E-08 -4.98678077E-09
  1.15305064E-02 -1.40663085E-03 -5.51674262E-10 -1.90903239E-12  4.95657543E-11
->       8      12       1       2                                 <-   
SCAT-SAVED                                                                      
         1         1
->       8      12       2       8                                 <-   
LAMBDA-D                                                                        
  1.24666998E-02  2.82917004E-02  4.25244011E-02  1.33041993E-01  2.92467207E-01
  6.66487694E-01  1.63478100E+00  3.55460000E+00
->      -8       0       0       0                                 <-   
->       6      12       3       3                                 <-   
SIGNATURE                                                                       
         4         4         4
L_LIBRARY   
->       6      12       1      40                                 <-   
STATE-VECTOR                                                                    
         1         1         5         2         0         0         1         0
         0         0         0         0        12         1         0         0
         0         1         8         0         0         1         0         0
         0         0         0         0         0         0         0         0
         0         0         0         0         0         0         0         0
->       6      12       1       1                                 <-   
ISOTOPESMIX                                                                     
         1
->       6      12       3       3                                 <-   
ISOTOPESUSED                                                                    
         4         4         4
*MAC*RES    
->       6      12       3       3                                 <-   
ISOTOPERNAME                                                                    
         4         4         4
*MAC*RES    
->       6      12       2       1                                 <-   
ISOTOPESDENS                                                                    
  1.00000000E+00
->       6      12       1       1                                 <-   
ISOTOPESTYPE                                                                    
         1
->       6      12       1       1                                 <-   
ISOTOPESTODO                                                                    
         1
->       6      12       2       1                                 <-   
ISOTOPESVOL                                                                     
  2.34294758E+01
->       6      12       2       1                                 <-   
ISOTOPESTEMP                                                                    
  7.13160034E+02
->       6      12       2       1                                 <-   
MIXTURESVOL                                                                     
  2.34294758E+01
->       6      12       2       1                                 <-   
K-EFFECTIVE                                                                     
  1.00000000E+00
->       6      12       2       1                                 <-   
K-INFINITY                                                                      
  1.13795555E+00
->       6      12       2       1                                 <-   
B2  B1HOM                                                                       
  2.94096139E-03
->       6      12       3      24                                 <-   
ADDXSNAME-P0                                                                    
         4         4         4         4         4         4         4         4
         4         4         4         4         4         4         4         4
         4         4         4         4         4         4         4         4
NFTOT   NG      N2N     N3N     N4N     NA      NP      N2A     NNP     ND      
NT      TRANC   
->       6      12       2       6                                 <-   
ENERGY                                                                          
  1.96403300E+07  4.97870688E+05  1.50343896E+04  4.53999298E+02  2.26032906E+01
  1.10002802E-04
->       6      12       2       5                                 <-   
DELTAU                                                                          
  3.67499995E+00  3.50000000E+00  3.50000000E+00  3.00000024E+00  1.22330999E+01
->      -6       0       0       0                                 <-   
->       5       0       0      -1                                 <-   00000022
->       6      12      10       1                                 <-   
ISOTOPESLIST                                                                    
->       7       0       0      -1                                 <-   00000001
->       8      12       3       3                                 <-   
ALIAS                                                                           
         4         4         4
*MAC*RES0001
->       8      12       2       1                                 <-   
AWR                                                                             
  3.62647462E+00
->       8      12       2       5                                 <-   
NWT0                                                                            
  2.96551287E-01  8.98885131E-01  2.41012707E-01  2.05172226E-02  8.38884851E-04
->       8      12       2       5                                 <-   
NTOT0                                                                           
  1.96242109E-01  3.10693651E-01  6.91851914E-01  7.42208183E-01  6.76590264E-01
->       8      12       2       5                                 <-   
NG                                                                              
  2.41477013E-04  6.69148401E-04  2.80734082E-03  5.20369783E-03  9.58649907E-03
->       8      12       2       5                                 <-   
N2N                                                                             
  2.74235163E-06  0.00000000E+00  0.00000000E+00  0.00000000E+00  0.00000000E+00
->       8      12       2       5                                 <-   
N3N                                                                             
  1.45683232E-09  0.00000000E+00  0.00000000E+00  0.00000000E+00  0.00000000E+00
->       8      12       2       5                                 <-   
NA                                                                              
  1.03824386E-05  2.78204304E-09  1.10489990E-08  5.29073230E-09  7.08872849E-10
->       8      12       2       5                                 <-   
NP                                                                              
  2.05313743E-04  3.02631725E-10  0.00000000E+00  0.00000000E+00  0.00000000E+00
->       8      12       2       5                                 <-   
N2A                                                                             
  1.17274803E-15  0.00000000E+00  0.00000000E+00  0.00000000E+00  0.00000000E+00
->       8      12       2       5                                 <-   
NNP                                                                             
  4.88711521E-07  0.00000000E+00  0.00000000E+00  0.00000000E+00  0.00000000E+00
->       8      12       2       5                                 <-   
ND                                                                              
  4.04132301E-08  0.00000000E+00  0.00000000E+00  0.00000000E+00  0.00000000E+00
->       8      12       2       5                                 <-   
NT                                                                              
  3.26648458E-10  0.00000000E+00  0.00000000E+00  0.00000000E+00  0.00000000E+00
->       8      12       2       5                                 <-   
H-FACTOR                                                                        
  3.12763078E-16  8.75878072E-16  3.70905944E-15  7.20791326E-15  1.26905017E-14
->       8      12       2       5                                 <-   
OVERV                                                                           
  7.68019870E-10  2.47365062E-09  1.28524018E-08  5.81786672E-08  2.32661407E-07
->       8      12       2       5                                 <-   
STRD                                                                            
  1.40503734E-01  2.43456975E-01  4.73478347E-01  6.12001002E-01  6.62859261E-01
->       8      12       2       5                                 <-   
SIGS00                                                                          
  1.95787102E-01  3.10024321E-01  6.89044774E-01  7.37004399E-01  6.67004049E-01
->       8      12       1       5                                 <-   
NJJS00                                                                          
         1         2         3         4         5
->       8      12       1       5                                 <-   
IJJS00                                                                          
         1         2         3         4         5
->       8      12       2      15                                 <-   
SCAT00                                                                          
  1.83372483E-01  3.06718022E-01  1.23480773E-02  6.87096775E-01  3.30630736E-03
  6.64671970E-05  7.35772252E-01  1.94785697E-03  8.47100878E-08  6.90974531E-08
  6.67004049E-01  1.23221381E-03  4.58104221E-09  9.70277331E-12  1.32714062E-09
->       8      12       2       5                                 <-   
SIGS01                                                                          
  4.30157147E-02  1.82353463E-02  9.43391025E-03  8.71581212E-03  7.90391956E-03
->       8      12       1       5                                 <-   
NJJS01                                                                          
         1         2         3         4         5
->       8      12       1       5                                 <-   
IJJS01                                                                          
         1         2         3         4         5
->       8      12       2      15                                 <-   
SCAT01                                                                          
  4.49591205E-02  1.92185827E-02 -1.94789818E-03  1.00521622E-02 -9.83212027E-04
  4.49562549E-06  9.11562890E-03 -6.18251972E-04 -2.19895835E-08 -5.76379700E-09
  7.90391956E-03 -3.99819226E-04 -7.41675388E-10 -2.21477437E-12  5.59502653E-11
->       8      12       1       2                                 <-   
SCAT-SAVED                                                                      
         1         1
->       8      12       2       8                                 <-   
LAMBDA-D                                                                        
  1.24666998E-02  2.82917004E-02  4.25244011E-02  1.33041993E-01  2.92467207E-01
  6.66487694E-01  1.63478100E+00  3.55460000E+00
->      -8       0       0       0                                 <-   
->       6      12       3       3                                 <-   
SIGNATURE                                                                       
         4         4         4
L_LIBRARY   
->       6      12       1      40                                 <-   
STATE-VECTOR                                                                    
         1         1         5         2         0         0         1         0
         0         0         0         0        12         1         0         0
         0         1         8         0         0         1         0         0
         0         0         0         0         0         0         0         0
         0         0         0         0         0         0         0         0
->       6      12       1       1                                 <-   
ISOTOPESMIX                                                                     
         1
->       6      12       3       3                                 <-   
ISOTOPESUSED                                                                    
         4         4         4
*MAC*RES    
->       6      12       3       3                                 <-   
ISOTOPERNAME                                                                    
         4         4         4
*MAC*RES    
->       6      12       2       1                                 <-   
ISOTOPESDENS                                                                    
  1.00000000E+00
->       6      12       1       1                                 <-   
ISOTOPESTYPE                                                                    
         1
->       6      12       1       1                                 <-   
ISOTOPESTODO                                                                    
         1
->       6      12       2       1                                 <-   
ISOTOPESVOL                                                                     
  2.34294758E+01
->       6      12       2       1                                 <-   
ISOTOPESTEMP                                                                    
  7.13160034E+02
->       6      12       2       1                                 <-   
MIXTURESVOL                                                                     
  2.34294758E+01
->       6      12       2       1                                 <-   
K-EFFECTIVE                                                                     
  1.00000000E+00
->       6      12       2       1                                 <-   
K-INFINITY                                                                      
  1.37351465E+00
->       6      12       2       1                                 <-   
B2  B1HOM                                                                       
  1.09716249E-03
->       6      12       3      24                                 <-   
ADDXSNAME-P0                                                                    
         4         4         4         4         4         4         4         4
         4         4         4         4         4         4         4         4
         4         4         4         4         4         4         4         4
NFTOT   NG      N2N     N3N     N4N     NA      NP      N2A     NNP     ND      
NT      TRANC   
->       6      12       2       6                                 <-   
ENERGY                                                                          
  1.96403300E+07  4.97870688E+05  1.50343896E+04  4.53999298E+02  2.26032906E+01
  1.10002802E-04
->       6      12       2       5                                 <-   
DELTAU                                                                          
  3.67499995E+00  3.50000000E+00  3.50000000E+00  3.00000024E+00  1.22330999E+01
->      -6       0       0       0                                 <-   
->       5       0       0      -1                                 <-   00000023
->       6      12      10       1                                 <-   
ISOTOPESLIST                                                                    
->       7       0       0      -1                                 <-   00000001
->       8      12       3       3                                 <-   
ALIAS                                                                           
         4         4         4
*MAC*RES0001
->       8      12       2       1                                 <-   
AWR                                                                             
  2.11350708E+01
->       8      12       2       5                                 <-   
NWT0                                                                            
  2.34278813E-01  7.08927393E-01  3.57302248E-01  6.09131977E-02  4.71021002E-03
->       8      12       2       5                                 <-   
NTOT0                                                                           
  5.75557709E-01  1.05850446E+00  1.29639852E+00  1.33197701E+00  1.31299102E+00
->       8      12       2       5                                 <-   
NG                                                                              
  2.26998178E-04  2.70871824E-04  9.53888637E-04  1.67626049E-03  3.25487601E-03
->       8      12       2       5                                 <-   
N2N                                                                             
  9.41680901E-06  0.00000000E+00  0.00000000E+00  0.00000000E+00  0.00000000E+00
->       8      12       2       5                                 <-   
N3N                                                                             
  1.14216689E-08  0.00000000E+00  0.00000000E+00  0.00000000E+00  0.00000000E+00
->       8      12       2       5                                 <-   
NA                                                                              
  3.22804425E-07  7.55686569E-10  3.24222582E-09  9.15852816E-09  4.55172433E-08
->       8      12       2       5                                 <-   
NP                                                                              
  1.49774505E-05  6.50228413E-11  0.00000000E+00  0.00000000E+00  0.00000000E+00
->       8      12       2       5                                 <-   
N2A                                                                             
  3.40893803E-17  0.00000000E+00  0.00000000E+00  0.00000000E+00  0.00000000E+00
->       8      12       2       5                                 <-   
NNP                                                                             
  1.14991412E-08  0.00000000E+00  0.00000000E+00  0.00000000E+00  0.00000000E+00
->       8      12       2       5                                 <-   
ND                                                                              
  1.17745580E-09  0.00000000E+00  0.00000000E+00  0.00000000E+00  0.00000000E+00
->       8      12       2       5                                 <-   
NT                                                                              
  3.96166711E-11  0.00000000E+00  0.00000000E+00  0.00000000E+00  0.00000000E+00
->       8      12       2       5                                 <-   
H-FACTOR                                                                        
  1.96951571E-16  3.07648984E-16  1.24379154E-15  2.32317653E-15  4.26250865E-15
->       8      12       2       5                                 <-   
OVERV                                                                           
  8.10609968E-10  2.64786171E-09  1.38107143E-08  6.09455029E-08  2.64851593E-07
->       8      12       2       5                                 <-   
STRD                                                                            
  6.80018067E-01  1.29657364E+00  1.74619091E+00  1.62175941E+00  1.41044378E+00
->       8      12       2       5                                 <-   
SIGS00                                                                          
  5.75323462E-01  1.05823374E+00  1.29544473E+00  1.33030045E+00  1.30973601E+00
->       8      12       1       5                                 <-   
NJJS00                                                                          
         1         2         3         4         5
->       8      12       1       5                                 <-   
IJJS00                                                                          
         1         2         3         4         5
->       8      12       2      15                                 <-   
SCAT00                                                                          
  5.67795753E-01  1.05435240E+00  7.50924088E-03  1.29304969E+00  3.88136576E-03
  1.84657674E-05  1.32886875E+00  2.39580590E-03  7.30796330E-08  1.55567701E-08
  1.30973601E+00  1.43168378E-03  1.28971522E-09  2.62445165E-12  1.79770088E-10
->       8      12       2       5                                 <-   
SIGS01                                                                          
  1.11191243E-01  5.45716844E-02  8.39706510E-03  6.28160918E-03  6.06682245E-03
->       8      12       1       5                                 <-   
NJJS01                                                                          
         1         2         3         4         5
->       8      12       1       5                                 <-   
IJJS01                                                                          
         1         2         3         4         5
->       8      12       2      15                                 <-   
SCAT01                                                                          
  1.12749979E-01  5.58015592E-02 -1.55999605E-03  9.17815696E-03 -1.22985023E-03
  1.21449102E-06  6.75187632E-03 -7.81091745E-04 -1.91487821E-08 -1.38139211E-09
  6.06682245E-03 -4.70267987E-04 -2.08806222E-10 -5.88339056E-13  1.25578992E-11
->       8      12       1       2                                 <-   
SCAT-SAVED                                                                      
         1         1
->       8      12       2       8                                 <-   
LAMBDA-D                                                                        
  1.24666998E-02  2.82917004E-02  4.25244011E-02  1.33041993E-01  2.92467207E-01
  6.66487694E-01  1.63478100E+00  3.55460000E+00
->      -8       0       0       0                                 <-   
->       6      12       3       3                                 <-   
SIGNATURE                                                                       
         4         4         4
L_LIBRARY   
->       6      12       1      40                                 <-   
STATE-VECTOR                                                                    
         1         1         5         2         0         0         1         0
         0         0         0         0        12         1         0         0
         0         1         8         0         0         1         0         0
         0         0         0         0         0         0         0         0
         0         0         0         0         0         0         0         0
->       6      12       1       1                                 <-   
ISOTOPESMIX                                                                     
         1
->       6      12       3       3                                 <-   
ISOTOPESUSED                                                                    
         4         4         4
*MAC*RES    
->       6      12       3       3                                 <-   
ISOTOPERNAME                                                                    
         4         4         4
*MAC*RES    
->       6      12       2       1                                 <-   
ISOTOPESDENS                                                                    
  1.00000000E+00
->       6      12       1       1                                 <-   
ISOTOPESTYPE                                                                    
         1
->       6      12       1       1                                 <-   
ISOTOPESTODO                                                                    
         1
->       6      12       2       1                                 <-   
ISOTOPESVOL                                                                     
  2.34294758E+01
->       6      12       2       1                                 <-   
ISOTOPESTEMP                                                                    
  7.13160034E+02
->       6      12       2       1                                 <-   
MIXTURESVOL                                                                     
  2.34294758E+01
->       6      12       2       1                                 <-   
K-EFFECTIVE                                                                     
  1.00000012E+00
->       6      12       2       1                                 <-   
K-INFINITY                                                                      
  1.19408703E+00
->       6      12       2       1                                 <-   
B2  B1HOM                                                                       
  3.65831517E-03
->       6      12       3      24                                 <-   
ADDXSNAME-P0                                                                    
         4         4         4         4         4         4         4         4
         4         4         4         4         4         4         4         4
         4         4         4         4         4         4         4         4
NFTOT   NG      N2N     N3N     N4N     NA      NP      N2A     NNP     ND      
NT      TRANC   
->       6      12       2       6                                 <-   
ENERGY                                                                          
  1.96403300E+07  4.97870688E+05  1.50343896E+04  4.53999298E+02  2.26032906E+01
  1.10002802E-04
->       6      12       2       5                                 <-   
DELTAU                                                                          
  3.67499995E+00  3.50000000E+00  3.50000000E+00  3.00000024E+00  1.22330999E+01
->      -6       0       0       0                                 <-   
->       5       0       0      -1                                 <-   00000024
->       6      12      10       1                                 <-   
ISOTOPESLIST                                                                    
->       7       0       0      -1                                 <-   00000001
->       8      12       3       3                                 <-   
ALIAS                                                                           
         4         4         4
*MAC*RES0001
->       8      12       2       1                                 <-   
AWR                                                                             
  1.26475883E+00
->       8      12       2       5                                 <-   
NWT0                                                                            
  3.74831706E-01  9.56564367E-01  1.88445032E-01  4.52421000E-03  6.89527178E-06
->       8      12       2       5                                 <-   
NTOT0                                                                           
  6.48994967E-02  9.93043482E-02  2.07563221E-01  2.43185431E-01  2.16215074E-01
->       8      12       2       5                                 <-   
NG                                                                              
  6.95689887E-05  1.94471519E-04  6.80893310E-04  1.38879556E-03  2.58833147E-03
->       8      12       2       5                                 <-   
N2N                                                                             
  2.27324472E-06  0.00000000E+00  0.00000000E+00  0.00000000E+00  0.00000000E+00
->       8      12       2       5                                 <-   
N3N                                                                             
  1.90480498E-09  0.00000000E+00  0.00000000E+00  0.00000000E+00  0.00000000E+00
->       8      12       2       5                                 <-   
NA                                                                              
  3.70627868E-06  7.35225325E-10  2.78194934E-09  1.89395188E-09  4.71699457E-10
->       8      12       2       5                                 <-   
NP                                                                              
  6.86882413E-05  6.32554426E-11  0.00000000E+00  0.00000000E+00  0.00000000E+00
->       8      12       2       5                                 <-   
N2A                                                                             
  5.55543393E-16  0.00000000E+00  0.00000000E+00  0.00000000E+00  0.00000000E+00
->       8      12       2       5                                 <-   
NNP                                                                             
  1.82439294E-07  0.00000000E+00  0.00000000E+00  0.00000000E+00  0.00000000E+00
->       8      12       2       5                                 <-   
ND                                                                              
  1.61021738E-08  0.00000000E+00  0.00000000E+00  0.00000000E+00  0.00000000E+00
->       8      12       2       5                                 <-   
NT                                                                              
  1.20379623E-10  0.00000000E+00  0.00000000E+00  0.00000000E+00  0.00000000E+00
->       8      12       2       5                                 <-   
H-FACTOR                                                                        
  8.87254968E-17  2.51799178E-16  9.10060139E-16  1.94435079E-15  3.39158938E-15
->       8      12       2       5                                 <-   
OVERV                                                                           
  7.43144879E-10  2.45261966E-09  1.14880088E-08  4.75283173E-08  2.11187100E-07
->       8      12       2       5                                 <-   
STRD                                                                            
  1.19218960E-01  2.05220684E-01  3.51605147E-01  4.06815201E-01  4.06852394E-01
->       8      12       2       5                                 <-   
SIGS00                                                                          
  6.47595525E-02  9.91098508E-02  2.06882313E-01  2.41796628E-01  2.13626802E-01
->       8      12       1       5                                 <-   
NJJS00                                                                          
         1         2         3         4         5
->       8      12       1       5                                 <-   
IJJS00                                                                          
         1         2         3         4         5
->       8      12       2      15                                 <-   
SCAT00                                                                          
  6.09911457E-02  9.81726497E-02  3.74711794E-03  2.06599027E-01  9.37154400E-04
  2.12537725E-05  2.41764978E-01  2.83284462E-04  3.50585765E-08  1.99963921E-08
  2.13626802E-01  3.16085207E-05  2.09480677E-09  3.19094837E-12  3.85448479E-10
->       8      12       2       5                                 <-   
SIGS01                                                                          
  1.50729520E-02  6.13927096E-03  2.83383275E-03  2.81172385E-03  2.47276132E-03
->       8      12       1       5                                 <-   
NJJS01                                                                          
         1         2         3         4         5
->       8      12       1       5                                 <-   
IJJS01                                                                          
         1         2         3         4         5
->       8      12       2      15                                 <-   
SCAT01                                                                          
  1.56202428E-02  6.41412102E-03 -5.48717275E-04  2.92386580E-03 -2.74839869E-04
  1.42678039E-06  2.82198656E-03 -9.00327213E-05 -9.12987730E-09 -1.72447645E-09
  2.47276132E-03 -1.02623135E-05 -3.39151374E-10 -7.24409194E-13  1.28289887E-11
->       8      12       1       2                                 <-   
SCAT-SAVED                                                                      
         1         1
->       8      12       2       8                                 <-   
LAMBDA-D                                                                        
  1.24666998E-02  2.82917004E-02  4.25244011E-02  1.33041993E-01  2.92467207E-01
  6.66487694E-01  1.63478100E+00  3.55460000E+00
->      -8       0       0       0                                 <-   
->       6      12       3       3                                 <-   
SIGNATURE                                                                       
         4         4         4
L_LIBRARY   
->       6      12       1      40                                 <-   
STATE-VECTOR                                                                    
         1         1         5         2         0         0         1         0
         0         0         0         0        12         1         0         0
         0         1         8         0         0         1         0         0
         0         0         0         0         0         0         0         0
         0         0         0         0         0         0         0         0
->       6      12       1       1                                 <-   
ISOTOPESMIX                                                                     
         1
->       6      12       3       3                                 <-   
ISOTOPESUSED                                                                    
         4         4         4
*MAC*RES    
->       6      12       3       3                                 <-   
ISOTOPERNAME                                                                    
         4         4         4
*MAC*RES    
->       6      12       2       1                                 <-   
ISOTOPESDENS                                                                    
  1.00000000E+00
->       6      12       1       1                                 <-   
ISOTOPESTYPE                                                                    
         1
->       6      12       1       1                                 <-   
ISOTOPESTODO                                                                    
         1
->       6      12       2       1                                 <-   
ISOTOPESVOL                                                                     
  2.34294758E+01
->       6      12       2       1                                 <-   
ISOTOPESTEMP                                                                    
  7.13160034E+02
->       6      12       2       1                                 <-   
MIXTURESVOL                                                                     
  2.34294758E+01
->       6      12       2       1                                 <-   
K-EFFECTIVE                                                                     
  1.00000000E+00
->       6      12       2       1                                 <-   
K-INFINITY                                                                      
  1.46333051E+00
->       6      12       2       1                                 <-   
B2  B1HOM                                                                       
  1.02928060E-03
->       6      12       3      24                                 <-   
ADDXSNAME-P0                                                                    
         4         4         4         4         4         4         4         4
         4         4         4         4         4         4         4         4
         4         4         4         4         4         4         4         4
NFTOT   NG      N2N     N3N     N4N     NA      NP      N2A     NNP     ND      
NT      TRANC   
->       6      12       2       6                                 <-   
ENERGY                                                                          
  1.96403300E+07  4.97870688E+05  1.50343896E+04  4.53999298E+02  2.26032906E+01
  1.10002802E-04
->       6      12       2       5                                 <-   
DELTAU                                                                          
  3.67499995E+00  3.50000000E+00  3.50000000E+00  3.00000024E+00  1.22330999E+01
->      -6       0       0       0                                 <-   
->       5       0       0      -1                                 <-   00000025
->       6      12      10       1                                 <-   
ISOTOPESLIST                                                                    
->       7       0       0      -1                                 <-   00000001
->       8      12       3       3                                 <-   
ALIAS                                                                           
         4         4         4
*MAC*RES0001
->       8      12       2       1                                 <-   
AWR                                                                             
  2.33452759E+01
->       8      12       2       5                                 <-   
NWT0                                                                            
  1.78655222E-01  6.54709756E-01  3.46422762E-01  8.34998637E-02  1.30346753E-02
->       8      12       2       5                                 <-   
NTOT0                                                                           
  6.97480500E-01  1.26906717E+00  1.74724102E+00  1.79689693E+00  1.74560010E+00
->       8      12       2       5                                 <-   
NG                                                                              
  4.03781713E-04  7.29042280E-04  3.12808668E-03  5.65698836E-03  1.13928467E-02
->       8      12       2       5                                 <-   
N2N                                                                             
  1.06345224E-05  0.00000000E+00  0.00000000E+00  0.00000000E+00  0.00000000E+00
->       8      12       2       5                                 <-   
N3N                                                                             
  1.29192408E-08  0.00000000E+00  0.00000000E+00  0.00000000E+00  0.00000000E+00
->       8      12       2       5                                 <-   
NA                                                                              
  1.36208371E-06  2.69156253E-09  1.14799912E-08  1.33280249E-08  4.99696498E-08
->       8      12       2       5                                 <-   
NP                                                                              
  5.72913705E-05  2.94728936E-10  0.00000000E+00  0.00000000E+00  0.00000000E+00
->       8      12       2       5                                 <-   
N2A                                                                             
  1.07971071E-16  0.00000000E+00  0.00000000E+00  0.00000000E+00  0.00000000E+00
->       8      12       2       5                                 <-   
NNP                                                                             
  4.65702215E-08  0.00000000E+00  0.00000000E+00  0.00000000E+00  0.00000000E+00
->       8      12       2       5                                 <-   
ND                                                                              
  4.04874045E-09  0.00000000E+00  0.00000000E+00  0.00000000E+00  0.00000000E+00
->       8      12       2       5                                 <-   
NT                                                                              
  6.64725774E-11  0.00000000E+00  0.00000000E+00  0.00000000E+00  0.00000000E+00
->       8      12       2       5                                 <-   
H-FACTOR                                                                        
  4.22820451E-16  9.09704703E-16  4.08790001E-15  7.82987600E-15  1.50883656E-14
->       8      12       2       5                                 <-   
OVERV                                                                           
  8.18408452E-10  2.61370459E-09  1.43785206E-08  6.58255246E-08  2.89855734E-07
->       8      12       2       5                                 <-   
STRD                                                                            
  7.03603446E-01  1.33202600E+00  1.86024380E+00  1.82108212E+00  1.73453784E+00
->       8      12       2       5                                 <-   
SIGS00                                                                          
  6.97027445E-01  1.26833808E+00  1.74411285E+00  1.79123986E+00  1.73420751E+00
->       8      12       1       5                                 <-   
NJJS00                                                                          
         1         2         3         4         5
->       8      12       1       5                                 <-   
IJJS00                                                                          
         1         2         3         4         5
->       8      12       2      15                                 <-   
SCAT00                                                                          
  6.79520607E-01  1.26141727E+00  1.74516980E-02  1.73887575E+00  6.92058913E-03
  5.51300654E-05  1.78713596E+00  5.23704989E-03  1.44523881E-07  5.03014057E-08
  1.73420751E+00  4.10379795E-03  3.27855787E-09  8.08276623E-12  6.61778576E-10
->       8      12       2       5                                 <-   
SIGS01                                                                          
  1.34635821E-01  6.66276067E-02  1.43670915E-02  1.17671732E-02  1.11802416E-02
->       8      12       1       5                                 <-   
NJJS01                                                                          
         1         2         3         4         5
->       8      12       1       5                                 <-   
IJJS01                                                                          
         1         2         3         4         5
->       8      12       2      15                                 <-   
SCAT01                                                                          
  1.38117462E-01  6.87739253E-02 -3.48540675E-03  1.60532258E-02 -2.14628875E-03
  3.76666412E-06  1.31075401E-02 -1.68613228E-03 -3.77786762E-08 -4.75683937E-09
  1.11802416E-02 -1.34036876E-03 -5.30801847E-10 -1.82374081E-12  4.74060478E-11
->       8      12       1       2                                 <-   
SCAT-SAVED                                                                      
         1         1
->       8      12       2       8                                 <-   
LAMBDA-D                                                                        
  1.24666998E-02  2.82917004E-02  4.25244011E-02  1.33041993E-01  2.92467207E-01
  6.66487694E-01  1.63478100E+00  3.55460000E+00
->      -8       0       0       0                                 <-   
->       6      12       3       3                                 <-   
SIGNATURE                                                                       
         4         4         4
L_LIBRARY   
->       6      12       1      40                                 <-   
STATE-VECTOR                                                                    
         1         1         5         2         0         0         1         0
         0         0         0         0        12         1         0         0
         0         1         8         0         0         1         0         0
         0         0         0         0         0         0         0         0
         0         0         0         0         0         0         0         0
->       6      12       1       1                                 <-   
ISOTOPESMIX                                                                     
         1
->       6      12       3       3                                 <-   
ISOTOPESUSED                                                                    
         4         4         4
*MAC*RES    
->       6      12       3       3                                 <-   
ISOTOPERNAME                                                                    
         4         4         4
*MAC*RES    
->       6      12       2       1                                 <-   
ISOTOPESDENS                                                                    
  1.00000000E+00
->       6      12       1       1                                 <-   
ISOTOPESTYPE                                                                    
         1
->       6      12       1       1                                 <-   
ISOTOPESTODO                                                                    
         1
->       6      12       2       1                                 <-   
ISOTOPESVOL                                                                     
  2.34294758E+01
->       6      12       2       1                                 <-   
ISOTOPESTEMP                                                                    
  7.13160034E+02
->       6      12       2       1                                 <-   
MIXTURESVOL                                                                     
  2.34294758E+01
->       6      12       2       1                                 <-   
K-EFFECTIVE                                                                     
  1.00000000E+00
->       6      12       2       1                                 <-   
K-INFINITY                                                                      
  1.14134157E+00
->       6      12       2       1                                 <-   
B2  B1HOM                                                                       
  2.99140904E-03
->       6      12       3      24                                 <-   
ADDXSNAME-P0                                                                    
         4         4         4         4         4         4         4         4
         4         4         4         4         4         4         4         4
         4         4         4         4         4         4         4         4
NFTOT   NG      N2N     N3N     N4N     NA      NP      N2A     NNP     ND      
NT      TRANC   
->       6      12       2       6                                 <-   
ENERGY                                                                          
  1.96403300E+07  4.97870688E+05  1.50343896E+04  4.53999298E+02  2.26032906E+01
  1.10002802E-04
->       6      12       2       5                                 <-   
DELTAU                                                                          
  3.67499995E+00  3.50000000E+00  3.50000000E+00  3.00000024E+00  1.22330999E+01
->      -6       0       0       0                                 <-   
->       5       0       0      -1                                 <-   00000026
->       6      12      10       1                                 <-   
ISOTOPESLIST                                                                    
->       7       0       0      -1                                 <-   00000001
->       8      12       3       3                                 <-   
ALIAS                                                                           
         4         4         4
*MAC*RES0001
->       8      12       2       1                                 <-   
AWR                                                                             
  3.47496486E+00
->       8      12       2       5                                 <-   
NWT0                                                                            
  3.00980479E-01  9.02888000E-01  2.38528654E-01  1.91076864E-02  6.96308911E-04
->       8      12       2       5                                 <-   
NTOT0                                                                           
  1.87849358E-01  2.97066391E-01  6.61112428E-01  7.11248994E-01  6.46950603E-01
->       8      12       2       5                                 <-   
NG                                                                              
  2.30305610E-04  6.38512138E-04  2.65848613E-03  4.96140216E-03  9.04698670E-03
->       8      12       2       5                                 <-   
N2N                                                                             
  2.71286081E-06  0.00000000E+00  0.00000000E+00  0.00000000E+00  0.00000000E+00
->       8      12       2       5                                 <-   
N3N                                                                             
  1.46930068E-09  0.00000000E+00  0.00000000E+00  0.00000000E+00  0.00000000E+00
->       8      12       2       5                                 <-   
NA                                                                              
  1.00565148E-05  2.65054423E-09  1.04896376E-08  5.11112574E-09  6.93452185E-10
->       8      12       2       5                                 <-   
NP                                                                              
  1.98386479E-04  2.87882412E-10  0.00000000E+00  0.00000000E+00  0.00000000E+00
->       8      12       2       5                                 <-   
N2A                                                                             
  1.14112670E-15  0.00000000E+00  0.00000000E+00  0.00000000E+00  0.00000000E+00
->       8      12       2       5                                 <-   
NNP                                                                             
  4.73467992E-07  0.00000000E+00  0.00000000E+00  0.00000000E+00  0.00000000E+00
->       8      12       2       5                                 <-   
ND                                                                              
  3.92046537E-08  0.00000000E+00  0.00000000E+00  0.00000000E+00  0.00000000E+00
->       8      12       2       5                                 <-   
NT                                                                              
  3.16251553E-10  0.00000000E+00  0.00000000E+00  0.00000000E+00  0.00000000E+00
->       8      12       2       5                                 <-   
H-FACTOR                                                                        
  2.98164941E-16  8.35527858E-16  3.51412180E-15  6.86795828E-15  1.19732503E-14
->       8      12       2       5                                 <-   
OVERV                                                                           
  7.66801012E-10  2.47171172E-09  1.27820616E-08  5.75910590E-08  2.29903108E-07
->       8      12       2       5                                 <-   
STRD                                                                            
  1.39300510E-01  2.41012543E-01  4.64924812E-01  5.94884336E-01  6.41586602E-01
->       8      12       2       5                                 <-   
SIGS00                                                                          
  1.87412739E-01  2.96427786E-01  6.58453941E-01  7.06287503E-01  6.37903750E-01
->       8      12       1       5                                 <-   
NJJS00                                                                          
         1         2         3         4         5
->       8      12       1       5                                 <-   
IJJS00                                                                          
         1         2         3         4         5
->       8      12       2      15                                 <-   
SCAT00                                                                          
  1.75568208E-01  2.93277204E-01  1.17809223E-02  6.56655729E-01  3.15049966E-03
  6.35216784E-05  7.05201387E-01  1.79822603E-03  8.13064389E-08  6.62297737E-08
  6.37903750E-01  1.08632806E-03  4.44493775E-09  9.29686536E-12  1.27610456E-09
->       8      12       2       5                                 <-   
SIGS01                                                                          
  4.12663035E-02  1.74670201E-02  9.01759043E-03  8.34953506E-03  7.55456463E-03
->       8      12       1       5                                 <-   
NJJS01                                                                          
         1         2         3         4         5
->       8      12       1       5                                 <-   
IJJS01                                                                          
         1         2         3         4         5
->       8      12       2      15                                 <-   
SCAT01                                                                          
  4.31136340E-02  1.84037108E-02 -1.85161829E-03  9.58836637E-03 -9.36669938E-04
  4.29265219E-06  8.70202295E-03 -5.70773613E-04 -2.11068247E-08 -5.50993784E-09
  7.55456463E-03 -3.52488481E-04 -7.19639959E-10 -2.12180534E-12  5.35137247E-11
->       8      12       1       2                                 <-   
SCAT-SAVED                                                                      
         1         1
->       8      12       2       8                                 <-   
LAMBDA-D                                                                        
  1.24666998E-02  2.82917004E-02  4.25244011E-02  1.33041993E-01  2.92467207E-01
  6.66487694E-01  1.63478100E+00  3.55460000E+00
->      -8       0       0       0                                 <-   
->       6      12       3       3                                 <-   
SIGNATURE                                                                       
         4         4         4
L_LIBRARY   
->       6      12       1      40                                 <-   
STATE-VECTOR                                                                    
         1         1         5         2         0         0         1         0
         0         0         0         0        12         1         0         0
         0         1         8         0         0         1         0         0
         0         0         0         0         0         0         0         0
         0         0         0         0         0         0         0         0
->       6      12       1       1                                 <-   
ISOTOPESMIX                                                                     
         1
->       6      12       3       3                                 <-   
ISOTOPESUSED                                                                    
         4         4         4
*MAC*RES    
->       6      12       3       3                                 <-   
ISOTOPERNAME                                                                    
         4         4         4
*MAC*RES    
->       6      12       2       1                                 <-   
ISOTOPESDENS                                                                    
  1.00000000E+00
->       6      12       1       1                                 <-   
ISOTOPESTYPE                                                                    
         1
->       6      12       1       1                                 <-   
ISOTOPESTODO                                                                    
         1
->       6      12       2       1                                 <-   
ISOTOPESVOL                                                                     
  2.34294758E+01
->       6      12       2       1                                 <-   
ISOTOPESTEMP                                                                    
  7.13160034E+02
->       6      12       2       1                                 <-   
MIXTURESVOL                                                                     
  2.34294758E+01
->       6      12       2       1                                 <-   
K-EFFECTIVE                                                                     
  1.00000000E+00
->       6      12       2       1                                 <-   
K-INFINITY                                                                      
  1.37874091E+00
->       6      12       2       1                                 <-   
B2  B1HOM                                                                       
  1.09469425E-03
->       6      12       3      24                                 <-   
ADDXSNAME-P0                                                                    
         4         4         4         4         4         4         4         4
         4         4         4         4         4         4         4         4
         4         4         4         4         4         4         4         4
NFTOT   NG      N2N     N3N     N4N     NA      NP      N2A     NNP     ND      
NT      TRANC   
->       6      12       2       6                                 <-   
ENERGY                                                                          
  1.96403300E+07  4.97870688E+05  1.50343896E+04  4.53999298E+02  2.26032906E+01
  1.10002802E-04
->       6      12       2       5                                 <-   
DELTAU                                                                          
  3.67499995E+00  3.50000000E+00  3.50000000E+00  3.00000024E+00  1.22330999E+01
->      -6       0       0       0                                 <-   
->       5       0      99       0                                 <-   00000027
->       5       0      99       0                                 <-   00000028
->       5       0      99       0                                 <-   00000029
->       5       0      99       0                                 <-   00000030
->       5       0      99       0                                 <-   00000031
->       5       0      99       0                                 <-   00000032
->       5       0      99       0                                 <-   00000033
->       5       0      99       0                                 <-   00000034
->       5       0      99       0                                 <-   00000035
->       4      12       0      -1                                 <-   
TREE                                                                            
->       5      12       1       2                                 <-   
NVP                                                                             
        30        80
->       5      12       1       1                                 <-   
NCALS                                                                           
        26
->       5      12       1      31                                 <-   
DEBARB                                                                          
         2         3         5        18        31         2         4         6
         8        10        12        14        16        18        20        22
        24        26         1         3         5         7         9        11
        13        15        17        19        21        23        25
->       5      12       1      30                                 <-   
ARBVAL                                                                          
         0         1         1         2         1         2         3         4
         5         6         7         8         9        10        11        12
        13         1         2         3         4         5         6         7
         8         9        10        11        12        13
->       5      12       1      35                                 <-   
ORIGIN                                                                          
         0         1         2         3         4         5         6         7
         8         9        10        11        12        13        14        15
        16        17        18        19        20        21        22        23
        24        25         0         0         0         0         0         0
         0         0         0
->      -5       0       0       0                                 <-   
->      -4       0       0       0                                 <-   
->      -2       0       0       0                                 <-   
->      -1       0       0       0                                 <-   
